------------------------------------------------
College Student: I'm thinking about a Major in Humanities, but I'm not sure about the job prospects.
[37m 	 name=None, interest_area=Humanities, job_prospects=None, course_load=None, practical_component=None, advanced_study=None, flexibility=None, duration=None, location_preference=None, tuition_budget=None [0m
Academic Advisor: Humanities majors generally have medium to low job prospects; are you open to exploring specific areas within Humanities?
College Student: Yes, I'm open to specific areas within Humanities. What do you suggest?
[37m 	 name=None, interest_area=Humanities, job_prospects=Medium, course_load=None, practical_component=None, advanced_study=None, flexibility=None, duration=None, location_preference=None, tuition_budget=None [0m
Academic Advisor: You might consider History or Philosophy; both have flexible structures and moderate course loads. Would you like to know more about one of them?
College Student: Sure, tell me more about the Philosophy Major.
[37m 	 name=Philosophy, interest_area=Humanities, job_prospects=Medium, course_load=Moderate, practical_component=None, advanced_study=None, flexibility=Flexible, duration=None, location_preference=None, tuition_budget=None [0m
Academic Advisor: Philosophy has low job prospects, a light course load, and no practical component; it also offers flexibility and costs about $11,000. Does that sound good?
College Student: That sounds good, but I'm curious about the advanced study requirements.
[37m 	 name=Philosophy, interest_area=Humanities, job_prospects=Low, course_load=Light, practical_component=False, advanced_study=Not Required, flexibility=Flexible, duration=None, location_preference=None, tuition_budget=11000.0 [0m
Academic Advisor: Advanced study in Philosophy is optional; you can choose to pursue it or enter the workforce directly. Interested in moving forward with this major?
College Student: Yes, I think Philosophy would be a great fit for me!
[37m 	 name=Philosophy, interest_area=Humanities, job_prospects=Low, course_load=Light, practical_component=False, advanced_study=Optional, flexibility=Flexible, duration=None, location_preference=None, tuition_budget=11000.0 [0m
Academic Advisor: Great choice! Philosophy is a fascinating field. Best of luck with your studies!
------------------------------------------------
College Student: Thanks! I also need help finding a Course. Can we look for something specific?
[37m 	 name=Philosophy, relevance=Medium, difficulty=Easy, format=None, duration=None, credits=None, instructor=None, schedule_conflict=None, prerequisites_met=None, cost=11000, location=None [0m
Academic Advisor: Of course! What specific characteristics or topics are you looking for in a Course?
College Student: I'm looking for a Course called "Aesthetic Theory."
[37m 	 name=Aesthetic Theory, relevance=None, difficulty=None, format=None, duration=None, credits=None, instructor=None, schedule_conflict=None, prerequisites_met=None, cost=11000, location=None [0m
Academic Advisor: I found "Aesthetic Theory," but it has low relevance and is moderate in difficulty. Would you like to know more about it?
College Student: Yes, please tell me more about the Course details.
[37m 	 name=Aesthetic Theory, relevance=Low, difficulty=Moderate, format=None, duration=None, credits=None, instructor=None, schedule_conflict=None, prerequisites_met=None, cost=None, location=None [0m
Academic Advisor: "Aesthetic Theory" is an online course, lasts 6 weeks, offers 3 credits, costs $250, and is taught by Dr. White. Interested in enrolling?
College Student: That sounds perfect! I'm definitely interested in enrolling.
[37m 	 name=Aesthetic Theory, relevance=Low, difficulty=Moderate, format=Online, duration=6, credits=3, instructor=Dr. White, schedule_conflict=None, prerequisites_met=None, cost=250, location=None [0m
Academic Advisor: Awesome! I’ll help you get started with the enrollment process. Good luck with "Aesthetic Theory"!
------------------------------------------------
College Student: Thanks! Now, can we find a Section for "Postmodern Theory"?
[37m 	 name=Postmodern Theory, time=None, location=None, size=None, mode_of_delivery=None, instructor_preference=None, day_of_week=None, level=None, subject=None [0m
Academic Advisor: Sure! What specific preferences do you have for the "Postmodern Theory" section, like time or delivery mode?
College Student: I'm looking for it to be online and in a hybrid format.
[37m 	 name=Postmodern Theory, time=None, location=None, size=None, mode_of_delivery=hybrid, instructor_preference=None, day_of_week=None, level=None, subject=None [0m
Academic Advisor: The "Postmodern Theory" section is offered online, but not in a hybrid format. Would you like to consider just the online option?
College Student: Yes, the online option works for me! What about the timing?
[37m 	 name=Postmodern Theory, time=None, location=None, size=None, mode_of_delivery=online, instructor_preference=None, day_of_week=None, level=None, subject=None [0m
Academic Advisor: The "Postmodern Theory" section is scheduled for Fridays from 4:00 PM to 5:30 PM. Does that fit your schedule?
College Student: Yes, that fits perfectly! What about the instructor?
[37m 	 name=Postmodern Theory, time=4:00 PM - 5:30 PM, location=None, size=None, mode_of_delivery=online, instructor_preference=None, day_of_week=Friday, level=None, subject=None [0m
Academic Advisor: The instructor for "Postmodern Theory" is Dr. Black. Are you okay with that?
College Student: Yes, I prefer Dr. Black! Is there a size limit for the section?
[37m 	 name=Postmodern Theory, time=4:00 PM - 5:30 PM, location=None, size=None, mode_of_delivery=online, instructor_preference=Dr. Black, day_of_week=Friday, level=None, subject=None [0m
Academic Advisor: Yes, the section size limit is 15 students. Would you like to proceed with enrolling in "Postmodern Theory"?
College Student: Yes, let's proceed with the enrollment in "Postmodern Theory"!
[37m 	 name=Postmodern Theory, time=4:00 PM - 5:30 PM, location=None, size=15, mode_of_delivery=online, instructor_preference=Dr. Black, day_of_week=Friday, level=None, subject=None [0m
Academic Advisor: Great choice! I’ll help you with the enrollment process for "Postmodern Theory" with Dr. Black. Good luck!
------------------------------------------------
College Student: I'm interested in a Science Major with light course load and medium job prospects.
[37m 	 name=None, interest_area=Science, job_prospects=Medium, course_load=Light, practical_component=None, advanced_study=None, flexibility=None, duration=None, location_preference=None, tuition_budget=None [0m
Academic Advisor: How about Computer Science? It has a moderate course load and high job prospects, but let me know if you want to explore more options!
College Student: Computer Science sounds interesting, but I'm looking for something with a light course load. Any other suggestions?
[37m 	 name=None, interest_area=Science, job_prospects=Medium, course_load=Light, practical_component=None, advanced_study=None, flexibility=None, duration=None, location_preference=None, tuition_budget=None [0m
Academic Advisor: You might consider Healthcare Administration; it has a light course load and medium job prospects. Would that work for you?
College Student: Yes, Healthcare Administration sounds great! Does it have a practical component?
[37m 	 name=Healthcare Administration, interest_area=Science, job_prospects=Medium, course_load=Light, practical_component=None, advanced_study=None, flexibility=None, duration=None, location_preference=None, tuition_budget=None [0m
Academic Advisor: No, Healthcare Administration doesn't have a practical component. Are you okay with that?
College Student: Yes, that works for me! What about the duration of the program?
[37m 	 name=Healthcare Administration, interest_area=Science, job_prospects=Medium, course_load=Light, practical_component=False, advanced_study=None, flexibility=None, duration=None, location_preference=None, tuition_budget=None [0m
Academic Advisor: The duration for Healthcare Administration is four years. Does that fit your plans?
College Student: Yes, four years is perfect! What about the location?
[37m 	 name=Healthcare Administration, interest_area=Science, job_prospects=Medium, course_load=Light, practical_component=False, advanced_study=None, flexibility=None, duration=4, location_preference=None, tuition_budget=None [0m
Academic Advisor: It's offered at the Health Campus. Does that location work for you?
College Student: Yes, the Health Campus is ideal! What about the tuition fees?
[37m 	 name=Healthcare Administration, interest_area=Science, job_prospects=Medium, course_load=Light, practical_component=False, advanced_study=None, flexibility=None, duration=4, location_preference=Health Campus, tuition_budget=None [0m
Academic Advisor: The tuition fees for Healthcare Administration are $24,000. Does that fit your budget?
College Student: Yes, that fits my budget perfectly! I think I've found my Major!
[37m 	 name=Healthcare Administration, interest_area=Science, job_prospects=Medium, course_load=Light, practical_component=False, advanced_study=None, flexibility=None, duration=4, location_preference=Health Campus, tuition_budget=24000.0 [0m
Academic Advisor: That's fantastic! You've chosen Healthcare Administration. Best of luck with your studies!
------------------------------------------------
College Student: Thanks! Now, could you help me find a suitable Course?
[37m 	 name=Healthcare Administration, relevance=High, difficulty=Easy, format=None, duration=208, credits=None, instructor=None, schedule_conflict=None, prerequisites_met=None, cost=24000.0, location=Health Campus [0m
Academic Advisor: Sure! What specific characteristics are you looking for in a course?
College Student: I'm looking for a course with high relevance to my major and a moderate difficulty level.
[37m 	 name=None, relevance=High, difficulty=Moderate, format=None, duration=None, credits=None, instructor=None, schedule_conflict=None, prerequisites_met=None, cost=None, location=None [0m
Academic Advisor: Got it! How about "Health Policy and Ethics"? It has high relevance and moderate difficulty. Does that sound good?
College Student: Yes, that sounds great! What format is the course offered in?
[37m 	 name=Health Policy and Ethics, relevance=High, difficulty=Moderate, format=None, duration=None, credits=None, instructor=None, schedule_conflict=None, prerequisites_met=None, cost=None, location=None [0m
Academic Advisor: "Health Policy and Ethics" is offered in a hybrid format. Does that work for you?
College Student: Yes, hybrid format works perfectly! How long is the course?
[37m 	 name=Health Policy and Ethics, relevance=High, difficulty=Moderate, format=Hybrid, duration=None, credits=None, instructor=None, schedule_conflict=None, prerequisites_met=None, cost=None, location=Health Campus [0m
Academic Advisor: The course duration is 12 weeks. Does that fit your schedule?
College Student: Yes, 12 weeks fits my schedule! What about the credits?
[37m 	 name=Health Policy and Ethics, relevance=High, difficulty=Moderate, format=Hybrid, duration=12, credits=None, instructor=None, schedule_conflict=None, prerequisites_met=None, cost=None, location=None [0m
Academic Advisor: It offers 3 credits. Does that meet your needs?
College Student: Yes, 3 credits is exactly what I'm looking for! Who is the instructor?
[37m 	 name=Health Policy and Ethics, relevance=High, difficulty=Moderate, format=Hybrid, duration=12, credits=3, instructor=None, schedule_conflict=None, prerequisites_met=None, cost=None, location=None [0m
Academic Advisor: The instructor for the course is Dr. Smith. Are you okay with that?
College Student: Yes, I'm happy with Dr. Smith as the instructor! Any schedule conflicts?
[37m 	 name=Health Policy and Ethics, relevance=High, difficulty=Moderate, format=Hybrid, duration=12, credits=3, instructor=Dr. Smith, schedule_conflict=None, prerequisites_met=None, cost=None, location=None [0m
Academic Advisor: No, there are no schedule conflicts for this course. Does that work for you?
------------------------------------------------
College Student: Yes, that works! Now, can you help me find a section for "Public Health Policy"?
[37m 	 name=Public Health Policy, time=None, location=None, size=None, mode_of_delivery=hybrid, instructor_preference=Dr. Smith, day_of_week=None, level=undergraduate, subject=Healthcare Administration [0m
Academic Advisor: Sure! What specific preferences do you have for the section of "Public Health Policy"?
College Student: I'm looking for a section on Wednesdays from 3:00 PM to 4:30 PM.
[37m 	 name=Public Health Policy, time=3:00 PM - 4:30 PM, location=None, size=None, mode_of_delivery=None, instructor_preference=None, day_of_week=Wednesday, level=None, subject=None [0m
Academic Advisor: There's a section on Wednesdays from 3:00 PM to 4:30 PM with Dr. Lee. Does that sound good?
College Student: Yes, that sounds perfect! What about the location?
[37m 	 name=Public Health Policy, time=3:00 PM - 4:30 PM, location=None, size=None, mode_of_delivery=None, instructor_preference=Dr. Lee, day_of_week=Wednesday, level=None, subject=None [0m
Academic Advisor: It's located in Building A. Does that work for you?
College Student: Yes, Building A is great! What's the maximum size of the section?
[37m 	 name=Public Health Policy, time=3:00 PM - 4:30 PM, location=Building A, size=None, mode_of_delivery=None, instructor_preference=Dr. Lee, day_of_week=Wednesday, level=None, subject=None [0m
Academic Advisor: The maximum size of the section is 15 students. Does that fit your preference?
College Student: Yes, that fits my preference! Is it delivered online?
[37m 	 name=Public Health Policy, time=3:00 PM - 4:30 PM, location=Building A, size=15, mode_of_delivery=online, instructor_preference=Dr. Lee, day_of_week=Wednesday, level=None, subject=None [0m
Academic Advisor: No, this section is delivered online. Is that okay with you?
College Student: Yes, online delivery is perfect! I think I’ve found the right section!
[37m 	 name=Public Health Policy, time=3:00 PM - 4:30 PM, location=Building A, size=15, mode_of_delivery=online, instructor_preference=Dr. Lee, day_of_week=Wednesday, level=None, subject=None [0m
Academic Advisor: That's awesome! You've chosen the "Public Health Policy" section on Wednesdays. Good luck with your studies!
------------------------------------------------
College Student: I'm interested in Engineering; what options do you have?
[37m 	 name=None, interest_area=Engineering, job_prospects=None, course_load=None, practical_component=None, advanced_study=None, flexibility=None, duration=None, location_preference=None, tuition_budget=None [0m
Academic Advisor: We have Electrical, Civil, Industrial, and Mechanical Engineering. Which one interests you the most?
College Student: I think I'm leaning towards Mechanical Engineering. What are the job prospects like for that?
[37m 	 name=Mechanical Engineering, interest_area=Engineering, job_prospects=Medium, course_load=None, practical_component=None, advanced_study=None, flexibility=None, duration=None, location_preference=None, tuition_budget=None [0m
Academic Advisor: Mechanical Engineering has high job prospects. Would you like to know more about the course load or tuition?
College Student: Yes, could you tell me about the course load?
[37m 	 name=Mechanical Engineering, interest_area=Engineering, job_prospects=High, course_load=None, practical_component=None, advanced_study=None, flexibility=None, duration=None, location_preference=None, tuition_budget=None [0m
Academic Advisor: The course load for Mechanical Engineering is heavy. Does that work for you?
College Student: I was hoping for a moderate course load. Are there any other Engineering majors with a moderate load?
[37m 	 name=Mechanical Engineering, interest_area=Engineering, job_prospects=High, course_load=Moderate, practical_component=None, advanced_study=None, flexibility=None, duration=None, location_preference=None, tuition_budget=None [0m
Academic Advisor: Yes, Industrial Engineering has a moderate course load. Would you like to know more about it?
College Student: Definitely! What are the job prospects for Industrial Engineering?
[37m 	 name=Industrial Engineering, interest_area=Engineering, job_prospects=Medium, course_load=Moderate, practical_component=None, advanced_study=None, flexibility=None, duration=None, location_preference=None, tuition_budget=None [0m
Academic Advisor: Industrial Engineering also has high job prospects. Does that sound good to you?
College Student: Yes, that sounds great! What about the practical component?
[37m 	 name=Industrial Engineering, interest_area=Engineering, job_prospects=High, course_load=Moderate, practical_component=None, advanced_study=None, flexibility=None, duration=None, location_preference=None, tuition_budget=None [0m
Academic Advisor: Industrial Engineering does not include a practical component. Is that okay with you?
College Student: I would prefer a major with a practical component. Are there any options with that?
[37m 	 name=Industrial Engineering, interest_area=Engineering, job_prospects=High, course_load=Moderate, practical_component=False, advanced_study=None, flexibility=None, duration=None, location_preference=None, tuition_budget=None [0m
Academic Advisor: Electrical Engineering has a practical component and high job prospects. Would you like to consider that?
College Student: Yes, I'm interested in Electrical Engineering! What about the course load for that?
[37m 	 name=Electrical Engineering, interest_area=Engineering, job_prospects=High, course_load=None, practical_component=True, advanced_study=None, flexibility=None, duration=None, location_preference=None, tuition_budget=None [0m
Academic Advisor: The course load for Electrical Engineering is moderate. Does that work for you?
College Student: Yes, that works! What about the advanced study requirement?
[37m 	 name=Electrical Engineering, interest_area=Engineering, job_prospects=High, course_load=Moderate, practical_component=True, advanced_study=None, flexibility=None, duration=None, location_preference=None, tuition_budget=None [0m
Academic Advisor: Advanced study is required for Electrical Engineering. Are you okay with that?
College Student: Yes, I'm fine with that. What's the duration of the program?
[37m 	 name=Electrical Engineering, interest_area=Engineering, job_prospects=High, course_load=Moderate, practical_component=True, advanced_study=Required, flexibility=None, duration=None, location_preference=None, tuition_budget=None [0m
Academic Advisor: The duration of the Electrical Engineering program is four years. Ready to make your choice?
College Student: Yes, I choose Electrical Engineering! Thank you for your help!
[37m 	 name=Electrical Engineering, interest_area=Engineering, job_prospects=High, course_load=Moderate, practical_component=True, advanced_study=Required, flexibility=None, duration=4, location_preference=None, tuition_budget=None [0m
Academic Advisor: You're welcome! Good luck with your studies in Electrical Engineering!
------------------------------------------------
College Student: Thanks! Now, can you help me find a suitable course?
[37m 	 name=Electrical Engineering, relevance=High, difficulty=Moderate, format=None, duration=4, credits=None, instructor=None, schedule_conflict=None, prerequisites_met=None, cost=None, location=None [0m
Academic Advisor: Sure! What specific characteristics are you looking for in a course?
------------------------------------------------
College Student: I'm looking for a course in Computer Science. Do you have any sections available?
[37m 	 name=None, time=None, location=None, size=None, mode_of_delivery=None, instructor_preference=None, day_of_week=None, level=undergraduate, subject=Computer Science [0m
Academic Advisor: Yes, we have several sections in Computer Science. Do you have a preferred time or mode of delivery?
College Student: I'm looking for a hybrid section around 1 PM.
[37m 	 name=None, time=1 PM, location=None, size=None, mode_of_delivery=hybrid, instructor_preference=None, day_of_week=None, level=None, subject=Computer Science [0m
Academic Advisor: We have a hybrid Data Structures section on Thursday from 1 PM to 2:30 PM. Does that work for you?
College Student: That sounds perfect! What’s the class size for that section?
[37m 	 name=Data Structures, time=1 PM - 2:30 PM, location=None, size=None, mode_of_delivery=hybrid, instructor_preference=None, day_of_week=Thursday, level=undergraduate, subject=Computer Science [0m
Academic Advisor: The class size for that Data Structures section is 35 students. Are you ready to confirm your choice?
College Student: I prefer a maximum of 30 students. Are there any other sections available?
[37m 	 name=Data Structures, time=1 PM - 2:30 PM, location=None, size=30, mode_of_delivery=hybrid, instructor_preference=None, day_of_week=Thursday, level=undergraduate, subject=Computer Science [0m
Academic Advisor: We have a hybrid Data Structures section on Thursday from 1 PM to 2:30 PM with 30 students. Would you like to consider that?
College Student: Yes, that works! Can you tell me who the instructor is?
[37m 	 name=Data Structures, time=1 PM - 2:30 PM, location=None, size=30, mode_of_delivery=hybrid, instructor_preference=None, day_of_week=Thursday, level=undergraduate, subject=Computer Science [0m
Academic Advisor: The instructor for that section is Dr. Brown. Ready to confirm your choice?
College Student: Actually, I was hoping for Dr. Smith. Are there any sections with him?
[37m 	 name=Data Structures, time=1 PM - 2:30 PM, location=None, size=30, mode_of_delivery=hybrid, instructor_preference=Dr. Smith, day_of_week=Thursday, level=undergraduate, subject=Computer Science [0m
Academic Advisor: Yes, Dr. Smith teaches an in-person Introduction to Programming section on Monday from 9 AM to 10:30 AM. Would that work for you?
College Student: I prefer a hybrid section. Are there any other options with Dr. Smith?
[37m 	 name=Introduction to Programming, time=09:00 AM - 10:30 AM, location=None, size=30, mode_of_delivery=in-person, instructor_preference=Dr. Smith, day_of_week=Monday, level=undergraduate, subject=Computer Science [0m
Academic Advisor: Unfortunately, there are no hybrid sections with Dr. Smith. Would you like to consider another instructor or section?
College Student: Yes, let’s go back to the hybrid Data Structures section with Dr. Brown. I'll confirm that!
[37m 	 name=Data Structures, time=1 PM - 2:30 PM, location=None, size=30, mode_of_delivery=hybrid, instructor_preference=Dr. Brown, day_of_week=Thursday, level=undergraduate, subject=Computer Science [0m
Academic Advisor: Great choice! You've confirmed the hybrid Data Structures section with Dr. Brown. Good luck!
------------------------------------------------
College Student: I'm looking for a Major with low job prospects, but I'm flexible on other details.
[37m 	 name=None, interest_area=None, job_prospects=Low, course_load=None, practical_component=None, advanced_study=None, flexibility=None, duration=None, location_preference=None, tuition_budget=None [0m
Academic Advisor: You might consider Ethics or Philosophy; both have low job prospects. Would you like more details on either?
College Student: Can you tell me more about Philosophy?
[37m 	 name=Philosophy, interest_area=Humanities, job_prospects=Low, course_load=None, practical_component=None, advanced_study=None, flexibility=None, duration=None, location_preference=None, tuition_budget=None [0m
Academic Advisor: Philosophy has a light course load, is flexible, and tuition is $11,000. Interested in that?
College Student: That sounds good! Does it require advanced study?
[37m 	 name=Philosophy, interest_area=Humanities, job_prospects=Low, course_load=Light, practical_component=None, advanced_study=Optional, flexibility=Flexible, duration=None, location_preference=None, tuition_budget=11000.0 [0m
Academic Advisor: No, advanced study for Philosophy is optional. Would you like to confirm this choice?
College Student: Yes, let's go with Philosophy!
[37m 	 name=Philosophy, interest_area=Humanities, job_prospects=Low, course_load=Light, practical_component=None, advanced_study=Optional, flexibility=Flexible, duration=None, location_preference=None, tuition_budget=11000.0 [0m
Academic Advisor: Great choice! Philosophy it is! Good luck with your studies!
------------------------------------------------
College Student: Thanks! Now, can you help me find a Course?
[37m 	 name=Philosophy, relevance=Low, difficulty=Easy, format=None, duration=None, credits=None, instructor=None, schedule_conflict=None, prerequisites_met=False, cost=11000, location=None [0m
Academic Advisor: Sure! What specific characteristics are you looking for in a Course?
College Student: I'm looking for an online course with moderate difficulty and a duration of about 10 weeks.
[37m 	 name=Philosophy, relevance=Low, difficulty=Moderate, format=Online, duration=10, credits=None, instructor=None, schedule_conflict=None, prerequisites_met=False, cost=11000, location=None [0m
Academic Advisor: I found a couple of options: "Philosophy and Literature" and "Philosophy of Mind." Would you like details on either?
College Student: Can you tell me more about "Philosophy and Literature"?
[37m 	 name=Philosophy and Literature, relevance=None, difficulty=Moderate, format=Online, duration=10, credits=None, instructor=None, schedule_conflict=None, prerequisites_met=False, cost=11000, location=None [0m
Academic Advisor: "Philosophy and Literature" is online, moderate difficulty, lasts 10 weeks, costs $600, and offers 3 credits. Interested?
College Student: That sounds perfect! Does it have any prerequisites?
[37m 	 name=Philosophy and Literature, relevance=None, difficulty=Moderate, format=Online, duration=10, credits=3, instructor=None, schedule_conflict=None, prerequisites_met=False, cost=600, location=None [0m
Academic Advisor: Yes, it does have prerequisites that are met. Would you like to confirm your enrollment?
College Student: Yes, let's confirm my enrollment in "Philosophy and Literature"!
[37m 	 name=Philosophy and Literature, relevance=None, difficulty=Moderate, format=Online, duration=10, credits=3, instructor=None, schedule_conflict=None, prerequisites_met=True, cost=600, location=None [0m
Academic Advisor: You're all set for "Philosophy and Literature"! Enjoy your course!
------------------------------------------------
College Student: Thanks! Now, can you help me find a suitable Section for Philosophy?
[37m 	 name=None, time=None, location=None, size=None, mode_of_delivery=online, instructor_preference=None, day_of_week=None, level=undergraduate, subject=Philosophy [0m
Academic Advisor: Of course! What specific details do you prefer for your Philosophy section?
College Student: I'm looking for an online section around 1 PM on Mondays.
[37m 	 name=None, time=1 PM, location=None, size=None, mode_of_delivery=online, instructor_preference=None, day_of_week=Monday, level=None, subject=Philosophy [0m
Academic Advisor: I found a section: "Philosophy of Language" online from 1 PM to 2:30 PM on Mondays. Does that work for you?
College Student: That sounds great! What's the maximum class size?
[37m 	 name=Philosophy of Language, time=1 PM - 2:30 PM, location=None, size=None, mode_of_delivery=online, instructor_preference=None, day_of_week=Monday, level=None, subject=Philosophy [0m
Academic Advisor: The maximum class size for that section is 10 students. Would you like to confirm your choice?
College Student: Yes, let's confirm my choice for "Philosophy of Language"!
[37m 	 name=Philosophy of Language, time=1 PM - 2:30 PM, location=None, size=10, mode_of_delivery=online, instructor_preference=None, day_of_week=Monday, level=None, subject=Philosophy [0m
Academic Advisor: You're confirmed for "Philosophy of Language"! Enjoy your class!
------------------------------------------------
College Student: I'm really interested in Social Sciences, but I want to keep my course load light. What options do I have?
[37m 	 name=None, interest_area=Social Sciences, job_prospects=None, course_load=Light, practical_component=None, advanced_study=None, flexibility=None, duration=None, location_preference=None, tuition_budget=None [0m
Academic Advisor: You might consider Sociology or History; both have a light course load in Social Sciences.
College Student: Sociology sounds interesting! What are the job prospects like for that Major?
[37m 	 name=Sociology, interest_area=Social Sciences, job_prospects=None, course_load=Light, practical_component=None, advanced_study=None, flexibility=None, duration=None, location_preference=None, tuition_budget=None [0m
Academic Advisor: The job prospects for Sociology are medium.
College Student: That's good to know! Does Sociology include any practical components like internships?
[37m 	 name=Sociology, interest_area=Social Sciences, job_prospects=Medium, course_load=Light, practical_component=True, advanced_study=None, flexibility=None, duration=None, location_preference=None, tuition_budget=None [0m
Academic Advisor: No, Sociology does not include practical components like internships.
College Student: Okay, that works for me! Is advanced study required for Sociology?
[37m 	 name=Sociology, interest_area=Social Sciences, job_prospects=Medium, course_load=Light, practical_component=False, advanced_study=Not Required, flexibility=None, duration=None, location_preference=None, tuition_budget=None [0m
Academic Advisor: No, advanced study is optional for Sociology.
College Student: Great! How flexible is the course selection in Sociology?
[37m 	 name=Sociology, interest_area=Social Sciences, job_prospects=Medium, course_load=Light, practical_component=False, advanced_study=Optional, flexibility=Flexible, duration=None, location_preference=None, tuition_budget=None [0m
Academic Advisor: Sociology offers flexible course selection.
College Student: Awesome! How long does it typically take to complete the Sociology Major?
[37m 	 name=Sociology, interest_area=Social Sciences, job_prospects=Medium, course_load=Light, practical_component=False, advanced_study=Optional, flexibility=Flexible, duration=None, location_preference=None, tuition_budget=None [0m
Academic Advisor: It typically takes four years to complete the Sociology Major.
College Student: Perfect! Is Sociology offered at suburban campuses?
[37m 	 name=Sociology, interest_area=Social Sciences, job_prospects=Medium, course_load=Light, practical_component=False, advanced_study=Optional, flexibility=Flexible, duration=4, location_preference=Suburban, tuition_budget=None [0m
Academic Advisor: Yes, Sociology is offered at the Suburban Campus.
College Student: That sounds like a great fit! What’s the tuition budget for the Sociology Major?
[37m 	 name=Sociology, interest_area=Social Sciences, job_prospects=Medium, course_load=Light, practical_component=False, advanced_study=Optional, flexibility=Flexible, duration=4, location_preference=Suburban Campus, tuition_budget=None [0m
Academic Advisor: The tuition for the Sociology Major is $10,000.
College Student: That fits my budget! I think I've found my Major: Sociology. Thank you for your help!
[37m 	 name=Sociology, interest_area=Social Sciences, job_prospects=Medium, course_load=Light, practical_component=False, advanced_study=Optional, flexibility=Flexible, duration=4, location_preference=Suburban Campus, tuition_budget=10000.0 [0m
Academic Advisor: You're welcome! Sociology sounds like a great choice for you!
------------------------------------------------
College Student: Thanks! Now, can you help me find a suitable online course for Sociology?
[37m 	 name=Sociology, relevance=Medium, difficulty=Easy, format=Online, duration=None, credits=None, instructor=None, schedule_conflict=None, prerequisites_met=None, cost=10000, location=Suburban Campus [0m
Academic Advisor: Sure! Are you looking for a specific duration or difficulty level for the online course?
College Student: I'm looking for a moderate difficulty level and a duration of about 10 weeks.
[37m 	 name=Sociology, relevance=Medium, difficulty=Moderate, format=Online, duration=10, credits=None, instructor=None, schedule_conflict=None, prerequisites_met=None, cost=10000, location=Suburban Campus [0m
Academic Advisor: I found a suitable course: "Social Psychology," which is online, moderate difficulty, and lasts 10 weeks. Would you like to know more about it?
College Student: Yes, please! What are the credits and cost for that course?
[37m 	 name=Social Psychology, relevance=High, difficulty=Moderate, format=Online, duration=10, credits=None, instructor=None, schedule_conflict=None, prerequisites_met=None, cost=10000, location=Suburban Campus [0m
Academic Advisor: The "Social Psychology" course offers 3 credits and costs $400.
College Student: That sounds great! Does it have any prerequisites?
[37m 	 name=Social Psychology, relevance=High, difficulty=Moderate, format=Online, duration=10, credits=3, instructor=None, schedule_conflict=None, prerequisites_met=None, cost=400, location=Suburban Campus [0m
Academic Advisor: Yes, the "Social Psychology" course has prerequisites that need to be met.
College Student: I haven't met the prerequisites. Are there any other online courses available without prerequisites?
[37m 	 name=None, relevance=Medium, difficulty=Moderate, format=Online, duration=10, credits=3, instructor=None, schedule_conflict=None, prerequisites_met=False, cost=400, location=Suburban Campus [0m
Academic Advisor: Yes, there's "Urban Sociology," which is online, has no prerequisites, and is easy in difficulty. Would you like more details?
College Student: Yes, please! How many credits does "Urban Sociology" offer, and what's the cost?
[37m 	 name=Urban Sociology, relevance=None, difficulty=Easy, format=Online, duration=10, credits=3, instructor=None, schedule_conflict=None, prerequisites_met=False, cost=400, location=None [0m
Academic Advisor: "Urban Sociology" offers 2 credits and costs $350.
College Student: That sounds good! Is the course duration also around 10 weeks?
[37m 	 name=Urban Sociology, relevance=None, difficulty=Easy, format=Online, duration=10, credits=2, instructor=None, schedule_conflict=None, prerequisites_met=False, cost=350, location=None [0m
Academic Advisor: No, the duration for "Urban Sociology" is 8 weeks. Would that work for you?
College Student: Yes, that works for me! I’ll go with "Urban Sociology." Thank you for your help!
[37m 	 name=Urban Sociology, relevance=None, difficulty=Easy, format=Online, duration=8, credits=2, instructor=None, schedule_conflict=None, prerequisites_met=False, cost=350, location=None [0m
Academic Advisor: You're welcome! Enjoy "Urban Sociology"!
------------------------------------------------
College Student: Thanks! Now, can you help me find a section for Statistics?
[37m 	 name=None, time=None, location=None, size=None, mode_of_delivery=online, instructor_preference=None, day_of_week=None, level=undergraduate, subject=Statistics [0m
Academic Advisor: Sure! What specific characteristics are you looking for in a Statistics section?
College Student: I prefer a hybrid class on Mondays from 4:00 PM to 5:30 PM with a maximum size of 10 students.
[37m 	 name=None, time=4:00 PM - 5:30 PM, location=None, size=10, mode_of_delivery=hybrid, instructor_preference=None, day_of_week=Monday, level=None, subject=Statistics [0m
Academic Advisor: I found a section: "Quantitative Analysis" on Monday from 4:00 PM to 5:30 PM, hybrid mode, but it has a size of 10 students. Would you like to choose that?
College Student: That sounds perfect! I’d like to choose "Quantitative Analysis." Thank you!
[37m 	 name=Quantitative Analysis, time=4:00 PM - 5:30 PM, location=None, size=10, mode_of_delivery=hybrid, instructor_preference=None, day_of_week=Monday, level=None, subject=Statistics [0m
Academic Advisor: Great choice! Enjoy "Quantitative Analysis"!
------------------------------------------------
College Student: I'm interested in a Science Major with light course load and medium job prospects.
[37m 	 name=None, interest_area=Science, job_prospects=Medium, course_load=Light, practical_component=None, advanced_study=None, flexibility=None, duration=None, location_preference=None, tuition_budget=None [0m
Academic Advisor: How about Biology? It has a moderate course load and medium job prospects.
College Student: Biology sounds interesting, but I prefer a lighter course load.
[37m 	 name=None, interest_area=Science, job_prospects=Medium, course_load=Light, practical_component=None, advanced_study=None, flexibility=None, duration=None, location_preference=None, tuition_budget=None [0m
Academic Advisor: In that case, you might consider Healthcare Administration; it has a light course load and medium job prospects.
College Student: Healthcare Administration sounds good! Does it have a practical component?
[37m 	 name=Healthcare Administration, interest_area=Science, job_prospects=Medium, course_load=Light, practical_component=None, advanced_study=None, flexibility=None, duration=None, location_preference=None, tuition_budget=None [0m
Academic Advisor: No, Healthcare Administration does not include a practical component.
College Student: That's fine! Is advanced study required for Healthcare Administration?
[37m 	 name=Healthcare Administration, interest_area=Science, job_prospects=Medium, course_load=Light, practical_component=False, advanced_study=Not Required, flexibility=None, duration=None, location_preference=None, tuition_budget=None [0m
Academic Advisor: No, advanced study is not required for Healthcare Administration.
College Student: Great! Is the program flexible in terms of course selection?
[37m 	 name=Healthcare Administration, interest_area=Science, job_prospects=Medium, course_load=Light, practical_component=False, advanced_study=Not Required, flexibility=Flexible, duration=None, location_preference=None, tuition_budget=None [0m
Academic Advisor: Yes, the Healthcare Administration program is flexible in terms of course selection.
College Student: Awesome! What’s the duration of the Healthcare Administration program?
[37m 	 name=Healthcare Administration, interest_area=Science, job_prospects=Medium, course_load=Light, practical_component=False, advanced_study=Not Required, flexibility=Flexible, duration=None, location_preference=None, tuition_budget=None [0m
Academic Advisor: The Healthcare Administration program is expected to take four years to complete.
College Student: Perfect! Is it offered at the Health Campus?
[37m 	 name=Healthcare Administration, interest_area=Science, job_prospects=Medium, course_load=Light, practical_component=False, advanced_study=Not Required, flexibility=Flexible, duration=4, location_preference=Health Campus, tuition_budget=None [0m
Academic Advisor: Yes, it's offered at the Health Campus.
College Student: That sounds like a great fit! What about the tuition fees? Is it within my budget?
[37m 	 name=Healthcare Administration, interest_area=Science, job_prospects=Medium, course_load=Light, practical_component=False, advanced_study=Not Required, flexibility=Flexible, duration=4, location_preference=Health Campus, tuition_budget=None [0m
Academic Advisor: The tuition fees for Healthcare Administration are $24,000. Is that within your budget?
College Student: Yes, that's within my budget! I think I've found my Major: Healthcare Administration!
[37m 	 name=Healthcare Administration, interest_area=Science, job_prospects=Medium, course_load=Light, practical_component=False, advanced_study=Not Required, flexibility=Flexible, duration=4, location_preference=Health Campus, tuition_budget=24000.0 [0m
Academic Advisor: That's fantastic! Healthcare Administration is a great choice!
------------------------------------------------
College Student: Thanks! Now, can you help me find a suitable course?
[37m 	 name=Healthcare Administration, relevance=Medium, difficulty=Easy, format=None, duration=4, credits=None, instructor=None, schedule_conflict=None, prerequisites_met=None, cost=24000, location=Health Campus [0m
Academic Advisor: Sure! What specific characteristics are you looking for in a course?
College Student: I'm looking for something with medium relevance and moderate difficulty.
[37m 	 name=None, relevance=Medium, difficulty=Moderate, format=None, duration=None, credits=None, instructor=None, schedule_conflict=None, prerequisites_met=None, cost=None, location=None [0m
Academic Advisor: Got it! Do you have a preference for online, in-person, or hybrid format?
College Student: I prefer an in-person format for the course.
[37m 	 name=None, relevance=Medium, difficulty=Moderate, format=In-Person, duration=None, credits=None, instructor=None, schedule_conflict=None, prerequisites_met=None, cost=None, location=Health Campus [0m
Academic Advisor: Great! Would you like to consider the course "Healthcare Management"? It fits your criteria.
College Student: Yes, that sounds good! How long is the "Healthcare Management" course?
[37m 	 name=Healthcare Management, relevance=Medium, difficulty=Moderate, format=In-Person, duration=None, credits=None, instructor=None, schedule_conflict=None, prerequisites_met=None, cost=24000, location=Health Campus [0m
Academic Advisor: The "Healthcare Management" course lasts for 12 weeks.
College Student: That's a bit shorter than I wanted; I was hoping for around 16 weeks. Any other options?
[37m 	 name=Healthcare Management, relevance=Medium, difficulty=Moderate, format=In-Person, duration=None, credits=None, instructor=None, schedule_conflict=None, prerequisites_met=None, cost=24000, location=Health Campus [0m
Academic Advisor: How about the "Public Health Economics" course? It's 16 weeks long and meets your criteria.
College Student: "Public Health Economics" sounds perfect! What are the credits for this course?
[37m 	 name=Public Health Economics, relevance=Medium, difficulty=Moderate, format=In-Person, duration=16, credits=None, instructor=None, schedule_conflict=None, prerequisites_met=None, cost=24000, location=Health Campus [0m
Academic Advisor: The "Public Health Economics" course offers 4 credits.
College Student: Great! Does it have any prerequisites I need to meet?
[37m 	 name=Public Health Economics, relevance=Medium, difficulty=Moderate, format=In-Person, duration=16, credits=4, instructor=None, schedule_conflict=None, prerequisites_met=None, cost=None, location=Health Campus [0m
Academic Advisor: Unfortunately, "Public Health Economics" has prerequisites that are not met. Would you like to consider another course?
College Student: Yes, please! What other courses do you have that fit my criteria?
[37m 	 name=None, relevance=Medium, difficulty=Moderate, format=In-Person, duration=16, credits=None, instructor=None, schedule_conflict=None, prerequisites_met=None, cost=None, location=Health Campus [0m
Academic Advisor: You could consider "Health Policy Analysis," which is 14 weeks long and has medium relevance and moderate difficulty.
College Student: "Health Policy Analysis" sounds promising! How many credits does it offer?
[37m 	 name=Health Policy Analysis, relevance=Medium, difficulty=Moderate, format=In-Person, duration=14, credits=None, instructor=None, schedule_conflict=None, prerequisites_met=None, cost=None, location=Health Campus [0m
Academic Advisor: The "Health Policy Analysis" course offers 3 credits.
College Student: That's good! Does it have any prerequisites I need to worry about?
[37m 	 name=Health Policy Analysis, relevance=Medium, difficulty=Moderate, format=In-Person, duration=14, credits=3, instructor=None, schedule_conflict=None, prerequisites_met=False, cost=None, location=Health Campus [0m
Academic Advisor: Yes, "Health Policy Analysis" does have prerequisites that are not met. Would you like to explore more options?
College Student: Yes, let's keep looking! What else do you have?
[37m 	 name=None, relevance=Medium, difficulty=Moderate, format=In-Person, duration=None, credits=None, instructor=None, schedule_conflict=None, prerequisites_met=None, cost=None, location=Health Campus [0m
Academic Advisor: You can also consider "Healthcare Management," which is 12 weeks long and has medium relevance and moderate difficulty.
College Student: I appreciate the suggestion, but it’s a bit short. Any other options around 16 weeks?
[37m 	 name=None, relevance=Medium, difficulty=Moderate, format=In-Person, duration=16, credits=None, instructor=None, schedule_conflict=None, prerequisites_met=None, cost=None, location=Health Campus [0m
Academic Advisor: The only other option around 16 weeks is "Healthcare Economics," but it has unmet prerequisites as well.
College Student: It seems like I’m running into prerequisites everywhere! Are there any courses without prerequisites?
[37m 	 name=None, relevance=Medium, difficulty=Moderate, format=In-Person, duration=16, credits=None, instructor=None, schedule_conflict=None, prerequisites_met=None, cost=None, location=Health Campus [0m
Academic Advisor: Yes! "Medical Terminology" and "Quality Improvement in Healthcare" both have no prerequisites. Would you like to know more about either?
College Student: Yes, tell me about "Quality Improvement in Healthcare."
[37m 	 name=Quality Improvement in Healthcare, relevance=Medium, difficulty=Moderate, format=In-Person, duration=16, credits=None, instructor=None, schedule_conflict=None, prerequisites_met=True, cost=None, location=None [0m
Academic Advisor: "Quality Improvement in Healthcare" is 8 weeks long, offers 3 credits, and is available online. Would you like to consider it?
College Student: It's shorter than I wanted. Do you have any other options with a longer duration?
[37m 	 name=None, relevance=Medium, difficulty=Moderate, format=In-Person, duration=16, credits=None, instructor=None, schedule_conflict=None, prerequisites_met=None, cost=None, location=Health Campus [0m
Academic Advisor: The only option left without prerequisites is "Medical Terminology," which lasts 6 weeks. Would you like to explore that?
College Student: I appreciate it, but that's too short. Can we go back to looking for longer courses?
[37m 	 name=None, relevance=Medium, difficulty=Moderate, format=In-Person, duration=None, credits=None, instructor=None, schedule_conflict=None, prerequisites_met=None, cost=None, location=Health Campus [0m
Academic Advisor: Sure! The best options are "Healthcare Management" and "Health Policy Analysis," but both have unmet prerequisites. Would you like to explore those further?
College Student: I think I need to adjust my criteria. What if I consider courses with unmet prerequisites?
[37m 	 name=None, relevance=Medium, difficulty=Moderate, format=In-Person, duration=None, credits=None, instructor=None, schedule_conflict=None, prerequisites_met=None, cost=None, location=Health Campus [0m
Academic Advisor: If you're open to that, "Public Health Economics" and "Health Policy Analysis" would be great options! Which one would you like to explore first?
College Student: Let's explore "Public Health Economics" first! What are the details?
[37m 	 name=Public Health Economics, relevance=Medium, difficulty=Moderate, format=Online, duration=16, credits=4, instructor=None, schedule_conflict=None, prerequisites_met=False, cost=None, location=None [0m
Academic Advisor: "Public Health Economics" lasts 16 weeks, offers 4 credits, and is in-person. Would you like to proceed with this course?
College Student: Yes, that sounds perfect! I’d like to proceed with "Public Health Economics."
[37m 	 name=Public Health Economics, relevance=Medium, difficulty=Moderate, format=In-Person, duration=16, credits=4, instructor=None, schedule_conflict=None, prerequisites_met=False, cost=None, location=None [0m
Academic Advisor: Great choice! "Public Health Economics" is a solid course. You're all set!
------------------------------------------------
College Student: Thanks! Now, can you help me find a suitable section for it?
[37m 	 name=Public Health Economics, time=None, location=None, size=None, mode_of_delivery=in-person, instructor_preference=None, day_of_week=None, level=undergraduate, subject=Public Health [0m
Academic Advisor: Sure! What specific characteristics are you looking for in a section for "Public Health Economics"?
College Student: I prefer it to be in-person, located at Main Campus, with a maximum size of 20 students.
[37m 	 name=None, time=None, location=Main Campus, size=20, mode_of_delivery=in-person, instructor_preference=None, day_of_week=None, level=None, subject=Public Health Economics [0m
Academic Advisor: Let me check that for you! The "Public Health Economics" section at Main Campus is in-person, but it has a size of 22 students. Would you like to consider a larger class?
College Student: I’d prefer to stick with my size preference. Are there any other sections available?
[37m 	 name=Public Health Economics, time=None, location=Main Campus, size=20, mode_of_delivery=in-person, instructor_preference=None, day_of_week=None, level=None, subject=None [0m
Academic Advisor: Unfortunately, there are no other sections for "Public Health Economics" that meet your size preference. Would you like to consider a different course?
College Student: No, I really want to stick with "Public Health Economics." Can we adjust the size preference to 22 students?
[37m 	 name=Public Health Economics, time=None, location=Main Campus, size=22, mode_of_delivery=in-person, instructor_preference=None, day_of_week=None, level=None, subject=None [0m
Academic Advisor: Absolutely! The section for "Public Health Economics" at Main Campus fits your updated size preference of 22 students. Would you like to proceed with this section?
College Student: Yes, let's proceed with that section! Thank you!
[37m 	 name=Public Health Economics, time=None, location=Main Campus, size=22, mode_of_delivery=in-person, instructor_preference=None, day_of_week=None, level=None, subject=None [0m
Academic Advisor: You're welcome! You're all set for "Public Health Economics"!
------------------------------------------------
College Student: I'm looking for a Major in Social Sciences with good job prospects.
[37m 	 name=None, interest_area=Social Sciences, job_prospects=High, course_load=None, practical_component=None, advanced_study=None, flexibility=None, duration=None, location_preference=None, tuition_budget=None [0m
Academic Advisor: You might want to consider Counseling or Psychology; both have medium job prospects. Would you like to know more about them?
College Student: Actually, I'm aiming for something with high job prospects. Any other suggestions?
[37m 	 name=None, interest_area=Social Sciences, job_prospects=High, course_load=None, practical_component=None, advanced_study=None, flexibility=None, duration=None, location_preference=None, tuition_budget=None [0m
Academic Advisor: In that case, Counseling is a great option; it has high job prospects. Interested in the details?
College Student: Yes, I’d love to hear more about Counseling!
[37m 	 name=Counseling, interest_area=Social Sciences, job_prospects=High, course_load=None, practical_component=None, advanced_study=None, flexibility=None, duration=None, location_preference=None, tuition_budget=None [0m
Academic Advisor: Counseling has a moderate course load, requires advanced study, includes practical components, and is offered at Downtown Campus for $11,500 tuition. Sound good?
College Student: That sounds great! Is the program structured or flexible?
[37m 	 name=Counseling, interest_area=Social Sciences, job_prospects=High, course_load=Moderate, practical_component=True, advanced_study=Required, flexibility=None, duration=None, location_preference=Downtown Campus, tuition_budget=11500.0 [0m
Academic Advisor: The Counseling program is structured, which means it has a set course path. Does that work for you?
College Student: Yes, that works for me! I think Counseling is the right choice.
[37m 	 name=Counseling, interest_area=Social Sciences, job_prospects=High, course_load=Moderate, practical_component=True, advanced_study=Required, flexibility=Structured, duration=None, location_preference=Downtown Campus, tuition_budget=11500.0 [0m
Academic Advisor: Awesome choice! Counseling it is! Good luck with your studies!
------------------------------------------------
College Student: Thanks! Now, can you help me find a suitable Course?
[37m 	 name=Counseling, relevance=High, difficulty=Moderate, format=None, duration=None, credits=None, instructor=None, schedule_conflict=None, prerequisites_met=None, cost=11500, location=Downtown Campus [0m
Academic Advisor: Sure! What specific characteristics or preferences do you have for the Course?
College Student: I'm looking for a hybrid format, moderate difficulty, and it should be 15 weeks long.
[37m 	 name=None, relevance=High, difficulty=Moderate, format=Hybrid, duration=15, credits=None, instructor=None, schedule_conflict=None, prerequisites_met=None, cost=None, location=None [0m
Academic Advisor: I have a Course called "Developmental Psychology" that fits your criteria. Would you like to know more about it?
College Student: Yes, please tell me more about "Developmental Psychology"!
[37m 	 name=Developmental Psychology, relevance=High, difficulty=Moderate, format=Hybrid, duration=15, credits=None, instructor=None, schedule_conflict=None, prerequisites_met=None, cost=11500, location=Downtown Campus [0m
Academic Advisor: "Developmental Psychology" is a 15-week hybrid course, has moderate difficulty, offers 4 credits, and costs $1500. Does that sound good to you?
College Student: That sounds perfect! Who is the instructor?
[37m 	 name=Developmental Psychology, relevance=High, difficulty=Moderate, format=Hybrid, duration=15, credits=4, instructor=None, schedule_conflict=None, prerequisites_met=None, cost=1500, location=Downtown Campus [0m
Academic Advisor: The instructor for "Developmental Psychology" is Dr. Johnson. Are you ready to confirm your choice?
College Student: Yes, I'm ready to confirm! Let's go with "Developmental Psychology" with Dr. Johnson.
[37m 	 name=Developmental Psychology, relevance=High, difficulty=Moderate, format=Hybrid, duration=15, credits=4, instructor=Dr. Johnson, schedule_conflict=None, prerequisites_met=None, cost=1500, location=Downtown Campus [0m
Academic Advisor: Great choice! You're all set for "Developmental Psychology" with Dr. Johnson. Good luck!
------------------------------------------------
College Student: Thanks! Now, can you help me find a section for it?
[37m 	 name=Developmental Psychology, time=None, location=None, size=None, mode_of_delivery=hybrid, instructor_preference=Dr. Johnson, day_of_week=None, level=None, subject=None [0m
Academic Advisor: Of course! Do you have any specific preferences for the section, like time or location?
College Student: I'm looking for a section on Wednesdays from 03:00 PM to 04:30 PM in Building D.
[37m 	 name=None, time=03:00 PM - 04:30 PM, location=Building D, size=None, mode_of_delivery=hybrid, instructor_preference=None, day_of_week=Wednesday, level=None, subject=Developmental Psychology [0m
Academic Advisor: Unfortunately, there isn't a section that matches those exact criteria, but I can suggest a section on Wednesdays at the same time in Building C. Would that work for you?
College Student: Yes, that works! Let's go with the section in Building C.
[37m 	 name=None, time=03:00 PM - 04:30 PM, location=Building C, size=None, mode_of_delivery=hybrid, instructor_preference=None, day_of_week=Wednesday, level=None, subject=Developmental Psychology [0m
Academic Advisor: Perfect! You're all set for the section in Building C on Wednesdays from 03:00 PM to 04:30 PM. Good luck!
------------------------------------------------
College Student: Hey, I'm looking for a Major in the Arts area. What do you suggest?
[37m 	 name=None, interest_area=Arts, job_prospects=None, course_load=None, practical_component=None, advanced_study=None, flexibility=None, duration=None, location_preference=None, tuition_budget=None [0m
Academic Advisor: How about Visual Arts or Graphic Design? Do you have a preference for practical components or course load?
College Student: I prefer a practical component and a light course load. What do you think?
[37m 	 name=None, interest_area=Arts, job_prospects=None, course_load=Light, practical_component=True, advanced_study=None, flexibility=None, duration=None, location_preference=None, tuition_budget=None [0m
Academic Advisor: Web Design fits your criteria with a practical component and a light course load. How does that sound?
College Student: That sounds great! What are the job prospects like for Web Design?
[37m 	 name=Web Design, interest_area=Arts, job_prospects=None, course_load=Light, practical_component=True, advanced_study=None, flexibility=None, duration=None, location_preference=None, tuition_budget=None [0m
Academic Advisor: The job prospects for Web Design are considered high. Would you like to go with that major?
College Student: Yes, I think I'll go with Web Design! Thank you!
[37m 	 name=Web Design, interest_area=Arts, job_prospects=High, course_load=Light, practical_component=True, advanced_study=None, flexibility=None, duration=None, location_preference=None, tuition_budget=None [0m
Academic Advisor: You're welcome! Good luck with your Web Design major!
------------------------------------------------
College Student: Thanks! Now, can you help me find a suitable Course?
[37m 	 name=Web Design, relevance=High, difficulty=Easy, format=None, duration=None, credits=None, instructor=None, schedule_conflict=None, prerequisites_met=None, cost=None, location=None [0m
Academic Advisor: Sure! What specific characteristics are you looking for in a course?
College Student: I'm looking for a course with moderate difficulty and a hybrid format.
[37m 	 name=None, relevance=None, difficulty=Moderate, format=Hybrid, duration=None, credits=None, instructor=None, schedule_conflict=None, prerequisites_met=None, cost=None, location=None [0m
Academic Advisor: I found a couple of options: "Responsive Web Design" and "Advanced Web Design." Do either of those interest you?
College Student: I'm interested in "Responsive Web Design." What are the details?
[37m 	 name=Responsive Web Design, relevance=None, difficulty=Moderate, format=Hybrid, duration=None, credits=None, instructor=None, schedule_conflict=None, prerequisites_met=None, cost=None, location=None [0m
Academic Advisor: "Responsive Web Design" is a hybrid course, 10 weeks long, moderate difficulty, 3 credits, taught by Dr. Wilson, and costs $550. Does that work for you?
College Student: It sounds good, but I need a 4-credit course. Are there any others available?
[37m 	 name=Responsive Web Design, relevance=None, difficulty=Moderate, format=Hybrid, duration=10, credits=4, instructor=Dr. Wilson, schedule_conflict=None, prerequisites_met=None, cost=550, location=None [0m
Academic Advisor: Yes, "User Experience Design" is a 4-credit course with moderate difficulty and a hybrid format. Would you like to consider that?
College Student: Yes, I'd like to consider "User Experience Design." What are the details?
[37m 	 name=User Experience Design, relevance=None, difficulty=Moderate, format=Hybrid, duration=10, credits=4, instructor=Dr. Wilson, schedule_conflict=None, prerequisites_met=None, cost=550, location=None [0m
Academic Advisor: "User Experience Design" is a 12-week in-person course, 4 credits, taught by Dr. Brown, costs $600, and has no schedule conflicts. Does that sound good?
College Student: That sounds perfect! I’ll go with "User Experience Design." Thank you!
[37m 	 name=User Experience Design, relevance=None, difficulty=Moderate, format=Hybrid, duration=12, credits=4, instructor=Dr. Brown, schedule_conflict=False, prerequisites_met=None, cost=600, location=In-Person [0m
Academic Advisor: You're welcome! Best of luck with "User Experience Design!"
------------------------------------------------
College Student: Thanks! Now, can we find a suitable section for it?
[37m 	 name=User Experience Design, time=None, location=None, size=None, mode_of_delivery=hybrid, instructor_preference=None, day_of_week=None, level=undergraduate, subject=Design [0m
Academic Advisor: Of course! What specific preferences do you have for the section, like time or instructor?
College Student: I prefer it to be on Fridays around 1 PM, and I'd like Ms. Clark as the instructor.
[37m 	 name=User Experience Design, time=1 PM, location=None, size=None, mode_of_delivery=in-person, instructor_preference=Ms. Clark, day_of_week=Friday, level=None, subject=None [0m
Academic Advisor: Unfortunately, Ms. Clark doesn't teach on Fridays at 1 PM. Would you like to consider other instructors or times?
College Student: Okay, can you tell me which instructors are available on Fridays at that time?
[37m 	 name=None, time=1 PM, location=None, size=None, mode_of_delivery=in-person, instructor_preference=None, day_of_week=Friday, level=undergraduate, subject=User Experience Design [0m
Academic Advisor: On Fridays at 1 PM, Ms. Clark teaches "3D Modeling and Animation." Would you like to consider that instead?
College Student: I’m not interested in that. What about other times for "User Experience Design"?
[37m 	 name=User Experience Design, time=None, location=None, size=None, mode_of_delivery=hybrid, instructor_preference=None, day_of_week=Friday, level=undergraduate, subject=Web Design [0m
Academic Advisor: "User Experience Design" is available on Wednesdays at 11 AM. Would that work for you?
College Student: Yes, Wednesdays at 11 AM works for me! Is it with Dr. Brown?
[37m 	 name=User Experience Design, time=11:00 AM, location=None, size=None, mode_of_delivery=in-person, instructor_preference=Dr. Brown, day_of_week=Wednesday, level=None, subject=None [0m
Academic Advisor: Yes, it's taught by Dr. Brown on Wednesdays at 11 AM. Would you like to confirm that section?
College Student: Yes, please confirm that section! Thank you!
[37m 	 name=User Experience Design, time=11:00 AM, location=None, size=None, mode_of_delivery=in-person, instructor_preference=Dr. Brown, day_of_week=Wednesday, level=None, subject=None [0m
Academic Advisor: You're all set for "User Experience Design" with Dr. Brown on Wednesdays at 11 AM! Good luck!
------------------------------------------------
College Student: I'm looking for a Major with a light course load and no practical component.
[37m 	 name=None, interest_area=None, job_prospects=None, course_load=Light, practical_component=False, advanced_study=None, flexibility=None, duration=None, location_preference=None, tuition_budget=None [0m
Academic Advisor: You might consider History or Philosophy; both have a light course load and no practical component. Would you like to know more about either?
College Student: Can you tell me about the job prospects for History?
[37m 	 name=None, interest_area=Humanities, job_prospects=None, course_load=Light, practical_component=False, advanced_study=None, flexibility=None, duration=None, location_preference=None, tuition_budget=None [0m
Academic Advisor: The job prospects for History are considered low. Would you like to explore other options?
College Student: What about the job prospects for Philosophy?
[37m 	 name=None, interest_area=Humanities, job_prospects=Low, course_load=Light, practical_component=False, advanced_study=None, flexibility=None, duration=None, location_preference=None, tuition_budget=None [0m
Academic Advisor: Philosophy also has low job prospects. Are you open to considering majors with different job prospects?
College Student: Yes, I’m open to exploring majors with medium or high job prospects.
[37m 	 name=None, interest_area=None, job_prospects=typing.Literal['Medium', 'High'], course_load=Light, practical_component=False, advanced_study=None, flexibility=None, duration=None, location_preference=None, tuition_budget=None [0m
Academic Advisor: Great! You might look into Graphic Design or Psychology for medium job prospects, or Nursing and Mechanical Engineering for high job prospects. Which area interests you more?
College Student: I'm leaning more towards Psychology. What can you tell me about that?
[37m 	 name=Psychology, interest_area=Social Sciences, job_prospects=Medium, course_load=Light, practical_component=False, advanced_study=None, flexibility=None, duration=None, location_preference=None, tuition_budget=None [0m
Academic Advisor: Psychology has medium job prospects, a moderate course load, and requires advanced study. It also has a structured flexibility. Does that sound good to you?
College Student: The advanced study requirement is a concern for me. Are there any other options with a light course load and no advanced study?
[37m 	 name=None, interest_area=None, job_prospects=None, course_load=Light, practical_component=False, advanced_study=None, flexibility=None, duration=None, location_preference=None, tuition_budget=None [0m
Academic Advisor: You might want to consider Healthcare Administration; it has a light course load and does not require advanced study. Would you like to know more about it?
College Student: Yes, please tell me more about Healthcare Administration!
[37m 	 name=Healthcare Administration, interest_area=Social Sciences, job_prospects=Medium, course_load=Light, practical_component=False, advanced_study=Not Required, flexibility=Structured, duration=None, location_preference=None, tuition_budget=None [0m
Academic Advisor: Healthcare Administration has medium job prospects, is flexible, takes four years to complete, and tuition is $24,000. Does that sound like a good fit for you?
College Student: That sounds like a great fit! I’d like to choose Healthcare Administration as my Major.
[37m 	 name=Healthcare Administration, interest_area=Social Sciences, job_prospects=Medium, course_load=Light, practical_component=False, advanced_study=Not Required, flexibility=Flexible, duration=4, location_preference=None, tuition_budget=24000.0 [0m
Academic Advisor: Awesome choice! Healthcare Administration is a solid major. Best of luck with your studies!
------------------------------------------------
College Student: Thanks! Now, can you help me find a suitable Course?
[37m 	 name=None, relevance=Medium, difficulty=Easy, format=None, duration=4, credits=None, instructor=None, schedule_conflict=None, prerequisites_met=None, cost=24000, location=None [0m
Academic Advisor: Of course! What specific characteristics are you looking for in a course?
College Student: I'm looking for a medium relevance course that's difficult and in-person.
[37m 	 name=None, relevance=Medium, difficulty=Difficult, format=In-Person, duration=None, credits=None, instructor=None, schedule_conflict=None, prerequisites_met=None, cost=None, location=None [0m
Academic Advisor: I found a course that matches your criteria: "Healthcare Systems" is medium relevance, difficult, and offered in-person. Would you like to know more about it?
College Student: Yes, please share the details about the "Healthcare Systems" course!
[37m 	 name=Healthcare Systems, relevance=Medium, difficulty=Difficult, format=In-Person, duration=None, credits=None, instructor=None, schedule_conflict=None, prerequisites_met=None, cost=None, location=None [0m
Academic Advisor: "Healthcare Systems" is a 16-week course, offers 4 credits, taught by Prof. Johnson, costs $2400, and is located in Building A. Interested in enrolling?
College Student: It's a bit longer than I wanted; do you have any shorter course options?
[37m 	 name=None, relevance=Medium, difficulty=Difficult, format=In-Person, duration=None, credits=None, instructor=None, schedule_conflict=None, prerequisites_met=None, cost=None, location=None [0m
Academic Advisor: How about "Healthcare Law"? It's medium relevance, difficult, in-person, and lasts 14 weeks. Would you like to hear more about it?
College Student: Yes, tell me more about "Healthcare Law"!
[37m 	 name=Healthcare Law, relevance=Medium, difficulty=Difficult, format=In-Person, duration=14, credits=None, instructor=None, schedule_conflict=None, prerequisites_met=None, cost=None, location=None [0m
Academic Advisor: "Healthcare Law" is a 14-week course, offers 3 credits, taught by Prof. Red, costs $2100, and is located in Building C. Does that sound good to you?
College Student: That sounds great! I’d like to enroll in "Healthcare Law."
[37m 	 name=Healthcare Law, relevance=Medium, difficulty=Difficult, format=In-Person, duration=14, credits=3, instructor=Prof. Red, schedule_conflict=None, prerequisites_met=None, cost=2100, location=Building C [0m
Academic Advisor: Excellent choice! "Healthcare Law" will be a valuable course. Best of luck with your studies!
------------------------------------------------
College Student: Thanks! Now, can you help me find a suitable Section for it?
[37m 	 name=Healthcare Law, time=None, location=Building C, size=None, mode_of_delivery=in-person, instructor_preference=Prof. Red, day_of_week=None, level=undergraduate, subject=Healthcare Law [0m
Academic Advisor: Sure! What specific characteristics are you looking for in a section for "Healthcare Law"?
College Student: I'm looking for a section on Wednesdays at 2 PM, in-person, with a max size of 30 students.
[37m 	 name=None, time=2 PM, location=None, size=30, mode_of_delivery=in-person, instructor_preference=None, day_of_week=Wednesday, level=None, subject=Healthcare Law [0m
Academic Advisor: I found a section that fits your criteria: "Healthcare Law" on Wednesday at 2 PM, in-person, with a size of 28 students. Would you like to enroll in this section?
College Student: Yes, I’d like to enroll in that section!
[37m 	 name=Healthcare Law, time=2 PM, location=Building C, size=30, mode_of_delivery=in-person, instructor_preference=None, day_of_week=Wednesday, level=None, subject=None [0m
Academic Advisor: Great choice! You're now enrolled in the "Healthcare Law" section on Wednesday at 2 PM. Best of luck!
------------------------------------------------
College Student: Hey, I'm thinking about majoring in Humanities. What options do you think I have?
[37m 	 name=None, interest_area=Humanities, job_prospects=None, course_load=None, practical_component=None, advanced_study=None, flexibility=None, duration=None, location_preference=None, tuition_budget=None [0m
Academic Advisor: You have Philosophy, History, and Ethics as options in Humanities. Any specific preferences?
College Student: I prefer something with a moderate course load and medium job prospects.
[37m 	 name=None, interest_area=Humanities, job_prospects=Medium, course_load=Moderate, practical_component=None, advanced_study=None, flexibility=None, duration=None, location_preference=None, tuition_budget=None [0m
Academic Advisor: That narrows it down to History; it has a moderate course load and medium job prospects. How does that sound?
College Student: That sounds great! Does History include any practical components like internships?
[37m 	 name=History, interest_area=Humanities, job_prospects=Medium, course_load=Moderate, practical_component=None, advanced_study=None, flexibility=None, duration=None, location_preference=None, tuition_budget=None [0m
Academic Advisor: No, History doesn't include practical components like internships. Would you like to consider that?
College Student: I'm okay with that; I prefer a flexible program. How does History fit in that aspect?
[37m 	 name=History, interest_area=Humanities, job_prospects=Medium, course_load=Moderate, practical_component=False, advanced_study=None, flexibility=Flexible, duration=None, location_preference=None, tuition_budget=None [0m
Academic Advisor: History is flexible, allowing for a variety of course selections. Ready to go with it?
College Student: Yes, I think I'm ready to choose History as my major!
[37m 	 name=History, interest_area=Humanities, job_prospects=Medium, course_load=Moderate, practical_component=False, advanced_study=None, flexibility=Flexible, duration=None, location_preference=None, tuition_budget=None [0m
Academic Advisor: Great choice! History it is! Best of luck with your studies!
------------------------------------------------
College Student: Thanks! Now, can we look for a course in Cultural Anthropology?
[37m 	 name=Cultural Anthropology, relevance=Medium, difficulty=Moderate, format=None, duration=None, credits=None, instructor=None, schedule_conflict=None, prerequisites_met=None, cost=None, location=None [0m
Academic Advisor: Sure! What specific criteria do you have in mind for the Cultural Anthropology course?
College Student: I’d like a moderate difficulty level and a hybrid format, if possible.
[37m 	 name=Cultural Anthropology, relevance=None, difficulty=Moderate, format=Hybrid, duration=None, credits=None, instructor=None, schedule_conflict=None, prerequisites_met=None, cost=None, location=None [0m
Academic Advisor: I found a Cultural Anthropology course with moderate difficulty and hybrid format. Would you like more details?
College Student: Yes, please! What are the credits and duration for that course?
[37m 	 name=Cultural Anthropology, relevance=None, difficulty=Moderate, format=Hybrid, duration=None, credits=None, instructor=None, schedule_conflict=None, prerequisites_met=None, cost=None, location=None [0m
Academic Advisor: It offers 3 credits and lasts for 12 weeks. Interested in enrolling?
College Student: That sounds good! Is there a specific instructor for the course?
[37m 	 name=Cultural Anthropology, relevance=None, difficulty=Moderate, format=Hybrid, duration=12, credits=3, instructor=None, schedule_conflict=None, prerequisites_met=None, cost=None, location=None [0m
Academic Advisor: Yes, the instructor is Prof. Black. Would you like to proceed with this course?
College Student: Absolutely! Does it have any prerequisites I need to worry about?
[37m 	 name=Cultural Anthropology, relevance=Medium, difficulty=Moderate, format=Hybrid, duration=12, credits=3, instructor=Prof. Black, schedule_conflict=None, prerequisites_met=None, cost=None, location=None [0m
Academic Advisor: No, there are no prerequisites for this course. Ready to enroll?
College Student: Yes, I'm ready to enroll! What’s the cost?
[37m 	 name=Cultural Anthropology, relevance=None, difficulty=Moderate, format=Hybrid, duration=12, credits=3, instructor=Prof. Black, schedule_conflict=None, prerequisites_met=True, cost=None, location=None [0m
Academic Advisor: The cost for the course is $350. Shall I finalize your enrollment?
College Student: Yes, please finalize my enrollment! Thank you!
[37m 	 name=Cultural Anthropology, relevance=None, difficulty=Moderate, format=Hybrid, duration=12, credits=3, instructor=Prof. Black, schedule_conflict=None, prerequisites_met=True, cost=350, location=None [0m
Academic Advisor: You're all set! Enjoy your Cultural Anthropology course!
------------------------------------------------
College Student: Thanks! Now, can we look for a Philosophy section that fits my schedule?
[37m 	 name=None, time=None, location=None, size=None, mode_of_delivery=hybrid, instructor_preference=Prof. Black, day_of_week=None, level=undergraduate, subject=Cultural Anthropology [0m
Academic Advisor: Of course! What specific schedule or preferences do you have for the Philosophy section?
College Student: I prefer it to be on Tuesdays at 2:00 PM, online, with a maximum size of 30 students.
[37m 	 name=None, time=2:00 PM, location=None, size=30, mode_of_delivery=online, instructor_preference=None, day_of_week=Tuesday, level=None, subject=Philosophy [0m
Academic Advisor: I found a Philosophy section that fits: it's on Tuesdays at 2:00 PM, online, and has a size of 20 students. Interested?
College Student: Yes, that sounds perfect! Who's the instructor for that section?
[37m 	 name=None, time=2:00 PM, location=None, size=30, mode_of_delivery=online, instructor_preference=None, day_of_week=Tuesday, level=None, subject=Philosophy [0m
Academic Advisor: The instructor for that section is Prof. Red. Ready to enroll?
College Student: Yes, I'm ready to enroll in that Philosophy section!
[37m 	 name=None, time=2:00 PM, location=None, size=30, mode_of_delivery=online, instructor_preference=Prof. Red, day_of_week=Tuesday, level=None, subject=Philosophy [0m
Academic Advisor: You're enrolled in the Philosophy section with Prof. Red! Enjoy your class!
------------------------------------------------
College Student: I'm thinking about a Major in Social Sciences. What options do you recommend?
[37m 	 name=None, interest_area=Social Sciences, job_prospects=None, course_load=None, practical_component=None, advanced_study=None, flexibility=None, duration=None, location_preference=None, tuition_budget=None [0m
Academic Advisor: You might consider Sociology, Psychology, or Economics; do any of these sound interesting?
College Student: Sociology sounds interesting! What are the job prospects like for that?
[37m 	 name=Sociology, interest_area=Social Sciences, job_prospects=None, course_load=None, practical_component=None, advanced_study=None, flexibility=None, duration=None, location_preference=None, tuition_budget=None [0m
Academic Advisor: The job prospects for Sociology are medium; does that work for you?
College Student: Yes, that works! What about the course load?
[37m 	 name=Sociology, interest_area=Social Sciences, job_prospects=Medium, course_load=None, practical_component=None, advanced_study=None, flexibility=None, duration=None, location_preference=None, tuition_budget=None [0m
Academic Advisor: The course load for Sociology is light; how does that sound?
College Student: That sounds great! Does it include any practical components?
[37m 	 name=Sociology, interest_area=Social Sciences, job_prospects=Medium, course_load=Light, practical_component=None, advanced_study=None, flexibility=None, duration=None, location_preference=None, tuition_budget=None [0m
Academic Advisor: Yes, Sociology includes a practical component; are you happy with that?
College Student: Absolutely! Is advanced study required for Sociology?
[37m 	 name=Sociology, interest_area=Social Sciences, job_prospects=Medium, course_load=Light, practical_component=True, advanced_study=Not Required, flexibility=None, duration=None, location_preference=None, tuition_budget=None [0m
Academic Advisor: No, advanced study is optional for Sociology; does that fit your plans?
College Student: Yes, that fits perfectly! How structured is the program?
[37m 	 name=Sociology, interest_area=Social Sciences, job_prospects=Medium, course_load=Light, practical_component=True, advanced_study=Optional, flexibility=None, duration=None, location_preference=None, tuition_budget=None [0m
Academic Advisor: The Sociology program is structured; does that work for you?
------------------------------------------------
College Student: Yes, that works! Can you help me find a suitable course?
[37m 	 name=Sociology, relevance=Medium, difficulty=Light, format=None, duration=None, credits=None, instructor=None, schedule_conflict=None, prerequisites_met=None, cost=None, location=None [0m
Academic Advisor: Sure! What specific characteristics are you looking for in the course?
College Student: I'm looking for a hybrid format, easy difficulty, and about 8 weeks long.
[37m 	 name=None, relevance=Medium, difficulty=Easy, format=Hybrid, duration=8, credits=None, instructor=None, schedule_conflict=None, prerequisites_met=None, cost=None, location=None [0m
Academic Advisor: I found "Cognitive Psychology" which is hybrid, easy, and lasts 8 weeks; does that sound good?
College Student: That sounds good! How many credits does it offer?
[37m 	 name=Cognitive Psychology, relevance=Medium, difficulty=Easy, format=Hybrid, duration=8, credits=None, instructor=None, schedule_conflict=None, prerequisites_met=None, cost=None, location=None [0m
Academic Advisor: "Cognitive Psychology" offers 3 credits; are you okay with that?
College Student: Yes, I'm okay with that! Who's the instructor?
[37m 	 name=Cognitive Psychology, relevance=Medium, difficulty=Easy, format=Hybrid, duration=8, credits=3, instructor=None, schedule_conflict=None, prerequisites_met=None, cost=None, location=None [0m
Academic Advisor: The instructor for "Cognitive Psychology" is Dr. Smith; does that work for you?
------------------------------------------------
College Student: Actually, I prefer Dr. Brown. Can we find a section with him?
[37m 	 name=Cognitive Psychology, time=None, location=None, size=None, mode_of_delivery=hybrid, instructor_preference=Dr. Brown, day_of_week=None, level=None, subject=Sociology [0m
Academic Advisor: Sure! There's "Advanced Economics" with Dr. Brown; would you like details on that?
College Student: Yes, please! What are the details for "Advanced Economics"?
[37m 	 name=Advanced Economics, time=None, location=None, size=None, mode_of_delivery=hybrid, instructor_preference=Dr. Brown, day_of_week=None, level=None, subject=Economics [0m
Academic Advisor: "Advanced Economics" is hybrid, on Wednesdays from 1 PM to 2:30 PM, and has 25 students; does that sound good?
College Student: That sounds perfect! I'm ready to enroll in "Advanced Economics."
[37m 	 name=Advanced Economics, time=1 PM - 2:30 PM, location=None, size=25, mode_of_delivery=hybrid, instructor_preference=Dr. Brown, day_of_week=Wednesday, level=None, subject=None [0m
Academic Advisor: Great choice! You're all set to enroll in "Advanced Economics" with Dr. Brown.
------------------------------------------------
College Student: I'm really interested in a Science major with practical components. What options do you think I have?
[37m 	 name=None, interest_area=Science, job_prospects=None, course_load=None, practical_component=True, advanced_study=None, flexibility=None, duration=None, location_preference=None, tuition_budget=None [0m
Academic Advisor: You have Environmental Science, Chemistry, Computer Science, Biochemistry, and Biology.
College Student: What about job prospects for those majors?
[37m 	 name=None, interest_area=Science, job_prospects=None, course_load=None, practical_component=True, advanced_study=None, flexibility=None, duration=None, location_preference=None, tuition_budget=None [0m
Academic Advisor: Environmental Science and Computer Science have high job prospects, while Chemistry, Biochemistry, and Biology have medium job prospects.
College Student: I prefer a major with medium job prospects. Can you tell me more about the course load for Chemistry, Biochemistry, and Biology?
[37m 	 name=None, interest_area=Science, job_prospects=Medium, course_load=None, practical_component=True, advanced_study=None, flexibility=None, duration=None, location_preference=None, tuition_budget=None [0m
Academic Advisor: Chemistry and Biology have a heavy course load, while Biochemistry has a moderate course load.
College Student: Biochemistry sounds interesting with a moderate course load. Does it include a practical component?
[37m 	 name=Biochemistry, interest_area=Science, job_prospects=Medium, course_load=Moderate, practical_component=True, advanced_study=None, flexibility=None, duration=None, location_preference=None, tuition_budget=None [0m
Academic Advisor: Yes, Biochemistry includes a practical component.
College Student: Great! Is advanced study required for Biochemistry?
[37m 	 name=Biochemistry, interest_area=Science, job_prospects=Medium, course_load=Moderate, practical_component=True, advanced_study=Required, flexibility=None, duration=None, location_preference=None, tuition_budget=None [0m
Academic Advisor: Yes, advanced study is required for Biochemistry.
College Student: That aligns with my preferences! How flexible is the Biochemistry major in terms of course selection?
[37m 	 name=Biochemistry, interest_area=Science, job_prospects=Medium, course_load=Moderate, practical_component=True, advanced_study=Required, flexibility=None, duration=None, location_preference=None, tuition_budget=None [0m
Academic Advisor: The Biochemistry major is structured, so it has less flexibility in course selection.
College Student: That's okay! I'm fine with a structured program. What's the typical duration to complete the Biochemistry major?
[37m 	 name=Biochemistry, interest_area=Science, job_prospects=Medium, course_load=Moderate, practical_component=True, advanced_study=Required, flexibility=Structured, duration=None, location_preference=None, tuition_budget=None [0m
Academic Advisor: The typical duration to complete the Biochemistry major is four years.
College Student: Perfect! Is Biochemistry offered at the Main Campus?
[37m 	 name=Biochemistry, interest_area=Science, job_prospects=Medium, course_load=Moderate, practical_component=True, advanced_study=Required, flexibility=Structured, duration=4, location_preference=Main Campus, tuition_budget=None [0m
Academic Advisor: Yes, Biochemistry is offered at the Main Campus.
College Student: Awesome! Lastly, what’s the tuition budget for the Biochemistry major?
[37m 	 name=Biochemistry, interest_area=Science, job_prospects=Medium, course_load=Moderate, practical_component=True, advanced_study=Required, flexibility=Structured, duration=4, location_preference=Main Campus, tuition_budget=None [0m
Academic Advisor: The tuition for the Biochemistry major is $16,000.
College Student: That fits my budget! I think I'm ready to choose Biochemistry as my major.
[37m 	 name=Biochemistry, interest_area=Science, job_prospects=Medium, course_load=Moderate, practical_component=True, advanced_study=Required, flexibility=Structured, duration=4, location_preference=Main Campus, tuition_budget=16000.0 [0m
Academic Advisor: Great choice! Biochemistry is a fantastic major.
------------------------------------------------
College Student: Thanks! Now, can you help me find a suitable course for Biochemistry?
[37m 	 name=Biochemistry, relevance=Medium, difficulty=Moderate, format=None, duration=4, credits=None, instructor=None, schedule_conflict=None, prerequisites_met=True, cost=16000, location=Main Campus [0m
Academic Advisor: Sure! What specific criteria do you have in mind for the Biochemistry course?
College Student: I'm looking for an in-person course, ideally 15 weeks long, with 4 credits, taught by Dr. Green.
[37m 	 name=None, relevance=Medium, difficulty=None, format=In-Person, duration=15, credits=4, instructor=Dr. Green, schedule_conflict=None, prerequisites_met=None, cost=16000, location=Main Campus [0m
Academic Advisor: The course "Pharmacology I" fits your criteria: it's in-person, 15 weeks long, offers 4 credits, and is taught by Dr. Green. Would you like to go with that?
College Student: Yes, that sounds perfect! Let's finalize "Pharmacology I."
[37m 	 name=Pharmacology I, relevance=None, difficulty=None, format=In-Person, duration=15, credits=4, instructor=Dr. Green, schedule_conflict=None, prerequisites_met=None, cost=16000, location=Main Campus [0m
Academic Advisor: Great choice! "Pharmacology I" is all set for you. Good luck with your studies!
------------------------------------------------
College Student: Thanks! Now, can you help me find a section for Biology?
[37m 	 name=Pharmacology I, time=None, location=Main Campus, size=None, mode_of_delivery=in-person, instructor_preference=Dr. Green, day_of_week=None, level=undergraduate, subject=Biochemistry [0m
Academic Advisor: Sure! What specific criteria do you have in mind for the Biology section?
College Student: I'm looking for a hybrid section on Thursdays from 10:00 AM to 11:30 AM, preferably taught by Dr. Smith.
[37m 	 name=None, time=10:00 AM - 11:30 AM, location=None, size=None, mode_of_delivery=hybrid, instructor_preference=Dr. Smith, day_of_week=Thursday, level=None, subject=Biology [0m
Academic Advisor: There's a "Genetics" section on Thursday from 10:00 AM to 11:30 AM, but it's taught by Dr. Lee, not Dr. Smith. Would you like to consider that?
College Student: I’d prefer to wait for a section with Dr. Smith. Are there any other options available?
[37m 	 name=None, time=10:00 AM - 11:30 AM, location=None, size=None, mode_of_delivery=hybrid, instructor_preference=Dr. Smith, day_of_week=Thursday, level=None, subject=Biology [0m
Academic Advisor: Unfortunately, there are no other hybrid sections on Thursdays with Dr. Smith available right now. Would you like to explore different days or formats?
College Student: Okay, let's check for a section on Wednesday instead. What do you have?
[37m 	 name=None, time=10:00 AM - 11:30 AM, location=None, size=None, mode_of_delivery=hybrid, instructor_preference=Dr. Smith, day_of_week=Wednesday, level=None, subject=Biology [0m
Academic Advisor: On Wednesday, there's a "Genetics" section from 9:00 AM to 10:30 AM taught by Dr. Lee, and another "Genetics" section from 10:00 AM to 11:30 AM taught by Dr. Smith. Would you like to go with the one taught by Dr. Smith?
College Student: Yes, let's go with the "Genetics" section on Wednesday from 10:00 AM to 11:30 AM with Dr. Smith!
[37m 	 name=Genetics, time=10:00 AM - 11:30 AM, location=Main Campus, size=None, mode_of_delivery=hybrid, instructor_preference=Dr. Smith, day_of_week=Wednesday, level=None, subject=Biology [0m
Academic Advisor: Excellent choice! The "Genetics" section with Dr. Smith on Wednesday is all set for you. Enjoy your class!
------------------------------------------------
College Student: I'm thinking about majoring in Humanities, but I'm not sure about the job prospects.
[37m 	 name=None, interest_area=Humanities, job_prospects=None, course_load=None, practical_component=None, advanced_study=None, flexibility=None, duration=None, location_preference=None, tuition_budget=None [0m
Academic Advisor: Humanities majors generally have lower job prospects; are you open to exploring other areas?
College Student: I’d like to stick with Humanities for now, but what about the course load?
[37m 	 name=Humanities, interest_area=Humanities, job_prospects=Low, course_load=None, practical_component=None, advanced_study=None, flexibility=None, duration=None, location_preference=None, tuition_budget=None [0m
Academic Advisor: Most Humanities majors have a light to moderate course load; do you prefer a lighter load?
College Student: A moderate course load sounds good to me. What about practical components?
[37m 	 name=None, interest_area=Humanities, job_prospects=Low, course_load=Moderate, practical_component=None, advanced_study=None, flexibility=None, duration=None, location_preference=None, tuition_budget=None [0m
Academic Advisor: In Humanities, practical components are usually minimal; does that work for you?
College Student: Yes, that works for me. How about advanced study requirements?
[37m 	 name=Humanities, interest_area=Humanities, job_prospects=Low, course_load=Moderate, practical_component=False, advanced_study=None, flexibility=None, duration=None, location_preference=None, tuition_budget=None [0m
Academic Advisor: Most Humanities majors have optional advanced study; is that acceptable for you?
College Student: Absolutely! What about flexibility in the program?
[37m 	 name=None, interest_area=Humanities, job_prospects=Low, course_load=Moderate, practical_component=False, advanced_study=Optional, flexibility=None, duration=None, location_preference=None, tuition_budget=None [0m
Academic Advisor: Humanities programs typically offer flexibility in course selection; does that sound good?
College Student: Yes, that sounds perfect! How long does it usually take to complete?
[37m 	 name=Humanities, interest_area=Humanities, job_prospects=Low, course_load=Moderate, practical_component=False, advanced_study=Optional, flexibility=Flexible, duration=None, location_preference=None, tuition_budget=None [0m
Academic Advisor: Most Humanities majors take about four years to complete; is that timeframe okay for you?
College Student: Yes, four years is fine. What about the location?
[37m 	 name=Humanities, interest_area=Humanities, job_prospects=Low, course_load=Moderate, practical_component=False, advanced_study=Optional, flexibility=Flexible, duration=4, location_preference=None, tuition_budget=None [0m
Academic Advisor: There are Humanities majors available at various campuses; do you have a preferred location?
College Student: I prefer the Downtown Campus. What about tuition costs?
[37m 	 name=Humanities, interest_area=Humanities, job_prospects=Low, course_load=Moderate, practical_component=False, advanced_study=Optional, flexibility=Flexible, duration=4, location_preference=Downtown Campus, tuition_budget=None [0m
Academic Advisor: Tuition for Humanities majors at Downtown Campus ranges from about $10,500 to $12,000; does that fit your budget?
College Student: Yes, my budget of $11,000 works! I think I'm ready to choose Humanities as my Major.
[37m 	 name=Humanities, interest_area=Humanities, job_prospects=Low, course_load=Moderate, practical_component=False, advanced_study=Optional, flexibility=Flexible, duration=4, location_preference=Downtown Campus, tuition_budget=11000.0 [0m
Academic Advisor: Great choice! You can consider Political Science or Philosophy at Downtown Campus; would you like to go with one of those?
College Student: I think I'll go with Political Science! Thank you for your help!
[37m 	 name=Political Science, interest_area=Humanities, job_prospects=Low, course_load=Moderate, practical_component=False, advanced_study=Optional, flexibility=Flexible, duration=4, location_preference=Downtown Campus, tuition_budget=11000.0 [0m
Academic Advisor: You're welcome! Best of luck with your Political Science major!
------------------------------------------------
College Student: Thanks! Now, can you help me find a suitable course?
[37m 	 name=None, relevance=High, difficulty=Moderate, format=None, duration=None, credits=None, instructor=None, schedule_conflict=None, prerequisites_met=None, cost=11000, location=Downtown Campus [0m
Academic Advisor: Sure! What specific characteristics are you looking for in a course?
College Student: I'm looking for an in-person course with medium relevance to my studies.
[37m 	 name=None, relevance=Medium, difficulty=None, format=In-Person, duration=None, credits=None, instructor=None, schedule_conflict=None, prerequisites_met=None, cost=None, location=Downtown Campus [0m
Academic Advisor: Got it! How about "Political Behavior"? It's in-person and has medium relevance. Would you like to know more?
College Student: Yes, please! What’s the difficulty level and duration?
[37m 	 name=Political Behavior, relevance=Medium, difficulty=None, format=In-Person, duration=None, credits=None, instructor=None, schedule_conflict=None, prerequisites_met=None, cost=None, location=Downtown Campus [0m
Academic Advisor: "Political Behavior" is easy in difficulty and lasts for 10 weeks. Does that sound good?
College Student: That sounds great! How many credits does it offer?
[37m 	 name=Political Behavior, relevance=Medium, difficulty=Easy, format=In-Person, duration=10, credits=None, instructor=None, schedule_conflict=None, prerequisites_met=None, cost=None, location=Downtown Campus [0m
Academic Advisor: It offers 3 credits. Are you interested in enrolling in "Political Behavior"?
College Student: Yes, I am! Who's the instructor for the course?
[37m 	 name=Political Behavior, relevance=Medium, difficulty=Easy, format=In-Person, duration=10, credits=3, instructor=None, schedule_conflict=None, prerequisites_met=None, cost=None, location=Downtown Campus [0m
Academic Advisor: The instructor for "Political Behavior" is Dr. Blue. Ready to finalize your enrollment?
College Student: Yes, I'm ready to finalize my enrollment! Thank you!
[37m 	 name=Political Behavior, relevance=Medium, difficulty=Easy, format=In-Person, duration=10, credits=3, instructor=Dr. Blue, schedule_conflict=None, prerequisites_met=None, cost=None, location=Downtown Campus [0m
Academic Advisor: You're all set! Enjoy your course with Dr. Blue!
------------------------------------------------
College Student: Thanks! Now, could you help me find a suitable section for Political Science?
[37m 	 name=Political Behavior, time=None, location=Downtown Campus, size=None, mode_of_delivery=in-person, instructor_preference=Dr. Blue, day_of_week=None, level=undergraduate, subject=Political Science [0m
Academic Advisor: Of course! What specific preferences do you have for the section, like time or delivery mode?
College Student: I prefer an in-person section at 10:45 AM on Tuesdays.
[37m 	 name=None, time=10:45 AM, location=None, size=None, mode_of_delivery=in-person, instructor_preference=None, day_of_week=Tuesday, level=undergraduate, subject=Political Science [0m
Academic Advisor: There's a section called "Political Economy" at 10:45 AM on Tuesdays; would you like more details?
College Student: Yes, please! What’s the class size and who’s teaching it?
[37m 	 name=Political Economy, time=10:45 AM, location=None, size=None, mode_of_delivery=in-person, instructor_preference=None, day_of_week=Tuesday, level=None, subject=Political Science [0m
Academic Advisor: The "Political Economy" section has a class size of 35 students and is taught by Dr. Black. Interested in this section?
College Student: Yes, that sounds perfect! Can you help me enroll?
[37m 	 name=Political Economy, time=10:45 AM, location=Downtown Campus, size=35, mode_of_delivery=in-person, instructor_preference=Dr. Black, day_of_week=Tuesday, level=undergraduate, subject=Political Science [0m
Academic Advisor: You're all set to enroll in "Political Economy" with Dr. Black! Enjoy your class!
------------------------------------------------
College Student: I'm really interested in a Business Major with high job prospects. What do you think?
[37m 	 name=None, interest_area=Business, job_prospects=High, course_load=None, practical_component=None, advanced_study=None, flexibility=None, duration=None, location_preference=None, tuition_budget=None [0m
Academic Advisor: That sounds great! You might want to consider Business Management or Finance; both have high job prospects. Would you like more details on either?
College Student: Can you tell me more about the course load for Business Management?
[37m 	 name=Business Management, interest_area=Business, job_prospects=High, course_load=None, practical_component=None, advanced_study=None, flexibility=None, duration=None, location_preference=None, tuition_budget=None [0m
Academic Advisor: The course load for Business Management is moderate, which is quite manageable. Would you like to know about its practical components or tuition next?
College Student: Yes, does Business Management include any practical components?
[37m 	 name=Business Management, interest_area=Business, job_prospects=High, course_load=Moderate, practical_component=True, advanced_study=None, flexibility=None, duration=None, location_preference=None, tuition_budget=None [0m
Academic Advisor: Yes, Business Management includes practical components like internships. Does that sound good to you?
College Student: Definitely! What about the tuition fees for Business Management?
[37m 	 name=Business Management, interest_area=Business, job_prospects=High, course_load=Moderate, practical_component=True, advanced_study=None, flexibility=None, duration=None, location_preference=None, tuition_budget=None [0m
Academic Advisor: The tuition fees for Business Management are $17,500. Does that fit within your budget?
College Student: Yes, that's within my budget! How about the duration of the program?
[37m 	 name=Business Management, interest_area=Business, job_prospects=High, course_load=Moderate, practical_component=True, advanced_study=None, flexibility=None, duration=None, location_preference=None, tuition_budget=17500.0 [0m
Academic Advisor: The duration of the Business Management program is four years. Are you ready to choose this major?
College Student: Yes, I think I’ll go with Business Management! Thanks for your help!
[37m 	 name=Business Management, interest_area=Business, job_prospects=High, course_load=Moderate, practical_component=True, advanced_study=None, flexibility=None, duration=4, location_preference=None, tuition_budget=17500.0 [0m
Academic Advisor: You're welcome! Great choice with Business Management! Good luck with your studies!
------------------------------------------------
College Student: Thanks! Now, can you help me find a suitable course?
[37m 	 name=Business Management, relevance=High, difficulty=Moderate, format=None, duration=208, credits=None, instructor=None, schedule_conflict=None, prerequisites_met=None, cost=17500.0, location=None [0m
Academic Advisor: Of course! What specific characteristics are you looking for in a course?
College Student: I want a course that’s highly relevant, difficult, and hybrid format.
[37m 	 name=None, relevance=High, difficulty=Difficult, format=Hybrid, duration=None, credits=None, instructor=None, schedule_conflict=None, prerequisites_met=None, cost=None, location=None [0m
Academic Advisor: Got it! I found a course that matches: "Consumer Behavior." Would you like to hear more about it?
College Student: Yes, please share more details about "Consumer Behavior."
[37m 	 name=Consumer Behavior, relevance=High, difficulty=Difficult, format=Hybrid, duration=None, credits=None, instructor=None, schedule_conflict=None, prerequisites_met=None, cost=17500, location=None [0m
Academic Advisor: "Consumer Behavior" is highly relevant, difficult, hybrid format, 12 weeks long, 3 credits, taught by Dr. Johnson, and costs $2,000. Does that sound good to you?
College Student: That sounds perfect! Are there any prerequisites for this course?
[37m 	 name=Consumer Behavior, relevance=High, difficulty=Difficult, format=Hybrid, duration=12, credits=3, instructor=Dr. Johnson, schedule_conflict=None, prerequisites_met=None, cost=2000, location=None [0m
Academic Advisor: Yes, the prerequisites for "Consumer Behavior" are met. Are you ready to choose this course?
College Student: Yes, I’m ready to choose "Consumer Behavior"! Thank you!
[37m 	 name=Consumer Behavior, relevance=High, difficulty=Difficult, format=Hybrid, duration=12, credits=3, instructor=Dr. Johnson, schedule_conflict=None, prerequisites_met=True, cost=2000, location=None [0m
Academic Advisor: You're welcome! Great choice with "Consumer Behavior"! Good luck with your course!
------------------------------------------------
College Student: Thanks! Now, can you help me find a section for "Statistics for Data Science"?
[37m 	 name=Statistics for Data Science, time=None, location=None, size=None, mode_of_delivery=hybrid, instructor_preference=None, day_of_week=None, level=None, subject=None [0m
Academic Advisor: Sure! What specific characteristics are you looking for in a section for "Statistics for Data Science"?
College Student: I'm looking for the section to be online, with a maximum size of 30 students.
[37m 	 name=None, time=None, location=None, size=30, mode_of_delivery=online, instructor_preference=None, day_of_week=None, level=None, subject=Statistics for Data Science [0m
Academic Advisor: I found two online sections for "Statistics for Data Science" with sizes of 30 or fewer. Would you like details on both?
College Student: Yes, please share the details of both sections!
[37m 	 name=None, time=None, location=None, size=30, mode_of_delivery=online, instructor_preference=None, day_of_week=None, level=None, subject=Statistics for Data Science [0m
Academic Advisor: The first section is on Thursday from 09:00 AM - 10:30 AM, taught by Dr. Smith, size 30, located in Building E. The second section is also on Thursday from 09:00 AM - 10:30 AM, taught by Prof. Anderson, size 25, located in Building D. Which one do you prefer?
College Student: I prefer the second section with Prof. Anderson in Building D!
[37m 	 name=Statistics for Data Science, time=09:00 AM - 10:30 AM, location=Building D, size=25, mode_of_delivery=online, instructor_preference=Prof. Anderson, day_of_week=Thursday, level=None, subject=None [0m
Academic Advisor: Great choice! You've selected the "Statistics for Data Science" section with Prof. Anderson in Building D. Good luck!
------------------------------------------------
College Student: I'm really interested in Social Sciences, but I want to keep my course load light. What options do I have?
[37m 	 name=None, interest_area=Social Sciences, job_prospects=None, course_load=Light, practical_component=None, advanced_study=None, flexibility=None, duration=None, location_preference=None, tuition_budget=None [0m
Academic Advisor: You could consider Sociology or Psychology; both have a light course load in Social Sciences.
College Student: Great! What are the job prospects like for Sociology and Psychology?
[37m 	 name=None, interest_area=Social Sciences, job_prospects=None, course_load=Light, practical_component=None, advanced_study=None, flexibility=None, duration=None, location_preference=None, tuition_budget=None [0m
Academic Advisor: Both Sociology and Psychology have medium job prospects.
College Student: That's good to know! Do either of these majors include practical components like internships?
[37m 	 name=None, interest_area=Social Sciences, job_prospects=Medium, course_load=Light, practical_component=None, advanced_study=None, flexibility=None, duration=None, location_preference=None, tuition_budget=None [0m
Academic Advisor: Sociology doesn't include practical components, but Psychology does require advanced study and has practical components.
College Student: I prefer a major without a practical component. So, Sociology sounds like a better fit. What about flexibility in course selection?
[37m 	 name=Sociology, interest_area=Social Sciences, job_prospects=Medium, course_load=Light, practical_component=False, advanced_study=Not Required, flexibility=None, duration=None, location_preference=None, tuition_budget=None [0m
Academic Advisor: Sociology offers flexibility in course selection, which is a nice advantage!
College Student: Awesome! And how long does it typically take to complete a Sociology major?
[37m 	 name=Sociology, interest_area=Social Sciences, job_prospects=Medium, course_load=Light, practical_component=False, advanced_study=Not Required, flexibility=Flexible, duration=None, location_preference=None, tuition_budget=None [0m
Academic Advisor: It typically takes four years to complete a Sociology major.
College Student: Perfect! Lastly, can you tell me if Sociology is offered at a suburban campus within my tuition budget?
[37m 	 name=Sociology, interest_area=Social Sciences, job_prospects=Medium, course_load=Light, practical_component=False, advanced_study=Not Required, flexibility=Flexible, duration=4, location_preference=Suburban, tuition_budget=None [0m
Academic Advisor: Yes, Sociology is offered at a suburban campus with a tuition of $10,000, which is within your budget.
College Student: That sounds like the right choice for me! I’d like to go with Sociology as my major.
[37m 	 name=Sociology, interest_area=Social Sciences, job_prospects=Medium, course_load=Light, practical_component=False, advanced_study=Not Required, flexibility=Flexible, duration=4, location_preference=Suburban, tuition_budget=10000.0 [0m
Academic Advisor: Great choice! Sociology is a fantastic major. Good luck with your studies!
------------------------------------------------
College Student: Thanks! Now, can you help me find a suitable course for Sociology?
[37m 	 name=Sociology, relevance=High, difficulty=Easy, format=None, duration=None, credits=None, instructor=None, schedule_conflict=None, prerequisites_met=None, cost=10000, location=Suburban Campus [0m
Academic Advisor: Sure! What specific characteristics are you looking for in a Sociology course?
College Student: I'm looking for a course that's highly relevant, easy, hybrid format, lasts about 14 weeks, offers 3 credits, and preferably taught by Prof. Johnson.
[37m 	 name=None, relevance=High, difficulty=Easy, format=Hybrid, duration=14, credits=3, instructor=Prof. Johnson, schedule_conflict=None, prerequisites_met=None, cost=10000, location=Suburban [0m
Academic Advisor: I have a course that matches most of your criteria: "Social Psychology" is highly relevant, easy, hybrid format, 14 weeks, 3 credits, but not taught by Prof. Johnson. Would you like to consider it?
College Student: Yes, that sounds good! What’s the cost for the "Social Psychology" course?
[37m 	 name=Social Psychology, relevance=High, difficulty=Easy, format=Hybrid, duration=14, credits=3, instructor=Prof. Johnson, schedule_conflict=None, prerequisites_met=None, cost=10000, location=Suburban Campus [0m
Academic Advisor: The cost for the "Social Psychology" course is $1,100.
College Student: That fits my budget! Does it have any schedule conflicts or prerequisites?
[37m 	 name=Social Psychology, relevance=High, difficulty=Easy, format=Hybrid, duration=14, credits=3, instructor=None, schedule_conflict=None, prerequisites_met=None, cost=1100, location=None [0m
Academic Advisor: The "Social Psychology" course has schedule conflicts and does not meet prerequisites. Would you like to explore other options?
College Student: Yes, please! Are there any other Sociology courses that meet all my criteria?
[37m 	 name=Social Psychology, relevance=High, difficulty=Easy, format=Hybrid, duration=14, credits=3, instructor=Prof. Johnson, schedule_conflict=True, prerequisites_met=False, cost=1100, location=Suburban Campus [0m
Academic Advisor: The "Introduction to Sociology" course is highly relevant, easy, in-person, lasts 16 weeks, offers 3 credits, taught by Dr. Smith, with no schedule conflicts or prerequisites. Would that work for you?
College Student: It sounds good, but I prefer a hybrid format. Any other options available?
[37m 	 name=Social Psychology, relevance=High, difficulty=Easy, format=Hybrid, duration=14, credits=3, instructor=Prof. Johnson, schedule_conflict=False, prerequisites_met=True, cost=1100.0, location=None [0m
Academic Advisor: The "Developmental Psychology" course is hybrid, moderately relevant, and meets your criteria, but it’s not highly relevant. Would you like to consider that?
College Student: I’d prefer to stick with highly relevant courses. Are there any more options that fit all my criteria?
[37m 	 name=None, relevance=High, difficulty=Easy, format=Hybrid, duration=14, credits=3, instructor=Prof. Johnson, schedule_conflict=False, prerequisites_met=None, cost=1100, location=None [0m
Academic Advisor: Unfortunately, there are no highly relevant hybrid courses that meet all your criteria. Would you like to adjust any of your preferences?
College Student: I can accept a moderate relevance. Let's go with the "Developmental Psychology" course then!
[37m 	 name=Developmental Psychology, relevance=Medium, difficulty=Easy, format=Hybrid, duration=16, credits=3, instructor=None, schedule_conflict=False, prerequisites_met=None, cost=1100, location=None [0m
Academic Advisor: Great choice! The "Developmental Psychology" course is a solid option. Good luck with your studies!
------------------------------------------------
College Student: Thanks! Now, can you help me find a suitable Section for my Anthropology course?
[37m 	 name=None, time=None, location=None, size=None, mode_of_delivery=hybrid, instructor_preference=None, day_of_week=None, level=undergraduate, subject=Anthropology [0m
Academic Advisor: Sure! What specific characteristics are you looking for in your Anthropology course section?
College Student: I'm looking for a section that's hybrid, ideally on Fridays, with a maximum size of 40 students, and preferably taught by Dr. Smith.
[37m 	 name=None, time=None, location=None, size=40, mode_of_delivery=hybrid, instructor_preference=Dr. Smith, day_of_week=Friday, level=None, subject=Anthropology [0m
Academic Advisor: There's a "Cultural Anthropology" section on Friday that's hybrid, has a size of 40 students, but it's taught by Dr. Green. Would you like to consider that?
College Student: Yes, that sounds good! What are the timings for the "Cultural Anthropology" section?
[37m 	 name=Cultural Anthropology, time=None, location=None, size=40, mode_of_delivery=hybrid, instructor_preference=Dr. Smith, day_of_week=Friday, level=None, subject=Anthropology [0m
Academic Advisor: The "Cultural Anthropology" section is scheduled from 10:00 AM to 11:30 AM on Fridays.
College Student: Perfect! Does it fit within my budget?
[37m 	 name=Cultural Anthropology, time=10:00 AM - 11:30 AM, location=None, size=40, mode_of_delivery=hybrid, instructor_preference=Dr. Smith, day_of_week=Friday, level=None, subject=Anthropology [0m
Academic Advisor: Yes, the "Cultural Anthropology" section fits within your budget!
College Student: Awesome! I’d like to enroll in the "Cultural Anthropology" section.
[37m 	 name=Cultural Anthropology, time=10:00 AM - 11:30 AM, location=None, size=40, mode_of_delivery=hybrid, instructor_preference=None, day_of_week=Friday, level=None, subject=Anthropology [0m
Academic Advisor: Great choice! You're all set to enroll in the "Cultural Anthropology" section. Good luck with your studies!
```python
dialogue = DialogueForMultipleSearches(
    searcher="Soccer Coach",
    recommender="Coaching Assistant",
    scenario="A soccer coach is getting help from a coaching assistant to look for a formation for the upcoming match and a position for the star player.",
    topics=[
        SearchTopic(
            searched_item_type_name="Formation",
            possible_criteria={
                "Tactical Style": "Attacking",
                "Player Compatibility": "Best for current team",
                "Opponent's Strength": "Aggressive",
            }
        ),
        SearchTopic(
            searched_item_type_name="Star Player Position",
            possible_criteria={
                "Player Strengths": "Speed and Dribbling",
                "Opponent Weaknesses": "Defensive Gaps",
                "Team Strategy": "Counter-Attack",
            }
        )
    ]
)
```
------------------------------------------------
Soccer Coach:   I'm looking for a defensive formation, ideally suited for a strong opponent.
[37m 	 name=None, tactical_style=Defensive, player_compatibility=None, opponent_strength=Strong, preferred_wing_play=None, midfield_dominance=None, defensive_solidity=None, formation_width=None, attacking_flair=None, set_piece_strength=None [0m
Coaching Assistant: How important is player compatibility for you?
Soccer Coach:   I’d like it to be around 0.55 for player compatibility.
[37m 	 name=None, tactical_style=Defensive, player_compatibility=0.55, opponent_strength=Strong, preferred_wing_play=None, midfield_dominance=None, defensive_solidity=None, formation_width=None, attacking_flair=None, set_piece_strength=None [0m
Coaching Assistant: The 5-3-2 formation fits that, but it has low attacking flair. Is that okay?
Soccer Coach:   Yes, low attacking flair is fine for this match.
[37m 	 name=None, tactical_style=Defensive, player_compatibility=0.55, opponent_strength=Strong, preferred_wing_play=None, midfield_dominance=None, defensive_solidity=None, formation_width=None, attacking_flair=False, set_piece_strength=None [0m
Coaching Assistant: Great! So, would you like to go with the 5-3-2 formation?
Soccer Coach:   Yes, let's finalize the 5-3-2 formation!
[37m 	 name=5-3-2, tactical_style=Defensive, player_compatibility=0.55, opponent_strength=Strong, preferred_wing_play=None, midfield_dominance=None, defensive_solidity=None, formation_width=None, attacking_flair=False, set_piece_strength=None [0m
Coaching Assistant: Awesome choice! The 5-3-2 formation is set. Good luck with the match!
------------------------------------------------
Soccer Coach:   Thanks! Now, can you help me find a suitable Star Player Position?
[37m 	 name=None, player_strengths=None, opponent_weaknesses=None, team_strategy=defensive, preferred_formation=5-3-2, match_conditions=None, leadership_qualities=None, experience_level=None [0m
Coaching Assistant: Sure! Are you looking for a player with strong defensive skills?
Soccer Coach:   Actually, I'm focusing on a player with strength.
[37m 	 name=None, player_strengths=strength, opponent_weaknesses=None, team_strategy=defensive, preferred_formation=5-3-2, match_conditions=None, leadership_qualities=None, experience_level=None [0m
Coaching Assistant: Got it! Would you prefer a veteran player for that strength?
Soccer Coach:   An experienced player would be ideal, not necessarily a veteran.
[37m 	 name=None, player_strengths=strength, opponent_weaknesses=None, team_strategy=defensive, preferred_formation=5-3-2, match_conditions=None, leadership_qualities=None, experience_level=experienced [0m
Coaching Assistant: I recommend the "Defensive Wall" or the "Powerful Striker" for experienced strength. Which one sounds better?
Soccer Coach:   Let's go with the "Defensive Wall."
[37m 	 name=Defensive Wall, player_strengths=strength, opponent_weaknesses=None, team_strategy=defensive, preferred_formation=5-3-2, match_conditions=None, leadership_qualities=None, experience_level=experienced [0m
Coaching Assistant: Great choice! The "Defensive Wall" is finalized. Good luck out there!
------------------------------------------------
Soccer Coach:   I'm looking for a formation that emphasizes possession and midfield dominance. Do you have any suggestions?
[37m 	 name=None, tactical_style=Possession, player_compatibility=None, opponent_strength=None, preferred_wing_play=None, midfield_dominance=True, defensive_solidity=None, formation_width=None, attacking_flair=None, set_piece_strength=None [0m
Coaching Assistant: Yes, I recommend the 4-2-3-1 or the 4-2-2-2; both emphasize possession and midfield dominance.
Soccer Coach:   What do you think about the attacking flair in those formations?
[37m 	 name=None, tactical_style=Possession, player_compatibility=None, opponent_strength=None, preferred_wing_play=None, midfield_dominance=True, defensive_solidity=None, formation_width=None, attacking_flair=None, set_piece_strength=None [0m
Coaching Assistant: The 4-2-3-1 has attacking flair, while the 4-2-2-2 also emphasizes attacking play.
Soccer Coach:   I prefer something with a bit more attacking flair. How does the 4-2-3-1 handle defensive solidity?
[37m 	 name=4-2-3-1, tactical_style=Possession, player_compatibility=None, opponent_strength=None, preferred_wing_play=None, midfield_dominance=True, defensive_solidity=None, formation_width=None, attacking_flair=True, set_piece_strength=None [0m
Coaching Assistant: The 4-2-3-1 has good defensive solidity, but it's not as strong defensively as some other formations.
Soccer Coach:   Would you say the 4-2-3-1 is compatible with my players?
[37m 	 name=4-2-3-1, tactical_style=Possession, player_compatibility=None, opponent_strength=None, preferred_wing_play=None, midfield_dominance=True, defensive_solidity=True, formation_width=None, attacking_flair=True, set_piece_strength=None [0m
Coaching Assistant: Yes, the 4-2-3-1 has a player compatibility score of 0.75, which is decent.
Soccer Coach:   That sounds promising! How does the formation perform in set pieces?
[37m 	 name=4-2-3-1, tactical_style=Possession, player_compatibility=0.75, opponent_strength=None, preferred_wing_play=None, midfield_dominance=True, defensive_solidity=True, formation_width=None, attacking_flair=True, set_piece_strength=None [0m
Coaching Assistant: The 4-2-3-1 has a medium strength in set-piece situations.
Soccer Coach:   Great! I think the 4-2-3-1 might be the right fit for my criteria. Let's go with that!
[37m 	 name=4-2-3-1, tactical_style=Possession, player_compatibility=0.75, opponent_strength=None, preferred_wing_play=None, midfield_dominance=True, defensive_solidity=True, formation_width=None, attacking_flair=True, set_piece_strength=Medium [0m
Coaching Assistant: Awesome choice! The 4-2-3-1 should work well for your team.
------------------------------------------------
Soccer Coach:   Thanks! Now, can we find a suitable Star Player Position for the 4-2-3-1? Any thoughts?
[37m 	 name=None, player_strengths=None, opponent_weaknesses=None, team_strategy=offensive, preferred_formation=4-2-3-1, match_conditions=None, leadership_qualities=None, experience_level=None [0m
Coaching Assistant: Sure! For the 4-2-3-1, an Attacking Midfielder or Playmaker would be ideal.
Soccer Coach:   I like the idea of an Attacking Midfielder. What strengths should we focus on for that position?
[37m 	 name=Attacking Midfielder, player_strengths=technique, opponent_weaknesses=None, team_strategy=offensive, preferred_formation=4-2-3-1, match_conditions=None, leadership_qualities=None, experience_level=None [0m
Coaching Assistant: For an Attacking Midfielder, focus on technique and the ability to exploit opponent defenses.
Soccer Coach:   Technique sounds good, but I prefer agility as the key strength. Does that still work?
[37m 	 name=Attacking Midfielder, player_strengths=agility, opponent_weaknesses=None, team_strategy=None, preferred_formation=4-2-3-1, match_conditions=None, leadership_qualities=None, experience_level=None [0m
Coaching Assistant: Agility is less common for an Attacking Midfielder, but a Forward or Second Striker might suit that strength better.
Soccer Coach:   Got it! A Forward could work well. What about their experience level?
[37m 	 name=Forward, player_strengths=agility, opponent_weaknesses=None, team_strategy=None, preferred_formation=4-2-3-1, match_conditions=None, leadership_qualities=None, experience_level=None [0m
Coaching Assistant: For a Forward, an experienced player would be ideal to maximize impact in the 4-2-3-1 formation.
Soccer Coach:   Perfect! So, an experienced Forward with agility it is. How about their leadership qualities?
[37m 	 name=Forward, player_strengths=agility, opponent_weaknesses=None, team_strategy=None, preferred_formation=4-2-3-1, match_conditions=None, leadership_qualities=None, experience_level=experienced [0m
Coaching Assistant: Leadership qualities aren't essential for a Forward, so you can choose a player without those traits.
Soccer Coach:   Great! I think we have a solid choice: an experienced Forward with agility. Let's finalize that!
[37m 	 name=Forward, player_strengths=agility, opponent_weaknesses=None, team_strategy=None, preferred_formation=4-2-3-1, match_conditions=None, leadership_qualities=False, experience_level=experienced [0m
Coaching Assistant: Excellent choice! An experienced Forward with agility will fit perfectly in your 4-2-3-1.
------------------------------------------------
Soccer Coach:   I'm looking for a counter-attack formation, any suggestions?
[37m 	 name=None, tactical_style=Counter-Attack, player_compatibility=None, opponent_strength=None, preferred_wing_play=None, midfield_dominance=None, defensive_solidity=None, formation_width=None, attacking_flair=None, set_piece_strength=None [0m
Coaching Assistant: How about the 4-4-2 Counter-Attack or the 4-3-2-1?
Soccer Coach:   I like the 4-4-2 Counter-Attack, but how does it handle midfield dominance?
[37m 	 name=4-4-2, tactical_style=Counter-Attack, player_compatibility=None, opponent_strength=None, preferred_wing_play=None, midfield_dominance=None, defensive_solidity=None, formation_width=None, attacking_flair=None, set_piece_strength=None [0m
Coaching Assistant: The 4-4-2 Counter-Attack doesn't focus on midfield dominance. Would you like to consider something else?
Soccer Coach:   Yes, what about the 4-3-3? Does it support midfield dominance?
[37m 	 name=4-3-3, tactical_style=Counter-Attack, player_compatibility=None, opponent_strength=None, preferred_wing_play=None, midfield_dominance=True, defensive_solidity=None, formation_width=None, attacking_flair=None, set_piece_strength=None [0m
Coaching Assistant: Yes, the 4-3-3 supports midfield dominance and has a possession style. Interested in that one?
Soccer Coach:   Actually, I prefer a counter-attack style. Is there a 4-3-3 variation for that?
[37m 	 name=None, tactical_style=Counter-Attack, player_compatibility=None, opponent_strength=None, preferred_wing_play=None, midfield_dominance=None, defensive_solidity=None, formation_width=None, attacking_flair=None, set_piece_strength=None [0m
Coaching Assistant: There's no 4-3-3 specifically for counter-attack, but the 4-2-2-2 Counter-Attack might work. What do you think?
Soccer Coach:   The 4-2-2-2 sounds good! How does it perform in terms of attacking flair?
[37m 	 name=4-2-2-2, tactical_style=Counter-Attack, player_compatibility=None, opponent_strength=None, preferred_wing_play=None, midfield_dominance=None, defensive_solidity=None, formation_width=None, attacking_flair=None, set_piece_strength=None [0m
Coaching Assistant: The 4-2-2-2 has good attacking flair. Ready to go with that formation?
Soccer Coach:   Yes, let's finalize the 4-2-2-2 Counter-Attack formation!
[37m 	 name=4-2-2-2, tactical_style=Counter-Attack, player_compatibility=None, opponent_strength=None, preferred_wing_play=None, midfield_dominance=None, defensive_solidity=None, formation_width=None, attacking_flair=True, set_piece_strength=None [0m
Coaching Assistant: Great choice! The 4-2-2-2 Counter-Attack it is!
------------------------------------------------
Soccer Coach:   Now, let's find a suitable Star Player Position. Any ideas based on speed?
[37m 	 name=None, player_strengths=speed, opponent_weaknesses=None, team_strategy=counter-attack, preferred_formation=4-2-2-2, match_conditions=None, leadership_qualities=None, experience_level=None [0m
Coaching Assistant: How about the Forward position? It emphasizes speed and fits well with the 4-2-2-2. Interested?
Soccer Coach:   Yes, the Forward position sounds perfect! What about the player's experience level?
[37m 	 name=Forward, player_strengths=speed, opponent_weaknesses=None, team_strategy=offensive, preferred_formation=4-2-2-2, match_conditions=None, leadership_qualities=None, experience_level=None [0m
Coaching Assistant: The Forward position is suitable for experienced players. Does that work for you?
Soccer Coach:   Absolutely, experienced Forward it is! What about leadership qualities?
[37m 	 name=Forward, player_strengths=speed, opponent_weaknesses=None, team_strategy=counter-attack, preferred_formation=4-2-2-2, match_conditions=None, leadership_qualities=None, experience_level=experienced [0m
Coaching Assistant: The Forward position doesn't require leadership qualities. Is that okay with you?
------------------------------------------------
Soccer Coach:   I'm looking for a formation that suits a counter-attack style. What do you suggest?
[37m 	 name=None, tactical_style=Counter-Attack, player_compatibility=None, opponent_strength=None, preferred_wing_play=None, midfield_dominance=None, defensive_solidity=None, formation_width=None, attacking_flair=None, set_piece_strength=None [0m
Coaching Assistant: How about the 4-4-2 formation? It’s designed for counter-attacks and has good player compatibility.
Soccer Coach:   That sounds good, but does it have enough defensive solidity for a weak opponent?
[37m 	 name=4-4-2, tactical_style=Counter-Attack, player_compatibility=None, opponent_strength=Weak, preferred_wing_play=None, midfield_dominance=None, defensive_solidity=None, formation_width=None, attacking_flair=None, set_piece_strength=None [0m
Coaching Assistant: Yes, the 4-4-2 formation has strong defensive solidity, making it suitable for a weak opponent.
Soccer Coach:   Great! Does it allow for wing play as I prefer that aspect?
[37m 	 name=4-4-2, tactical_style=Counter-Attack, player_compatibility=None, opponent_strength=Weak, preferred_wing_play=True, midfield_dominance=None, defensive_solidity=True, formation_width=None, attacking_flair=None, set_piece_strength=None [0m
Coaching Assistant: Yes, the 4-4-2 formation allows for wing play, which aligns with your preference.
Soccer Coach:   Perfect! How does it handle set pieces? Is the strength high?
[37m 	 name=4-4-2, tactical_style=Counter-Attack, player_compatibility=None, opponent_strength=Weak, preferred_wing_play=True, midfield_dominance=None, defensive_solidity=True, formation_width=None, attacking_flair=None, set_piece_strength=High [0m
Coaching Assistant: The 4-4-2 formation has high set-piece strength, so it's effective in those situations.
Soccer Coach:   Sounds like a solid choice! I think I'll go with the 4-4-2 formation.
[37m 	 name=4-4-2, tactical_style=Counter-Attack, player_compatibility=None, opponent_strength=Weak, preferred_wing_play=True, midfield_dominance=None, defensive_solidity=True, formation_width=None, attacking_flair=None, set_piece_strength=High [0m
Coaching Assistant: Awesome choice! The 4-4-2 formation should work well for your strategy.
------------------------------------------------
Soccer Coach:   Thanks! Now, what Star Player Position would you recommend for a player with strong technique?
[37m 	 name=None, player_strengths=technique, opponent_weaknesses=None, team_strategy=balanced, preferred_formation=4-4-2, match_conditions=None, leadership_qualities=None, experience_level=None [0m
Coaching Assistant: For strong technique, I recommend the Attacking Midfielder or the Striker position.
Soccer Coach:   Let's go with the Attacking Midfielder then! Does that suit our offensive strategy?
[37m 	 name=Attacking Midfielder, player_strengths=technique, opponent_weaknesses=None, team_strategy=offensive, preferred_formation=4-4-2, match_conditions=None, leadership_qualities=None, experience_level=None [0m
Coaching Assistant: Yes, the Attacking Midfielder perfectly suits an offensive strategy!
------------------------------------------------
Soccer Coach:   I'm looking for a counter-attack formation, any suggestions?
[37m 	 name=None, tactical_style=Counter-Attack, player_compatibility=None, opponent_strength=None, preferred_wing_play=None, midfield_dominance=None, defensive_solidity=None, formation_width=None, attacking_flair=None, set_piece_strength=None [0m
Coaching Assistant: How about the 4-4-2 or the 4-2-2-2, both are great for counter-attacking!
Soccer Coach:   I like the idea of the 4-4-2. How does it fit with midfield dominance?
[37m 	 name=4-4-2, tactical_style=Counter-Attack, player_compatibility=None, opponent_strength=None, preferred_wing_play=None, midfield_dominance=None, defensive_solidity=None, formation_width=None, attacking_flair=None, set_piece_strength=None [0m
Coaching Assistant: The 4-4-2 doesn't focus on midfield dominance; would you like to consider another option?
Soccer Coach:   What about the 4-3-3? Does it support midfield dominance?
[37m 	 name=4-4-2, tactical_style=Counter-Attack, player_compatibility=None, opponent_strength=None, preferred_wing_play=None, midfield_dominance=False, defensive_solidity=None, formation_width=None, attacking_flair=None, set_piece_strength=None [0m
Coaching Assistant: Yes, the 4-3-3 does support midfield dominance and is also great for possession play!
Soccer Coach:   I prefer counter-attack, though. Does the 4-3-3 still work for that?
[37m 	 name=4-4-2, tactical_style=Counter-Attack, player_compatibility=None, opponent_strength=None, preferred_wing_play=None, midfield_dominance=False, defensive_solidity=None, formation_width=None, attacking_flair=None, set_piece_strength=None [0m
Coaching Assistant: The 4-3-3 is not ideal for counter-attack; would you like to explore the 4-2-2-2 instead?
Soccer Coach:   How does the 4-2-2-2 handle attacking flair?
[37m 	 name=4-2-2-2, tactical_style=Counter-Attack, player_compatibility=None, opponent_strength=None, preferred_wing_play=None, midfield_dominance=None, defensive_solidity=None, formation_width=None, attacking_flair=None, set_piece_strength=None [0m
Coaching Assistant: The 4-2-2-2 includes attacking flair, making it a balanced choice for counter-attacks!
Soccer Coach:   That sounds promising! How does it perform on set pieces?
[37m 	 name=4-2-2-2, tactical_style=Counter-Attack, player_compatibility=None, opponent_strength=None, preferred_wing_play=None, midfield_dominance=None, defensive_solidity=None, formation_width=None, attacking_flair=True, set_piece_strength=None [0m
Coaching Assistant: The 4-2-2-2 has a medium strength in set-piece situations. Are you ready to go with it?
Soccer Coach:   Yes, let's finalize the 4-2-2-2 formation!
[37m 	 name=4-2-2-2, tactical_style=Counter-Attack, player_compatibility=None, opponent_strength=None, preferred_wing_play=None, midfield_dominance=None, defensive_solidity=None, formation_width=None, attacking_flair=True, set_piece_strength=Medium [0m
Coaching Assistant: Great choice! The 4-2-2-2 formation is set!
------------------------------------------------
Soccer Coach:   Thanks! Now, can you help me find a Star Player Position for the 4-3-3?
[37m 	 name=None, player_strengths=None, opponent_weaknesses=None, team_strategy=counter-attack, preferred_formation=4-2-2-2, match_conditions=None, leadership_qualities=None, experience_level=None [0m
Coaching Assistant: Sure! Are you looking for any specific player strengths or experience levels for the 4-3-3?
Soccer Coach:   I'm focusing on technique and would prefer an experienced player. What do you think?
[37m 	 name=None, player_strengths=technique, opponent_weaknesses=None, team_strategy=None, preferred_formation=4-3-3, match_conditions=None, leadership_qualities=None, experience_level=experienced [0m
Coaching Assistant: The Tactical Midfielder fits with technique and is experienced; does that work for you?
Soccer Coach:   Yes, the Tactical Midfielder sounds perfect! What about leadership qualities?
[37m 	 name=Tactical Midfielder, player_strengths=technique, opponent_weaknesses=None, team_strategy=None, preferred_formation=4-3-3, match_conditions=None, leadership_qualities=None, experience_level=experienced [0m
Coaching Assistant: The Tactical Midfielder does require leadership qualities; is that okay with you?
Soccer Coach:   Absolutely, I want a player with leadership qualities!
[37m 	 name=Tactical Midfielder, player_strengths=technique, opponent_weaknesses=None, team_strategy=None, preferred_formation=4-3-3, match_conditions=None, leadership_qualities=True, experience_level=experienced [0m
Coaching Assistant: Awesome! The Tactical Midfielder is confirmed for you!
------------------------------------------------
Soccer Coach:   I'm thinking of a 4-3-3 formation; do you think it fits our player compatibility?
[37m 	 name=4-3-3, tactical_style=None, player_compatibility=None, opponent_strength=None, preferred_wing_play=None, midfield_dominance=None, defensive_solidity=None, formation_width=None, attacking_flair=None, set_piece_strength=None [0m
Coaching Assistant: We have two 4-3-3 options; one has a player compatibility of 0.8 and the other 0.9. Do you prefer a stronger compatibility?
Soccer Coach:   I prefer the one with 0.8 for now; how does it handle against strong opponents?
[37m 	 name=4-3-3, tactical_style=None, player_compatibility=0.8, opponent_strength=Strong, preferred_wing_play=None, midfield_dominance=None, defensive_solidity=None, formation_width=None, attacking_flair=None, set_piece_strength=None [0m
Coaching Assistant: The 4-3-3 with 0.8 player compatibility is effective against strong opponents. Would you like to know about its tactical style or other attributes?
Soccer Coach:   Yes, what's the tactical style of that formation?
[37m 	 name=4-3-3, tactical_style=None, player_compatibility=0.8, opponent_strength=Strong, preferred_wing_play=None, midfield_dominance=None, defensive_solidity=None, formation_width=None, attacking_flair=None, set_piece_strength=None [0m
Coaching Assistant: The tactical style of that 4-3-3 formation is High-Press. Does that align with your strategy?
Soccer Coach:   Absolutely, High-Press fits perfectly; what about its width?
[37m 	 name=4-3-3, tactical_style=High-Press, player_compatibility=0.8, opponent_strength=Strong, preferred_wing_play=None, midfield_dominance=None, defensive_solidity=None, formation_width=None, attacking_flair=None, set_piece_strength=None [0m
Coaching Assistant: It has a wide formation width. Does that work for your game plan?
Soccer Coach:   Yes, wide works well; how does it handle set pieces?
[37m 	 name=4-3-3, tactical_style=High-Press, player_compatibility=0.8, opponent_strength=Strong, preferred_wing_play=None, midfield_dominance=None, defensive_solidity=None, formation_width=Wide, attacking_flair=None, set_piece_strength=None [0m
Coaching Assistant: It has a medium strength in set-piece situations. Is that acceptable for you?
Soccer Coach:   Yes, medium is acceptable; what about its defensive solidity?
[37m 	 name=4-3-3, tactical_style=High-Press, player_compatibility=0.8, opponent_strength=Strong, preferred_wing_play=None, midfield_dominance=None, defensive_solidity=None, formation_width=Wide, attacking_flair=None, set_piece_strength=Medium [0m
Coaching Assistant: It has strong defensive solidity. Does that meet your needs?
Soccer Coach:   Yes, strong defensive solidity is great; do we have midfield dominance with this formation?
[37m 	 name=4-3-3, tactical_style=High-Press, player_compatibility=0.8, opponent_strength=Strong, preferred_wing_play=None, midfield_dominance=None, defensive_solidity=True, formation_width=Wide, attacking_flair=None, set_piece_strength=Medium [0m
Coaching Assistant: Yes, it focuses on midfield dominance as well. Are you happy with this formation?
Soccer Coach:   Yes, I'm happy with the 4-3-3 formation; let's finalize it!
[37m 	 name=4-3-3, tactical_style=High-Press, player_compatibility=0.8, opponent_strength=Strong, preferred_wing_play=None, midfield_dominance=True, defensive_solidity=True, formation_width=Wide, attacking_flair=None, set_piece_strength=Medium [0m
Coaching Assistant: Great choice! The 4-3-3 formation it is!
------------------------------------------------
Soccer Coach:   Thanks! Now, let's find the right Star Player Position; do you have any recommendations?
[37m 	 name=None, player_strengths=None, opponent_weaknesses=None, team_strategy=balanced, preferred_formation=4-3-3, match_conditions=None, leadership_qualities=None, experience_level=None [0m
Coaching Assistant: Sure! Are you looking for a specific player strength or role in mind?
Soccer Coach:   I’m open to suggestions; what player strengths would you recommend for this formation?
[37m 	 name=None, player_strengths=None, opponent_weaknesses=None, team_strategy=offensive, preferred_formation=4-3-3, match_conditions=None, leadership_qualities=None, experience_level=None [0m
Coaching Assistant: For a 4-3-3, I recommend strengths like speed, technique, and agility. Do any of those stand out to you?
Soccer Coach:   I think speed would be a great fit; how does that influence our player selection?
[37m 	 name=None, player_strengths=speed, opponent_weaknesses=None, team_strategy=None, preferred_formation=4-3-3, match_conditions=None, leadership_qualities=None, experience_level=None [0m
Coaching Assistant: With speed as a focus, the Winger and Wingback positions would be ideal. Would you like to explore one of those?
Soccer Coach:   Let's explore the Winger position; how does it align with our overall strategy?
[37m 	 name=Winger, player_strengths=speed, opponent_weaknesses=None, team_strategy=offensive, preferred_formation=4-3-3, match_conditions=None, leadership_qualities=None, experience_level=None [0m
Coaching Assistant: The Winger position aligns well with an offensive strategy and utilizes speed effectively. Does that sound good to you?
Soccer Coach:   Yes, that sounds perfect; what about the experience level for this Winger?
[37m 	 name=Winger, player_strengths=speed, opponent_weaknesses=None, team_strategy=offensive, preferred_formation=4-3-3, match_conditions=None, leadership_qualities=None, experience_level=None [0m
Coaching Assistant: The recommended experience level for the Winger is 'experienced.' Is that acceptable for your team?
Soccer Coach:   Yes, experienced is acceptable; what about their leadership qualities?
[37m 	 name=Winger, player_strengths=speed, opponent_weaknesses=None, team_strategy=offensive, preferred_formation=4-3-3, match_conditions=None, leadership_qualities=None, experience_level=experienced [0m
Coaching Assistant: The Winger position does not require leadership qualities. Is that fine with you?
Soccer Coach:   Yes, that's fine; do we have any specific opponents in mind to exploit their weaknesses?
[37m 	 name=Winger, player_strengths=speed, opponent_weaknesses=None, team_strategy=offensive, preferred_formation=4-3-3, match_conditions=None, leadership_qualities=False, experience_level=experienced [0m
Coaching Assistant: The Winger is great for exploiting opponents' defensive weaknesses. Does that fit your plan?
Soccer Coach:   Absolutely, that fits perfectly; let’s finalize the Winger position for our strategy!
[37m 	 name=Winger, player_strengths=speed, opponent_weaknesses=defense, team_strategy=offensive, preferred_formation=4-3-3, match_conditions=None, leadership_qualities=False, experience_level=experienced [0m
Coaching Assistant: Great choice! The Winger position is finalized for your strategy!
------------------------------------------------
Soccer Coach:   I’m looking for a formation with a strong counter-attack style. What do you suggest?
[37m 	 name=None, tactical_style=Counter-Attack, player_compatibility=None, opponent_strength=None, preferred_wing_play=None, midfield_dominance=None, defensive_solidity=None, formation_width=None, attacking_flair=None, set_piece_strength=None [0m
Coaching Assistant: You might consider the 5-3-2 or 4-3-2-1; both focus on counter-attacks.
Soccer Coach:   How do those formations handle midfield dominance?
[37m 	 name=None, tactical_style=Counter-Attack, player_compatibility=None, opponent_strength=None, preferred_wing_play=None, midfield_dominance=None, defensive_solidity=None, formation_width=None, attacking_flair=None, set_piece_strength=None [0m
Coaching Assistant: The 5-3-2 has midfield dominance, while the 4-3-2-1 does as well.
Soccer Coach:   Great! What about their defensive solidity?
[37m 	 name=None, tactical_style=Counter-Attack, player_compatibility=None, opponent_strength=None, preferred_wing_play=None, midfield_dominance=True, defensive_solidity=None, formation_width=None, attacking_flair=None, set_piece_strength=None [0m
Coaching Assistant: Both formations, 5-3-2 and 4-3-2-1, have strong defensive solidity.
Soccer Coach:   Perfect! What’s the formation width for each?
[37m 	 name=None, tactical_style=Counter-Attack, player_compatibility=None, opponent_strength=None, preferred_wing_play=None, midfield_dominance=True, defensive_solidity=True, formation_width=None, attacking_flair=None, set_piece_strength=None [0m
Coaching Assistant: The 5-3-2 is narrow, while the 4-3-2-1 is wide.
Soccer Coach:   I prefer narrow formations. Does the 5-3-2 have set-piece strength?
[37m 	 name=5-3-2, tactical_style=Counter-Attack, player_compatibility=None, opponent_strength=None, preferred_wing_play=None, midfield_dominance=True, defensive_solidity=True, formation_width=Narrow, attacking_flair=None, set_piece_strength=None [0m
Coaching Assistant: Yes, the 5-3-2 has high set-piece strength.
Soccer Coach:   Sounds like a good fit! I’ll go with the 5-3-2 formation.
[37m 	 name=5-3-2, tactical_style=Counter-Attack, player_compatibility=None, opponent_strength=None, preferred_wing_play=None, midfield_dominance=True, defensive_solidity=True, formation_width=Narrow, attacking_flair=None, set_piece_strength=High [0m
Coaching Assistant: Great choice! The 5-3-2 formation should work well for you.
------------------------------------------------
Soccer Coach:   Thanks! Now, can you help me find a suitable Star Player Position?
[37m 	 name=None, player_strengths=None, opponent_weaknesses=None, team_strategy=balanced, preferred_formation=5-3-2, match_conditions=None, leadership_qualities=None, experience_level=None [0m
Coaching Assistant: Sure! What specific strengths or qualities are you looking for in your Star Player?
Soccer Coach:   I need a player with stamina and strong leadership qualities.
[37m 	 name=None, player_strengths=stamina, opponent_weaknesses=None, team_strategy=None, preferred_formation=5-3-2, match_conditions=None, leadership_qualities=True, experience_level=None [0m
Coaching Assistant: I have a few options; how about the "Tactical Leader" or "Defensive Midfielder"?
Soccer Coach:   I like the "Tactical Leader." Does he fit the veteran experience level?
[37m 	 name=Tactical Leader, player_strengths=stamina, opponent_weaknesses=None, team_strategy=None, preferred_formation=5-3-2, match_conditions=None, leadership_qualities=True, experience_level=veteran [0m
Coaching Assistant: Yes, the "Tactical Leader" is a veteran with strong leadership and stamina.
Soccer Coach:   Perfect! I’ll finalize the "Tactical Leader" for the 5-3-2 formation.
[37m 	 name=Tactical Leader, player_strengths=stamina, opponent_weaknesses=None, team_strategy=None, preferred_formation=5-3-2, match_conditions=None, leadership_qualities=True, experience_level=veteran [0m
Coaching Assistant: Excellent choice! The "Tactical Leader" will be a great fit for your team.
------------------------------------------------
Soccer Coach:   I'm looking for a formation with a possession style and a 4-3-3 setup. What do you think?
[37m 	 name=4-3-3, tactical_style=Possession, player_compatibility=None, opponent_strength=None, preferred_wing_play=None, midfield_dominance=None, defensive_solidity=None, formation_width=None, attacking_flair=None, set_piece_strength=None [0m
Coaching Assistant: We have two 4-3-3 formations; one has high player compatibility and a possession style. Would you like to hear more about it?
Soccer Coach:   Yes, tell me more about the high compatibility 4-3-3 formation!
[37m 	 name=4-3-3, tactical_style=Possession, player_compatibility=1.0, opponent_strength=None, preferred_wing_play=None, midfield_dominance=None, defensive_solidity=None, formation_width=None, attacking_flair=None, set_piece_strength=None [0m
Coaching Assistant: The 4-3-3 formation has 0.85 player compatibility, focuses on possession, is wide, prefers wing play, and has midfield dominance. Does that sound good?
Soccer Coach:   That sounds great! But how does it perform defensively?
[37m 	 name=4-3-3, tactical_style=Possession, player_compatibility=0.85, opponent_strength=None, preferred_wing_play=True, midfield_dominance=True, defensive_solidity=None, formation_width=Wide, attacking_flair=None, set_piece_strength=None [0m
Coaching Assistant: It has weak defensive solidity, which might be a concern. Would you prefer a more defensively solid formation?
Soccer Coach:   I’d prefer to stick with the attacking flair and high set-piece strength, so let’s keep the 4-3-3.
[37m 	 name=4-3-3, tactical_style=Possession, player_compatibility=0.85, opponent_strength=None, preferred_wing_play=True, midfield_dominance=True, defensive_solidity=False, formation_width=Wide, attacking_flair=True, set_piece_strength=None [0m
Coaching Assistant: Perfect! So, to confirm, you're choosing the 4-3-3 formation with possession style and attacking flair. Is that right?
------------------------------------------------
Soccer Coach:   Yes, that's right! Now, what position do you think would best utilize a player with strong technique?
[37m 	 name=None, player_strengths=technique, opponent_weaknesses=None, team_strategy=offensive, preferred_formation=4-3-3, match_conditions=None, leadership_qualities=None, experience_level=None [0m
Coaching Assistant: The "Creative Playmaker" position would be ideal for a player with strong technique. Would you like to know more about it?
Soccer Coach:   Yes, please share more about the Creative Playmaker position!
[37m 	 name=Creative Playmaker, player_strengths=technique, opponent_weaknesses=None, team_strategy=offensive, preferred_formation=4-3-3, match_conditions=None, leadership_qualities=None, experience_level=None [0m
Coaching Assistant: The Creative Playmaker excels in technique, targets midfield weaknesses, supports an offensive strategy, fits well in a 4-2-3-1 formation, and thrives in windy conditions. How does that sound?
Soccer Coach:   It sounds good, but I really want to stick with the 4-3-3 formation. Can we adjust that?
[37m 	 name=Creative Playmaker, player_strengths=technique, opponent_weaknesses=midfield, team_strategy=offensive, preferred_formation=4-3-3, match_conditions=windy, leadership_qualities=None, experience_level=None [0m
Coaching Assistant: Unfortunately, the Creative Playmaker is best suited for a 4-2-3-1. Would you like to consider the "Technical Midfielder" in the 4-3-3 instead?
Soccer Coach:   Yes, let's consider the Technical Midfielder for the 4-3-3 formation!
[37m 	 name=Technical Midfielder, player_strengths=technique, opponent_weaknesses=midfield, team_strategy=offensive, preferred_formation=4-3-3, match_conditions=windy, leadership_qualities=None, experience_level=None [0m
Coaching Assistant: Great choice! The Technical Midfielder fits perfectly in the 4-3-3 formation, emphasizes technique, targets midfield weaknesses, and requires leadership qualities. Are you ready to confirm this position?
Soccer Coach:   Yes, I confirm the Technical Midfielder position in the 4-3-3 formation!
[37m 	 name=Technical Midfielder, player_strengths=technique, opponent_weaknesses=midfield, team_strategy=offensive, preferred_formation=4-3-3, match_conditions=windy, leadership_qualities=True, experience_level=None [0m
Coaching Assistant: Awesome! You've chosen the Technical Midfielder in the 4-3-3 formation. Best of luck with your team!
------------------------------------------------
Soccer Coach:   I'm looking for a formation that emphasizes possession and midfield dominance. Do you have any suggestions?
[37m 	 name=None, tactical_style=Possession, player_compatibility=None, opponent_strength=None, preferred_wing_play=None, midfield_dominance=True, defensive_solidity=None, formation_width=None, attacking_flair=None, set_piece_strength=None [0m
Coaching Assistant: How about the 4-2-3-1 or the 4-3-3? Both emphasize possession and midfield dominance.
Soccer Coach:   I like the sound of the 4-2-3-1. How does it handle defensive solidity?
[37m 	 name=4-2-3-1, tactical_style=Possession, player_compatibility=None, opponent_strength=None, preferred_wing_play=None, midfield_dominance=True, defensive_solidity=None, formation_width=None, attacking_flair=None, set_piece_strength=None [0m
Coaching Assistant: The 4-2-3-1 has weak defensive solidity, so it may struggle defensively.
Soccer Coach:   In that case, what about the 4-3-3? How does it perform defensively?
[37m 	 name=4-3-3, tactical_style=Possession, player_compatibility=None, opponent_strength=None, preferred_wing_play=None, midfield_dominance=True, defensive_solidity=None, formation_width=None, attacking_flair=None, set_piece_strength=None [0m
Coaching Assistant: The 4-3-3 also has weak defensive solidity, similar to the 4-2-3-1.
Soccer Coach:   Got it. Are there any formations that offer better defensive solidity while still focusing on possession?
[37m 	 name=None, tactical_style=Possession, player_compatibility=None, opponent_strength=None, preferred_wing_play=None, midfield_dominance=True, defensive_solidity=False, formation_width=None, attacking_flair=None, set_piece_strength=None [0m
Coaching Assistant: The 4-2-2-2 offers better defensive solidity while still focusing on possession. Would you like to consider it?
Soccer Coach:   Yes, the 4-2-2-2 sounds promising. How does it handle set-piece strength?
[37m 	 name=4-2-2-2, tactical_style=Possession, player_compatibility=None, opponent_strength=None, preferred_wing_play=None, midfield_dominance=True, defensive_solidity=True, formation_width=None, attacking_flair=None, set_piece_strength=None [0m
Coaching Assistant: The 4-2-2-2 has high set-piece strength, which is a plus!
Soccer Coach:   That’s great to hear! Does the 4-2-2-2 allow for attacking flair as well?
[37m 	 name=4-2-2-2, tactical_style=Possession, player_compatibility=None, opponent_strength=None, preferred_wing_play=None, midfield_dominance=True, defensive_solidity=True, formation_width=None, attacking_flair=None, set_piece_strength=High [0m
Coaching Assistant: Yes, the 4-2-2-2 includes attacking flair, so it can be quite dynamic!
Soccer Coach:   Awesome! I think the 4-2-2-2 is the right choice. Let’s go with that formation!
[37m 	 name=4-2-2-2, tactical_style=Possession, player_compatibility=None, opponent_strength=None, preferred_wing_play=None, midfield_dominance=True, defensive_solidity=True, formation_width=None, attacking_flair=True, set_piece_strength=High [0m
Coaching Assistant: Great choice! The 4-2-2-2 will serve you well. Good luck!
------------------------------------------------
Soccer Coach:   Thanks! Now, I need your help to find a suitable Star Player Position. What do you think about focusing on speed?
[37m 	 name=None, player_strengths=speed, opponent_weaknesses=None, team_strategy=None, preferred_formation=4-2-2-2, match_conditions=None, leadership_qualities=None, experience_level=None [0m
Coaching Assistant: For speed, you might consider the Speedster Forward or the Finisher. Would you like to know more about them?
Soccer Coach:   Yes, tell me more about the Speedster Forward!
[37m 	 name=None, player_strengths=speed, opponent_weaknesses=None, team_strategy=None, preferred_formation=4-2-2-2, match_conditions=None, leadership_qualities=None, experience_level=None [0m
Coaching Assistant: The Speedster Forward excels in speed, targets opponent defenses, and is suited for an offensive strategy.
Soccer Coach:   That sounds perfect! Does the Speedster Forward require any specific experience level?
[37m 	 name=Speedster Forward, player_strengths=speed, opponent_weaknesses=None, team_strategy=offensive, preferred_formation=4-2-2-2, match_conditions=None, leadership_qualities=None, experience_level=None [0m
Coaching Assistant: The Speedster Forward is suitable for a rookie experience level.
Soccer Coach:   I need someone more experienced. How about the Finisher? What’s their profile like?
[37m 	 name=Finisher, player_strengths=speed, opponent_weaknesses=None, team_strategy=offensive, preferred_formation=4-2-2-2, match_conditions=None, leadership_qualities=None, experience_level=experienced [0m
Coaching Assistant: The Finisher is fast, targets defenses, plays offensively, and is suitable for a rookie experience level as well.
Soccer Coach:   Looks like I need to adjust my criteria. What about an experienced player with speed? Any recommendations?
[37m 	 name=None, player_strengths=speed, opponent_weaknesses=None, team_strategy=offensive, preferred_formation=4-2-2-2, match_conditions=None, leadership_qualities=None, experience_level=experienced [0m
Coaching Assistant: You might consider the Agile Winger, which has agility and experience level is set to experienced. Would you like to know more?
Soccer Coach:   Yes, please tell me more about the Agile Winger!
[37m 	 name=Agile Winger, player_strengths=speed, opponent_weaknesses=None, team_strategy=offensive, preferred_formation=4-2-2-2, match_conditions=None, leadership_qualities=None, experience_level=experienced [0m
Coaching Assistant: The Agile Winger has agility, targets opponent defenses, plays offensively, and is suited for windy match conditions.
Soccer Coach:   That sounds like a great fit! I'm sold on the Agile Winger for our strategy.
[37m 	 name=Agile Winger, player_strengths=agility, opponent_weaknesses=None, team_strategy=offensive, preferred_formation=4-2-2-2, match_conditions=windy, leadership_qualities=None, experience_level=experienced [0m
Coaching Assistant: Fantastic choice! The Agile Winger will be a valuable asset to your strategy. Good luck!
------------------------------------------------
Soccer Coach:   I'm looking for a formation that focuses on possession; do you have any suggestions?
[37m 	 name=None, tactical_style=Possession, player_compatibility=None, opponent_strength=None, preferred_wing_play=None, midfield_dominance=None, defensive_solidity=None, formation_width=None, attacking_flair=None, set_piece_strength=None [0m
Coaching Assistant: Sure! How many players do you prefer in your formation?
Soccer Coach:   I prefer a formation with three midfielders.
[37m 	 name=None, tactical_style=Possession, player_compatibility=None, opponent_strength=None, preferred_wing_play=None, midfield_dominance=None, defensive_solidity=None, formation_width=None, attacking_flair=None, set_piece_strength=None [0m
Coaching Assistant: Great! Would you like the formation to have a strong defensive aspect as well?
Soccer Coach:   Not really, I want to focus more on attacking flair.
[37m 	 name=None, tactical_style=Possession, player_compatibility=None, opponent_strength=None, preferred_wing_play=None, midfield_dominance=None, defensive_solidity=False, formation_width=None, attacking_flair=True, set_piece_strength=None [0m
Coaching Assistant: Got it! How about the width of the formation? Do you prefer it to be wide or narrow?
Soccer Coach:   I prefer a narrow formation.
[37m 	 name=None, tactical_style=Possession, player_compatibility=None, opponent_strength=None, preferred_wing_play=None, midfield_dominance=None, defensive_solidity=False, formation_width=Narrow, attacking_flair=True, set_piece_strength=None [0m
Coaching Assistant: Based on that, the 4-2-3-1 could be a good fit, focusing on possession and attacking flair in a narrow setup. Does that sound good?
Soccer Coach:   That sounds great! Let's go with the 4-2-3-1 formation.
[37m 	 name=4-2-3-1, tactical_style=Possession, player_compatibility=None, opponent_strength=None, preferred_wing_play=None, midfield_dominance=None, defensive_solidity=False, formation_width=Narrow, attacking_flair=True, set_piece_strength=None [0m
Coaching Assistant: Awesome choice! The 4-2-3-1 it is! Good luck with your coaching!
------------------------------------------------
Soccer Coach:   Thanks! Could you help me find a suitable Star Player Position for that formation?
[37m 	 name=None, player_strengths=None, opponent_weaknesses=None, team_strategy=offensive, preferred_formation=4-2-3-1, match_conditions=None, leadership_qualities=None, experience_level=None [0m
Coaching Assistant: Absolutely! Do you have any specific player strengths in mind for your Star Player?
Soccer Coach:   Yes, I'm looking for a player with strong strength.
[37m 	 name=None, player_strengths=strength, opponent_weaknesses=None, team_strategy=offensive, preferred_formation=4-2-3-1, match_conditions=None, leadership_qualities=None, experience_level=None [0m
Coaching Assistant: For strength, the "Attacking Midfielder" or "Box-to-Box Midfielder" could work well. Which one sounds better to you?
Soccer Coach:   I think the "Box-to-Box Midfielder" sounds better.
[37m 	 name=Box-to-Box Midfielder, player_strengths=strength, opponent_weaknesses=None, team_strategy=offensive, preferred_formation=4-2-3-1, match_conditions=None, leadership_qualities=None, experience_level=None [0m
Coaching Assistant: Great choice! The "Box-to-Box Midfielder" fits well in the 4-2-3-1 formation. Are you happy with that selection?
------------------------------------------------
Soccer Coach:   I'm thinking of using a 4-3-3 formation; what do you think?
[37m 	 name=4-3-3, tactical_style=None, player_compatibility=None, opponent_strength=None, preferred_wing_play=None, midfield_dominance=None, defensive_solidity=None, formation_width=None, attacking_flair=None, set_piece_strength=None [0m
Coaching Assistant: Are you leaning towards possession or high-press tactics with that formation?
Soccer Coach:   I don't have a strong preference for tactics; I'm open to suggestions.
[37m 	 name=4-3-3, tactical_style=None, player_compatibility=None, opponent_strength=None, preferred_wing_play=None, midfield_dominance=None, defensive_solidity=None, formation_width=None, attacking_flair=None, set_piece_strength=None [0m
Coaching Assistant: Would you prefer a focus on attacking flair or more on defensive solidity?
Soccer Coach:   I definitely want to emphasize attacking flair.
[37m 	 name=4-3-3, tactical_style=None, player_compatibility=None, opponent_strength=None, preferred_wing_play=None, midfield_dominance=None, defensive_solidity=None, formation_width=None, attacking_flair=True, set_piece_strength=None [0m
Coaching Assistant: Great choice! Would you like the formation to be narrow, balanced, or wide?
Soccer Coach:   I don't have a specific preference for the formation width.
[37m 	 name=4-3-3, tactical_style=None, player_compatibility=None, opponent_strength=None, preferred_wing_play=None, midfield_dominance=None, defensive_solidity=None, formation_width=None, attacking_flair=True, set_piece_strength=None [0m
Coaching Assistant: How about considering the opponent's strength? Do you expect to face weak, balanced, or strong opponents?
Soccer Coach:   We'll be facing a weak opponent, so that works in our favor.
[37m 	 name=4-3-3, tactical_style=None, player_compatibility=None, opponent_strength=Weak, preferred_wing_play=None, midfield_dominance=None, defensive_solidity=None, formation_width=None, attacking_flair=True, set_piece_strength=None [0m
Coaching Assistant: Based on that, I recommend the 4-3-3 formation with high-press tactics. Does that sound good to you?
Soccer Coach:   That sounds great! Let's go with the 4-3-3 formation then.
[37m 	 name=4-3-3, tactical_style=High-Press, player_compatibility=None, opponent_strength=Weak, preferred_wing_play=None, midfield_dominance=None, defensive_solidity=None, formation_width=None, attacking_flair=True, set_piece_strength=None [0m
Coaching Assistant: Awesome choice! Good luck with your game!
------------------------------------------------
Soccer Coach:   Thanks! Now, can you help me find a suitable Star Player Position?
[37m 	 name=None, player_strengths=None, opponent_weaknesses=defense, team_strategy=offensive, preferred_formation=4-3-3, match_conditions=None, leadership_qualities=None, experience_level=None [0m
Coaching Assistant: Sure! What specific player strengths are you looking for?
Soccer Coach:   I'm looking for a player with speed.
[37m 	 name=None, player_strengths=speed, opponent_weaknesses=None, team_strategy=offensive, preferred_formation=4-3-3, match_conditions=None, leadership_qualities=None, experience_level=None [0m
Coaching Assistant: Perfect! Would you prefer the player to have experience or are you open to rookies?
Soccer Coach:   I prefer an experienced player for this position.
[37m 	 name=None, player_strengths=speed, opponent_weaknesses=None, team_strategy=offensive, preferred_formation=4-3-3, match_conditions=None, leadership_qualities=None, experience_level=experienced [0m
Coaching Assistant: Got it! Would you like the player to have leadership qualities?
Soccer Coach:   No, leadership qualities aren't necessary for this player.
[37m 	 name=None, player_strengths=speed, opponent_weaknesses=None, team_strategy=offensive, preferred_formation=4-3-3, match_conditions=None, leadership_qualities=False, experience_level=experienced [0m
Coaching Assistant: Great! I found a couple of options: the Wingback and the Forward, both with speed and experience. Which one do you prefer?
Soccer Coach:   I think I'll go with the Forward position.
[37m 	 name=Forward, player_strengths=speed, opponent_weaknesses=None, team_strategy=offensive, preferred_formation=4-3-3, match_conditions=None, leadership_qualities=False, experience_level=experienced [0m
Coaching Assistant: Excellent choice! The Forward position will suit your attacking flair perfectly. Good luck!
------------------------------------------------
Soccer Coach:   I'm looking for a formation that emphasizes possession and has good player compatibility.
[37m 	 name=None, tactical_style=Possession, player_compatibility=None, opponent_strength=None, preferred_wing_play=None, midfield_dominance=None, defensive_solidity=None, formation_width=None, attacking_flair=None, set_piece_strength=None [0m
Coaching Assistant: How about the 4-2-3-1 or 4-3-3? Both focus on possession and have high player compatibility.
Soccer Coach:   I like the 4-3-3, but does it support wing play?
[37m 	 name=4-3-3, tactical_style=Possession, player_compatibility=None, opponent_strength=None, preferred_wing_play=None, midfield_dominance=None, defensive_solidity=None, formation_width=None, attacking_flair=None, set_piece_strength=None [0m
Coaching Assistant: Yes, the 4-3-3 formation supports wing play. Would you like to go with that?
Soccer Coach:   Sounds good! How does the 4-3-3 handle midfield dominance?
[37m 	 name=4-3-3, tactical_style=Possession, player_compatibility=None, opponent_strength=None, preferred_wing_play=True, midfield_dominance=None, defensive_solidity=None, formation_width=None, attacking_flair=None, set_piece_strength=None [0m
Coaching Assistant: The 4-3-3 emphasizes midfield dominance, which is great for controlling the game. Are you ready to confirm it?
Soccer Coach:   Yes, let's confirm the 4-3-3 formation!
[37m 	 name=4-3-3, tactical_style=Possession, player_compatibility=None, opponent_strength=None, preferred_wing_play=True, midfield_dominance=True, defensive_solidity=None, formation_width=None, attacking_flair=None, set_piece_strength=None [0m
Coaching Assistant: Great choice! The 4-3-3 formation it is!
------------------------------------------------
Soccer Coach:   Now, let's find a suitable Star Player Position. Any thoughts on player strengths?
[37m 	 name=None, player_strengths=None, opponent_weaknesses=None, team_strategy=None, preferred_formation=4-3-3, match_conditions=None, leadership_qualities=None, experience_level=None [0m
Coaching Assistant: What player strengths are you looking for, like speed, strength, or technique?
Soccer Coach:   I think agility would be a great strength for our team. What do you think?
[37m 	 name=None, player_strengths=agility, opponent_weaknesses=None, team_strategy=None, preferred_formation=4-3-3, match_conditions=None, leadership_qualities=None, experience_level=None [0m
Coaching Assistant: Agility is a solid choice! It works well in a 4-3-3 formation. Would you like to explore positions with agility?
Soccer Coach:   Yes, let's explore positions that highlight agility! What options do we have?
[37m 	 name=None, player_strengths=agility, opponent_weaknesses=None, team_strategy=None, preferred_formation=4-3-3, match_conditions=None, leadership_qualities=None, experience_level=None [0m
Coaching Assistant: We have the Fullback and Sweeper positions that highlight agility. Would you like to know more about either?
Soccer Coach:   I'm leaning towards the Fullback position. Can you tell me more about it?
[37m 	 name=Fullback, player_strengths=agility, opponent_weaknesses=None, team_strategy=None, preferred_formation=4-3-3, match_conditions=None, leadership_qualities=None, experience_level=None [0m
Coaching Assistant: The Fullback has agility, a balanced team strategy, and is suited for rainy conditions. How does that sound?
Soccer Coach:   That sounds promising! But what about leadership qualities for the Fullback position?
[37m 	 name=Fullback, player_strengths=agility, opponent_weaknesses=None, team_strategy=balanced, preferred_formation=4-3-3, match_conditions=rainy, leadership_qualities=None, experience_level=None [0m
Coaching Assistant: The Fullback position does not require leadership qualities, making it suitable for a rookie. Does that work for you?
Soccer Coach:   I prefer a player with leadership qualities; can we look for a different position?
[37m 	 name=None, player_strengths=agility, opponent_weaknesses=None, team_strategy=balanced, preferred_formation=4-3-3, match_conditions=None, leadership_qualities=True, experience_level=None [0m
Coaching Assistant: Sure! We can look at the Sweeper position, which requires leadership qualities and also has agility. Interested?
Soccer Coach:   Yes, the Sweeper position sounds like a perfect fit! Let's go with that!
[37m 	 name=Sweeper, player_strengths=agility, opponent_weaknesses=None, team_strategy=None, preferred_formation=4-3-3, match_conditions=None, leadership_qualities=True, experience_level=rookie [0m
Coaching Assistant: Awesome choice! The Sweeper position it is!
------------------------------------------------
Soccer Coach:   I'm looking for a defensive formation that can handle a strong opponent. Any suggestions?
[37m 	 name=None, tactical_style=Defensive, player_compatibility=None, opponent_strength=Strong, preferred_wing_play=None, midfield_dominance=None, defensive_solidity=None, formation_width=None, attacking_flair=None, set_piece_strength=None [0m
Coaching Assistant: You might consider the 4-4-2 or the 5-3-2 formations; both are defensive and suited for strong opponents.
Soccer Coach:   What do you think about the width of these formations? Would they fit my preference for a balanced width?
[37m 	 name=None, tactical_style=Defensive, player_compatibility=None, opponent_strength=Strong, preferred_wing_play=None, midfield_dominance=None, defensive_solidity=None, formation_width=Balanced, attacking_flair=None, set_piece_strength=None [0m
Coaching Assistant: The 4-4-2 has a balanced width, but the 5-3-2 is narrow. Would you prefer to stick with balanced width?
Soccer Coach:   Yes, I prefer a balanced width. So, how does the 4-4-2 formation handle wing play?
[37m 	 name=4-4-2, tactical_style=Defensive, player_compatibility=None, opponent_strength=Strong, preferred_wing_play=None, midfield_dominance=None, defensive_solidity=None, formation_width=Balanced, attacking_flair=None, set_piece_strength=None [0m
Coaching Assistant: The 4-4-2 formation does support wing play. Would you like to go with it?
Soccer Coach:   Yes, let's go with the 4-4-2 formation!
[37m 	 name=4-4-2, tactical_style=Defensive, player_compatibility=None, opponent_strength=Strong, preferred_wing_play=True, midfield_dominance=None, defensive_solidity=None, formation_width=Balanced, attacking_flair=None, set_piece_strength=None [0m
Coaching Assistant: Great choice! The 4-4-2 formation is set. Good luck with your coaching!
------------------------------------------------
Soccer Coach:   Thanks! Now, can you help me find a suitable Star Player Position for this formation?
[37m 	 name=None, player_strengths=None, opponent_weaknesses=None, team_strategy=defensive, preferred_formation=4-4-2, match_conditions=None, leadership_qualities=None, experience_level=None [0m
Coaching Assistant: Sure! What specific strengths or qualities are you looking for in a player for this formation?
Soccer Coach:   I'm focusing on a player with strong strength and leadership qualities.
[37m 	 name=None, player_strengths=strength, opponent_weaknesses=None, team_strategy=defensive, preferred_formation=4-4-2, match_conditions=None, leadership_qualities=True, experience_level=None [0m
Coaching Assistant: The Defensive Midfielder positions would fit well; they have strength and leadership qualities. Would you like to explore those?
Soccer Coach:   Yes, let’s explore the Defensive Midfielder positions!
[37m 	 name=Defensive Midfielder, player_strengths=strength, opponent_weaknesses=None, team_strategy=defensive, preferred_formation=4-4-2, match_conditions=None, leadership_qualities=True, experience_level=None [0m
Coaching Assistant: There are two options: one for a 4-4-2 with experience level 'experienced' and another for a 4-3-3 with 'veteran' level. Which experience level do you prefer?
Soccer Coach:   I prefer the 'experienced' level for the 4-4-2 formation.
[37m 	 name=Defensive Midfielder, player_strengths=strength, opponent_weaknesses=None, team_strategy=defensive, preferred_formation=4-4-2, match_conditions=None, leadership_qualities=True, experience_level=experienced [0m
Coaching Assistant: The suitable option is the Defensive Midfielder with strength, leadership qualities, and experience level 'experienced' for the 4-4-2 formation. Do you want to go with that?
Soccer Coach:   Yes, let's finalize the Defensive Midfielder for the 4-4-2 formation!
[37m 	 name=Defensive Midfielder, player_strengths=strength, opponent_weaknesses=None, team_strategy=defensive, preferred_formation=4-4-2, match_conditions=None, leadership_qualities=True, experience_level=experienced [0m
Coaching Assistant: Excellent choice! The Defensive Midfielder for the 4-4-2 formation is set. Good luck out there!
------------------------------------------------
Soccer Coach:   I'm looking for a formation that emphasizes defensive solidity against a strong opponent.
[37m 	 name=None, tactical_style=None, player_compatibility=None, opponent_strength=Strong, preferred_wing_play=None, midfield_dominance=None, defensive_solidity=True, formation_width=None, attacking_flair=None, set_piece_strength=None [0m
Coaching Assistant: How important is player compatibility for you?
Soccer Coach:   Player compatibility is quite important; I'd like it to be around 0.8.
[37m 	 name=None, tactical_style=None, player_compatibility=0.8, opponent_strength=Strong, preferred_wing_play=None, midfield_dominance=None, defensive_solidity=True, formation_width=None, attacking_flair=None, set_piece_strength=None [0m
Coaching Assistant: I have a couple of options: the 5-3-2 and the 4-4-2. Would you like to know more about one of these?
Soccer Coach:   Can you tell me more about the 5-3-2 formation?
[37m 	 name=5-3-2, tactical_style=None, player_compatibility=0.8, opponent_strength=Strong, preferred_wing_play=None, midfield_dominance=None, defensive_solidity=True, formation_width=None, attacking_flair=None, set_piece_strength=None [0m
Coaching Assistant: The 5-3-2 formation has strong defensive solidity, a player compatibility of 0.75, and is effective against strong opponents.
Soccer Coach:   That sounds promising, but I need a bit higher player compatibility. What about the 4-4-2?
[37m 	 name=None, tactical_style=None, player_compatibility=0.8, opponent_strength=Strong, preferred_wing_play=None, midfield_dominance=None, defensive_solidity=True, formation_width=None, attacking_flair=None, set_piece_strength=None [0m
Coaching Assistant: The 4-4-2 has a player compatibility of 0.8, strong defensive attributes, and is also effective against strong opponents.
Soccer Coach:   The 4-4-2 sounds like a good fit! Let's go with that formation.
[37m 	 name=4-4-2, tactical_style=None, player_compatibility=0.8, opponent_strength=Strong, preferred_wing_play=None, midfield_dominance=None, defensive_solidity=True, formation_width=None, attacking_flair=None, set_piece_strength=None [0m
Coaching Assistant: Great choice! The 4-4-2 formation it is!
------------------------------------------------
Soccer Coach:   Now, let's find a suitable Star Player Position for that formation. What do you think about focusing on speed?
[37m 	 name=None, player_strengths=speed, opponent_weaknesses=None, team_strategy=defensive, preferred_formation=4-4-2, match_conditions=None, leadership_qualities=None, experience_level=None [0m
Coaching Assistant: For speed in a 4-4-2, I'd recommend the Speedy Winger or Speedy Forward. Would you like to hear more about one of them?
Soccer Coach:   I'd like to hear more about the Speedy Forward.
[37m 	 name=Speedy Forward, player_strengths=speed, opponent_weaknesses=None, team_strategy=defensive, preferred_formation=4-4-2, match_conditions=None, leadership_qualities=None, experience_level=None [0m
Coaching Assistant: The Speedy Forward has strengths in speed, exploits midfield weaknesses, aligns with an offensive strategy, and is suited for sunny match conditions.
Soccer Coach:   That sounds perfect! I think the Speedy Forward is the right choice for our team.
[37m 	 name=Speedy Forward, player_strengths=speed, opponent_weaknesses=midfield, team_strategy=offensive, preferred_formation=4-4-2, match_conditions=sunny, leadership_qualities=None, experience_level=None [0m
Coaching Assistant: Awesome! The Speedy Forward it is!
------------------------------------------------
Soccer Coach:   I'm looking for a formation with a counter-attack style. What options do we have?
[37m 	 name=None, tactical_style=Counter-Attack, player_compatibility=None, opponent_strength=None, preferred_wing_play=None, midfield_dominance=None, defensive_solidity=None, formation_width=None, attacking_flair=None, set_piece_strength=None [0m
Coaching Assistant: We have the 4-4-2, 4-3-3, 4-3-2-1, and 3-4-3 formations available for counter-attack style.
Soccer Coach:   Great! I'm leaning towards a formation that supports wing play. Which of these formations is best for that?
[37m 	 name=None, tactical_style=Counter-Attack, player_compatibility=None, opponent_strength=None, preferred_wing_play=True, midfield_dominance=None, defensive_solidity=None, formation_width=None, attacking_flair=None, set_piece_strength=None [0m
Coaching Assistant: The 4-4-2 and 4-3-3 formations support wing play.
Soccer Coach:   I like the 4-3-3. How does it fare with midfield dominance?
[37m 	 name=4-3-3, tactical_style=Counter-Attack, player_compatibility=None, opponent_strength=None, preferred_wing_play=True, midfield_dominance=None, defensive_solidity=None, formation_width=None, attacking_flair=None, set_piece_strength=None [0m
Coaching Assistant: The 4-3-3 formation focuses on midfield dominance, so it’s a good fit!
Soccer Coach:   Perfect! What about its compatibility with players?
[37m 	 name=4-3-3, tactical_style=Counter-Attack, player_compatibility=None, opponent_strength=None, preferred_wing_play=True, midfield_dominance=True, defensive_solidity=None, formation_width=None, attacking_flair=None, set_piece_strength=None [0m
Coaching Assistant: The 4-3-3 has a player compatibility score of 0.9, which is quite high!
Soccer Coach:   Sounds promising! How does the 4-3-3 perform in terms of set-piece strength?
[37m 	 name=4-3-3, tactical_style=Counter-Attack, player_compatibility=0.9, opponent_strength=None, preferred_wing_play=True, midfield_dominance=True, defensive_solidity=None, formation_width=None, attacking_flair=None, set_piece_strength=None [0m
Coaching Assistant: The 4-3-3 has a medium set-piece strength.
Soccer Coach:   That's just what I need! I think the 4-3-3 formation is the one for us.
[37m 	 name=4-3-3, tactical_style=Counter-Attack, player_compatibility=0.9, opponent_strength=None, preferred_wing_play=True, midfield_dominance=True, defensive_solidity=None, formation_width=None, attacking_flair=None, set_piece_strength=Medium [0m
Coaching Assistant: Awesome choice! The 4-3-3 formation it is!
------------------------------------------------
Soccer Coach:   Thanks! Now, can you help me find a suitable Star Player Position for our 4-3-3?
[37m 	 name=None, player_strengths=None, opponent_weaknesses=None, team_strategy=balanced, preferred_formation=4-3-3, match_conditions=None, leadership_qualities=None, experience_level=None [0m
Coaching Assistant: Sure! What player strengths are you looking for in a Star Player Position?
Soccer Coach:   I'm looking for a player with agility.
[37m 	 name=None, player_strengths=agility, opponent_weaknesses=None, team_strategy=None, preferred_formation=4-3-3, match_conditions=None, leadership_qualities=None, experience_level=None [0m
Coaching Assistant: Great! We have the Winger and Central Midfielder positions that feature agility.
Soccer Coach:   I think the Winger position would be a good fit. What do you think?
[37m 	 name=Winger, player_strengths=agility, opponent_weaknesses=None, team_strategy=None, preferred_formation=4-3-3, match_conditions=None, leadership_qualities=None, experience_level=None [0m
Coaching Assistant: The Winger position is excellent for the 4-3-3 formation! It emphasizes speed and wing play.
Soccer Coach:   Awesome! Now, what about the experience level for the Winger?
[37m 	 name=Winger, player_strengths=agility, opponent_weaknesses=None, team_strategy=None, preferred_formation=4-3-3, match_conditions=None, leadership_qualities=None, experience_level=None [0m
Coaching Assistant: The Winger position is best suited for experienced players.
```python
dialogue = DialogueForMultipleSearches(
    searcher="Assisted Living Manager",
    recommender="Consultant",
    scenario="An assisted living manager is getting help from a consultant to look for a new hire and a new weekly activity for the residents.",
    topics=[
        SearchTopic(
            searched_item_type_name="New Hire",
            possible_criteria={
                "Experience": "2+ years in senior care",
                "Qualifications": "Certified Nursing Assistant",
                "Availability": "Full-time",
                "Skills": "Activity planning and engagement"
            }
        ),
        SearchTopic(
            searched_item_type_name="Weekly Activity",
            possible_criteria={
                "Type": "Physical Activity",
                "Duration": "1 hour",
                "Frequency": "Weekly",
                "Target Group": "Senior residents"
            }
        )
    ]
)
```
------------------------------------------------
Assisted Living Manager: I'm looking for a full-time RN with BLS certification for a night shift.
[37m 	 name=None, experience_years=None, qualifications=['RN'], availability=full-time, skills=None, language_proficiency=None, certification=['BLS'], location_preference=None, shift_preference=night, salary_expectation=None [0m
Consultant:     I have a candidate named Catherine Lee who fits that description. Would you like to know more about her?
Assisted Living Manager: Yes, please tell me more about Catherine Lee.
[37m 	 name=Catherine Lee, experience_years=None, qualifications=None, availability=full-time, skills=None, language_proficiency=None, certification=['BLS'], location_preference=None, shift_preference=night, salary_expectation=None [0m
Consultant:     Catherine Lee has 6 years of experience, speaks English and French, and expects a salary of $62,000.
Assisted Living Manager: That sounds promising! Does she have any specific skills that stand out?
[37m 	 name=Catherine Lee, experience_years=6, qualifications=None, availability=full-time, skills=None, language_proficiency=['English', 'French'], certification=['BLS'], location_preference=None, shift_preference=night, salary_expectation=62000 [0m
Consultant:     Yes, she has skills in critical thinking, patient care, and teamwork.
Assisted Living Manager: Great skills! Would you say her availability is flexible for the night shift?
[37m 	 name=Catherine Lee, experience_years=6, qualifications=['RN', 'BLS'], availability=full-time, skills=['critical thinking', 'patient care', 'teamwork'], language_proficiency=['English', 'French'], certification=['BLS'], location_preference=None, shift_preference=night, salary_expectation=62000 [0m
Consultant:     Catherine is available full-time specifically for the night shift.
Assisted Living Manager: Perfect! I think she could be a great fit. Should we proceed with the hiring process for Catherine?
[37m 	 name=Catherine Lee, experience_years=6, qualifications=['BLS certification'], availability=full-time, skills=['critical thinking', 'patient care', 'teamwork'], language_proficiency=['English', 'French'], certification=['BLS'], location_preference=None, shift_preference=night, salary_expectation=62000.0 [0m
Consultant:     Absolutely! It sounds like a great choice to proceed with Catherine Lee.
------------------------------------------------
Assisted Living Manager: Thanks! Now, can you help me find a recreational activity for our residents?
[37m 	 name=None, type=recreational, duration=None, frequency=None, target_group=None, indoor_or_outdoor=None, skill_level=None, equipment_needed=None, group_size=None, cost_level=None [0m
Consultant:     Sure! What specific characteristics are you looking for in a recreational activity?
Assisted Living Manager: I'm looking for something recreational, around 60 minutes long, and suitable for beginners.
[37m 	 name=None, type=recreational, duration=60, frequency=None, target_group=None, indoor_or_outdoor=None, skill_level=beginner, equipment_needed=None, group_size=None, cost_level=None [0m
Consultant:     How about the "Nature Walk"? It's recreational, lasts 60 minutes, and is perfect for beginners.
Assisted Living Manager: That sounds great! Is it suitable for a group size of about 8 people?
[37m 	 name=Nature Walk, type=recreational, duration=60, frequency=None, target_group=None, indoor_or_outdoor=outdoor, skill_level=beginner, equipment_needed=None, group_size=8, cost_level=None [0m
Consultant:     The "Nature Walk" is ideal for a group size of 20; would you like to consider an alternative?
Assisted Living Manager: Yes, let's find something that fits a group size of 8. Any suggestions?
[37m 	 name=None, type=recreational, duration=60, frequency=None, target_group=None, indoor_or_outdoor=None, skill_level=beginner, equipment_needed=None, group_size=8, cost_level=None [0m
Consultant:     You might like the "Outdoor Walking Group." It's also recreational, lasts 30 minutes, and is suitable for beginners.
Assisted Living Manager: That sounds good, but I need it to be 60 minutes long. Any other options?
[37m 	 name=None, type=recreational, duration=60, frequency=None, target_group=None, indoor_or_outdoor=outdoor, skill_level=beginner, equipment_needed=None, group_size=8, cost_level=None [0m
Consultant:     How about the "Yoga Class"? It's 60 minutes long, recreational, and suitable for beginners, with a group size of 10.
Assisted Living Manager: The "Yoga Class" sounds promising! Is it indoors or outdoors?
[37m 	 name=Yoga Class, type=recreational, duration=60, frequency=None, target_group=None, indoor_or_outdoor=indoor, skill_level=beginner, equipment_needed=None, group_size=10, cost_level=None [0m
Consultant:     The "Yoga Class" is conducted indoors.
Assisted Living Manager: That works for me! Does it require any specific equipment?
[37m 	 name=Yoga Class, type=recreational, duration=60, frequency=None, target_group=None, indoor_or_outdoor=indoor, skill_level=beginner, equipment_needed=None, group_size=10, cost_level=None [0m
Consultant:     Yes, it requires yoga mats for the class.
Assisted Living Manager: I can arrange for yoga mats. What about the cost level for the "Yoga Class"?
[37m 	 name=Yoga Class, type=recreational, duration=60, frequency=None, target_group=None, indoor_or_outdoor=indoor, skill_level=beginner, equipment_needed=yoga mats, group_size=10, cost_level=None [0m
Consultant:     The cost level for the "Yoga Class" is low.
------------------------------------------------
Assisted Living Manager: I'm looking for someone with at least two years of experience.
[37m 	 name=None, experience_years=2, qualifications=None, availability=None, skills=None, language_proficiency=None, certification=None, location_preference=None, shift_preference=None, salary_expectation=None [0m
Consultant:     Got it! How about their availability—do you prefer full-time, part-time, or on-call?
Assisted Living Manager: I need someone who is available on-call.
[37m 	 name=None, experience_years=2, qualifications=None, availability=on-call, skills=None, language_proficiency=None, certification=None, location_preference=None, shift_preference=None, salary_expectation=None [0m
Consultant:     Okay! Do you have any specific qualifications in mind for the New Hire?
Assisted Living Manager: Yes, a CNA qualification is required.
[37m 	 name=None, experience_years=2, qualifications=['CNA'], availability=on-call, skills=None, language_proficiency=None, certification=None, location_preference=None, shift_preference=None, salary_expectation=None [0m
Consultant:     Great! Any location preference for the New Hire?
Assisted Living Manager: I prefer someone who can work in Uptown.
[37m 	 name=None, experience_years=2, qualifications=['CNA'], availability=on-call, skills=None, language_proficiency=None, certification=None, location_preference=Uptown, shift_preference=None, salary_expectation=None [0m
Consultant:     Understood! What about salary expectations—do you have a budget in mind?
Assisted Living Manager: I'm looking at a salary expectation of around $30,000.
[37m 	 name=None, experience_years=2, qualifications=['CNA'], availability=on-call, skills=None, language_proficiency=None, certification=None, location_preference=Uptown, shift_preference=None, salary_expectation=30000.0 [0m
Consultant:     Based on your criteria, I have a candidate: John Doe. Would you like to go with him?
Assisted Living Manager: Does he have experience in companionship and speak both English and Spanish?
[37m 	 name=None, experience_years=2, qualifications=['CNA'], availability=on-call, skills=None, language_proficiency=None, certification=None, location_preference=Uptown, shift_preference=None, salary_expectation=30000 [0m
Consultant:     Yes, John Doe has companionship skills and speaks both English and Spanish. Would you like to confirm him as your choice?
Assisted Living Manager: Yes, let's go with John Doe!
[37m 	 name=John Doe, experience_years=2, qualifications=['CNA'], availability=on-call, skills=['companionship'], language_proficiency=['English', 'Spanish'], certification=None, location_preference=Uptown, shift_preference=None, salary_expectation=30000 [0m
Consultant:     Great choice! John Doe it is!
------------------------------------------------
Assisted Living Manager: Thanks! Now, can you help me find a suitable arts and crafts activity?
[37m 	 name=None, type=arts_and_crafts, duration=None, frequency=None, target_group=None, indoor_or_outdoor=None, skill_level=None, equipment_needed=None, group_size=None, cost_level=None [0m
Consultant:     Sure! What age group are you targeting for the arts and crafts activity?
Assisted Living Manager: I'm targeting teens for the activity.
[37m 	 name=None, type=arts_and_crafts, duration=None, frequency=None, target_group=teens, indoor_or_outdoor=None, skill_level=None, equipment_needed=None, group_size=None, cost_level=None [0m
Consultant:     Got it! How often would you like the activity to occur—weekly, biweekly, or monthly?
Assisted Living Manager: I prefer it to be a monthly activity.
[37m 	 name=None, type=arts_and_crafts, duration=None, frequency=monthly, target_group=teens, indoor_or_outdoor=None, skill_level=None, equipment_needed=None, group_size=None, cost_level=None [0m
Consultant:     Thanks! What skill level are you looking for—beginner, intermediate, or advanced?
Assisted Living Manager: I'm looking for an advanced skill level.
[37m 	 name=None, type=arts_and_crafts, duration=None, frequency=monthly, target_group=teens, indoor_or_outdoor=None, skill_level=advanced, equipment_needed=None, group_size=None, cost_level=None [0m
Consultant:     The "Advanced Painting" activity fits your criteria. Would you like to go with that?
Assisted Living Manager: Yes, let's go with the "Advanced Painting" activity!
[37m 	 name=Advanced Painting, type=arts_and_crafts, duration=None, frequency=monthly, target_group=teens, indoor_or_outdoor=None, skill_level=advanced, equipment_needed=None, group_size=None, cost_level=None [0m
Consultant:     Perfect choice! "Advanced Painting" it is!
------------------------------------------------
Assisted Living Manager: I'm looking for someone with at least 5 years of experience. Do you think that's feasible?
[37m 	 name=None, experience_years=5, qualifications=None, availability=None, skills=None, language_proficiency=None, certification=None, location_preference=None, shift_preference=None, salary_expectation=None [0m
Consultant:     Yes, we have several candidates with 5 or more years of experience. What other qualities are you looking for?
Assisted Living Manager: I need someone who is an LPN and has CPR certification.
[37m 	 name=None, experience_years=5, qualifications=['LPN'], availability=None, skills=None, language_proficiency=None, certification=['CPR'], location_preference=None, shift_preference=None, salary_expectation=None [0m
Consultant:     We have a couple of LPN candidates with CPR certification. Would you prefer full-time or part-time availability?
Assisted Living Manager: Part-time availability would be ideal for us.
[37m 	 name=None, experience_years=5, qualifications=['LPN'], availability=part-time, skills=None, language_proficiency=None, certification=['CPR'], location_preference=None, shift_preference=None, salary_expectation=None [0m
Consultant:     Great! There's Bob Johnson and Carol Williams, both LPNs with CPR certification and part-time availability. Would you like more details on either?
Assisted Living Manager: Can you tell me more about Bob Johnson?
[37m 	 name=None, experience_years=5, qualifications=['LPN'], availability=part-time, skills=None, language_proficiency=None, certification=['CPR'], location_preference=None, shift_preference=None, salary_expectation=None [0m
Consultant:     Bob Johnson has 5 years of experience, skills in patient care and communication, and is located in Uptown with a salary expectation of $60,000.
Assisted Living Manager: That sounds promising! What languages does Bob speak?
[37m 	 name=Bob Johnson, experience_years=5, qualifications=['LPN'], availability=part-time, skills=['patient care', 'communication'], language_proficiency=None, certification=['CPR'], location_preference=Uptown, shift_preference=None, salary_expectation=60000.0 [0m
Consultant:     Bob Johnson is proficient in English and Spanish. Would you like to move forward with him?
Assisted Living Manager: Yes, let's proceed with Bob Johnson!
[37m 	 name=Bob Johnson, experience_years=5, qualifications=['LPN'], availability=part-time, skills=['patient care', 'communication'], language_proficiency=['English', 'Spanish'], certification=['CPR'], location_preference=Uptown, shift_preference=None, salary_expectation=60000 [0m
Consultant:     Excellent choice! I'll note down Bob Johnson as your New Hire.
------------------------------------------------
Assisted Living Manager: Thanks! Now, can we find a suitable Weekly Activity for the residents?
[37m 	 name=None, type=None, duration=None, frequency=None, target_group=seniors, indoor_or_outdoor=None, skill_level=None, equipment_needed=None, group_size=None, cost_level=None [0m
Consultant:     Absolutely! What specific characteristics are you looking for in a Weekly Activity?
Assisted Living Manager: I need an exercise activity for adults, lasting about 60 minutes, indoors, and for beginners.
[37m 	 name=None, type=exercise, duration=60, frequency=None, target_group=adults, indoor_or_outdoor=indoor, skill_level=beginner, equipment_needed=None, group_size=None, cost_level=None [0m
Consultant:     How about the "Dance Class"? It's an indoor exercise for adults, lasts 60 minutes, and is suitable for beginners. Would you like to go with that?
Assisted Living Manager: That sounds great! Let's go with the Dance Class.
[37m 	 name=Dance Class, type=exercise, duration=60, frequency=None, target_group=adults, indoor_or_outdoor=indoor, skill_level=beginner, equipment_needed=None, group_size=None, cost_level=None [0m
Consultant:     Perfect! The "Dance Class" is confirmed for your residents.
------------------------------------------------
Assisted Living Manager: What experience level are you looking for in a New Hire?
[37m 	 name=None, experience_years=None, qualifications=None, availability=None, skills=None, language_proficiency=None, certification=None, location_preference=None, shift_preference=None, salary_expectation=None [0m
Consultant:     How many years of experience do you prefer for the New Hire?
Assisted Living Manager: I prefer at least one year of experience.
[37m 	 name=None, experience_years=1, qualifications=None, availability=None, skills=None, language_proficiency=None, certification=None, location_preference=None, shift_preference=None, salary_expectation=None [0m
Consultant:     What specific qualifications should the New Hire have?
Assisted Living Manager: They should have a CNA qualification.
[37m 	 name=None, experience_years=1, qualifications=['CNA'], availability=None, skills=None, language_proficiency=None, certification=None, location_preference=None, shift_preference=None, salary_expectation=None [0m
Consultant:     What type of availability are you looking for—full-time, part-time, or on-call?
Assisted Living Manager: I'm looking for full-time availability.
[37m 	 name=None, experience_years=1, qualifications=['CNA'], availability=full-time, skills=None, language_proficiency=None, certification=None, location_preference=None, shift_preference=None, salary_expectation=None [0m
Consultant:     Do you have a preference for the location where the New Hire should work?
Assisted Living Manager: Yes, I prefer the location to be Downtown.
[37m 	 name=None, experience_years=1, qualifications=['CNA'], availability=full-time, skills=None, language_proficiency=None, certification=None, location_preference=Downtown, shift_preference=None, salary_expectation=None [0m
Consultant:     What shift preference do you have in mind for the New Hire?
Assisted Living Manager: I would like a flexible shift preference.
[37m 	 name=None, experience_years=1, qualifications=['CNA'], availability=full-time, skills=None, language_proficiency=None, certification=None, location_preference=Downtown, shift_preference=flexible, salary_expectation=None [0m
Consultant:     What is your salary expectation for the New Hire?
Assisted Living Manager: My salary expectation is around $29,000.
[37m 	 name=None, experience_years=1, qualifications=['CNA'], availability=full-time, skills=None, language_proficiency=None, certification=None, location_preference=Downtown, shift_preference=flexible, salary_expectation=29000.0 [0m
Consultant:     Based on your criteria, I recommend Sarah Davis, who meets all your requirements. Would you like to proceed with her?
Assisted Living Manager: Yes, let's proceed with Sarah Davis!
[37m 	 name=Sarah Davis, experience_years=1, qualifications=['CNA'], availability=full-time, skills=None, language_proficiency=None, certification=None, location_preference=Downtown, shift_preference=flexible, salary_expectation=29000 [0m
Consultant:     Great choice! Sarah Davis it is.
------------------------------------------------
Assisted Living Manager: Thanks! Now, can you help me find a suitable outdoor arts and crafts activity for children?
[37m 	 name=None, type=arts_and_crafts, duration=None, frequency=None, target_group=children, indoor_or_outdoor=outdoor, skill_level=None, equipment_needed=None, group_size=None, cost_level=None [0m
Consultant:     Sure! Are you looking for a specific duration for the activity?
Assisted Living Manager: Yes, I want it to be around 120 minutes.
[37m 	 name=None, type=arts_and_crafts, duration=120, frequency=None, target_group=children, indoor_or_outdoor=outdoor, skill_level=None, equipment_needed=None, group_size=None, cost_level=None [0m
Consultant:     How often would you like this activity to occur—weekly or biweekly?
Assisted Living Manager: I’d prefer it to be biweekly.
[37m 	 name=None, type=arts_and_crafts, duration=120, frequency=biweekly, target_group=children, indoor_or_outdoor=outdoor, skill_level=None, equipment_needed=None, group_size=None, cost_level=None [0m
Consultant:     I have a perfect match: "Crafting with Nature," a biweekly outdoor activity for children lasting 120 minutes. Would you like to go with that?
Assisted Living Manager: Yes, "Crafting with Nature" sounds perfect! Let's go with it!
[37m 	 name=Crafting with Nature, type=arts_and_crafts, duration=120, frequency=biweekly, target_group=children, indoor_or_outdoor=outdoor, skill_level=None, equipment_needed=None, group_size=None, cost_level=None [0m
Consultant:     Awesome choice! "Crafting with Nature" is all set for you!
------------------------------------------------
Assisted Living Manager: What experience level are you looking for in a New Hire?
[37m 	 name=None, experience_years=None, qualifications=None, availability=None, skills=None, language_proficiency=None, certification=None, location_preference=None, shift_preference=None, salary_expectation=None [0m
Consultant:     How many years of experience do you prefer?
Assisted Living Manager: I prefer at least two years of experience.
[37m 	 name=None, experience_years=2, qualifications=None, availability=None, skills=None, language_proficiency=None, certification=None, location_preference=None, shift_preference=None, salary_expectation=None [0m
Consultant:     What qualifications are you looking for in a New Hire?
Assisted Living Manager: I need them to have a CNA and First Aid certification.
[37m 	 name=None, experience_years=2, qualifications=None, availability=None, skills=None, language_proficiency=None, certification=['CNA', 'First Aid'], location_preference=None, shift_preference=None, salary_expectation=None [0m
Consultant:     What type of availability do you need? Full-time, part-time, or on-call?
Assisted Living Manager: I'm looking for someone part-time.
[37m 	 name=None, experience_years=2, qualifications=['CNA', 'First Aid'], availability=part-time, skills=None, language_proficiency=None, certification=None, location_preference=None, shift_preference=None, salary_expectation=None [0m
Consultant:     Do you have a preferred location for the New Hire?
Assisted Living Manager: Yes, I prefer them to be in the suburbs.
[37m 	 name=None, experience_years=2, qualifications=['CNA', 'First Aid'], availability=part-time, skills=None, language_proficiency=None, certification=None, location_preference=suburbs, shift_preference=None, salary_expectation=None [0m
Consultant:     What shift preference do you have in mind? Morning, evening, night, or flexible?
Assisted Living Manager: I don't have a specific shift preference; any shift is fine.
[37m 	 name=None, experience_years=2, qualifications=['CNA', 'First Aid'], availability=part-time, skills=None, language_proficiency=None, certification=None, location_preference=suburbs, shift_preference=flexible, salary_expectation=None [0m
Consultant:     What salary range are you considering for this position?
Assisted Living Manager: I'm expecting a salary around $34,000.
[37m 	 name=None, experience_years=2, qualifications=['CNA', 'First Aid'], availability=part-time, skills=None, language_proficiency=None, certification=None, location_preference=suburbs, shift_preference=flexible, salary_expectation=34000.0 [0m
Consultant:     Based on your criteria, I recommend Irene Taylor with 3 years of experience, CNA and First Aid certifications, part-time availability, and a salary expectation of $36,000. Would you like to go with her?
Assisted Living Manager: Irene sounds good, but her salary is a bit above my expectation. Can we find someone closer to $34,000?
[37m 	 name=None, experience_years=2, qualifications=['CNA', 'First Aid'], availability=part-time, skills=None, language_proficiency=None, certification=['CNA', 'First Aid'], location_preference=suburbs, shift_preference=flexible, salary_expectation=34000.0 [0m
Consultant:     How about Irene Taylor, who has 2 years of experience, CNA and First Aid certifications, part-time availability, and a salary expectation of $34,000? Would she work for you?
Assisted Living Manager: Yes, Irene Taylor would be a perfect fit! Let's proceed with her.
[37m 	 name=Irene Taylor, experience_years=2, qualifications=['CNA', 'First Aid'], availability=part-time, skills=None, language_proficiency=None, certification=['CNA', 'First Aid'], location_preference=suburbs, shift_preference=None, salary_expectation=34000.0 [0m
Consultant:     Great choice! Irene Taylor it is. Good luck with your new hire!
------------------------------------------------
Assisted Living Manager: Thanks! Now, can you help me find a suitable weekly activity for our seniors?
[37m 	 name=None, type=None, duration=None, frequency=None, target_group=seniors, indoor_or_outdoor=None, skill_level=None, equipment_needed=None, group_size=None, cost_level=None [0m
Consultant:     Absolutely! What type of activity are you considering? Exercise, arts and crafts, social, or something else?
Assisted Living Manager: I'm looking for a recreational activity.
[37m 	 name=None, type=recreational, duration=None, frequency=None, target_group=seniors, indoor_or_outdoor=None, skill_level=None, equipment_needed=None, group_size=None, cost_level=None [0m
Consultant:     Do you prefer the activity to be indoor, outdoor, or both?
Assisted Living Manager: I prefer it to be outdoor.
[37m 	 name=None, type=recreational, duration=None, frequency=None, target_group=seniors, indoor_or_outdoor=outdoor, skill_level=None, equipment_needed=None, group_size=None, cost_level=None [0m
Consultant:     What duration do you have in mind for the activity?
Assisted Living Manager: I’m thinking about a duration of 120 minutes.
[37m 	 name=None, type=recreational, duration=120, frequency=None, target_group=seniors, indoor_or_outdoor=outdoor, skill_level=None, equipment_needed=None, group_size=None, cost_level=None [0m
Consultant:     Are you looking for a specific group size for the activity?
Assisted Living Manager: Yes, I’d like the group size to be around 15.
[37m 	 name=None, type=recreational, duration=120, frequency=None, target_group=seniors, indoor_or_outdoor=outdoor, skill_level=None, equipment_needed=None, group_size=15, cost_level=None [0m
Consultant:     Based on your criteria, I recommend the "Gardening Club," which is outdoor, 120 minutes, for 15 seniors. Does that work for you?
------------------------------------------------
Assisted Living Manager: I'm looking for a part-time New Hire with LPN and CPR qualifications.
[37m 	 name=None, experience_years=None, qualifications=['LPN', 'CPR'], availability=part-time, skills=None, language_proficiency=None, certification=None, location_preference=None, shift_preference=None, salary_expectation=None [0m
Consultant:     I have a part-time LPN with CPR, but they have eight years of experience. Would that work for you?
Assisted Living Manager: That sounds great! What about their skills? Do they have experience with wound care?
[37m 	 name=None, experience_years=8, qualifications=['LPN', 'CPR'], availability=part-time, skills=None, language_proficiency=None, certification=None, location_preference=None, shift_preference=None, salary_expectation=None [0m
Consultant:     Yes, they have skills in wound care and patient education. Would you like to proceed with them?
Assisted Living Manager: Sounds promising! Do they speak any languages other than English?
[37m 	 name=None, experience_years=8, qualifications=['LPN', 'CPR'], availability=part-time, skills=['wound care', 'patient education'], language_proficiency=None, certification=None, location_preference=None, shift_preference=None, salary_expectation=None [0m
Consultant:     Yes, they are proficient in Spanish as well. Shall we confirm them as your choice?
Assisted Living Manager: That’s perfect! Do they have a First Aid certification?
[37m 	 name=None, experience_years=8, qualifications=['LPN', 'CPR'], availability=part-time, skills=['wound care', 'patient education'], language_proficiency=['Spanish'], certification=['First Aid'], location_preference=None, shift_preference=None, salary_expectation=None [0m
Consultant:     No, they only have CPR and BLS certifications, but not First Aid. Is that acceptable for you?
Assisted Living Manager: I really need someone with First Aid certification. Can we find another candidate?
[37m 	 name=None, experience_years=None, qualifications=['LPN', 'CPR'], availability=part-time, skills=['wound care', 'patient education'], language_proficiency=['Spanish'], certification=None, location_preference=None, shift_preference=None, salary_expectation=None [0m
Consultant:     Sure! I can find another part-time candidate with both LPN and First Aid certification. Give me a moment.
Assisted Living Manager: Thanks! I appreciate your help in finding the right fit.
[37m 	 name=None, experience_years=None, qualifications=['LPN'], availability=part-time, skills=['wound care', 'patient education'], language_proficiency=['Spanish'], certification=['CPR', 'BLS'], location_preference=None, shift_preference=None, salary_expectation=None [0m
Consultant:     You're welcome! I found a part-time LPN with First Aid certification, but they have only three years of experience. Does that work for you?
Assisted Living Manager: Yes, that should be fine! Do they have skills in wound care?
[37m 	 name=None, experience_years=3, qualifications=['LPN'], availability=part-time, skills=['wound care'], language_proficiency=['Spanish'], certification=['First Aid', 'CPR', 'BLS'], location_preference=None, shift_preference=None, salary_expectation=None [0m
Consultant:     Yes, they have skills in wound care and communication. Would you like to confirm them?
Assisted Living Manager: Yes, let’s confirm them! What’s their availability for night shifts?
[37m 	 name=None, experience_years=3, qualifications=['LPN', 'First Aid'], availability=part-time, skills=['wound care', 'communication'], language_proficiency=['Spanish'], certification=['CPR', 'BLS'], location_preference=None, shift_preference=night, salary_expectation=None [0m
Consultant:     They are available for morning shifts, not night shifts. Is that still acceptable?
Assisted Living Manager: I really need someone for night shifts. Let's keep looking.
[37m 	 name=None, experience_years=None, qualifications=['LPN', 'CPR', 'First Aid'], availability=part-time, skills=['wound care', 'communication'], language_proficiency=['Spanish'], certification=['CPR', 'BLS', 'First Aid'], location_preference=None, shift_preference=night, salary_expectation=None [0m
Consultant:     Understood! Let me check for other part-time LPN candidates available for night shifts. One moment, please.
Assisted Living Manager: Thank you! I appreciate your assistance.
[37m 	 name=None, experience_years=None, qualifications=['LPN'], availability=part-time, skills=['wound care', 'patient education'], language_proficiency=['Spanish'], certification=['CPR', 'BLS'], location_preference=None, shift_preference=night, salary_expectation=None [0m
Consultant:     I found a part-time LPN with CPR and First Aid certifications, but they have eight years of experience. Is that a good fit?
Assisted Living Manager: Yes, that sounds like a great fit! Do they have skills in wound care?
[37m 	 name=None, experience_years=8, qualifications=['LPN'], availability=part-time, skills=['wound care', 'communication'], language_proficiency=None, certification=['CPR', 'First Aid'], location_preference=None, shift_preference=night, salary_expectation=None [0m
Consultant:     Yes, they have skills in wound care and patient education. Shall we confirm them as your choice?
Assisted Living Manager: Absolutely, let's confirm them!
[37m 	 name=None, experience_years=8, qualifications=['LPN'], availability=part-time, skills=['wound care', 'patient education'], language_proficiency=['Spanish'], certification=['CPR', 'First Aid'], location_preference=None, shift_preference=night, salary_expectation=None [0m
Consultant:     Great choice! I'll finalize the details for your new hire.
------------------------------------------------
Assisted Living Manager: Thanks! By the way, could you help me find a suitable weekly activity for our seniors?
[37m 	 name=None, type=None, duration=None, frequency=None, target_group=seniors, indoor_or_outdoor=None, skill_level=None, equipment_needed=None, group_size=None, cost_level=None [0m
Consultant:     Of course! What specific characteristics are you looking for in the weekly activity?
Assisted Living Manager: I'm thinking of a recreational activity, about 90 minutes long, biweekly, outdoor, for beginners, with no equipment needed, and around 15 people.
[37m 	 name=None, type=recreational, duration=90, frequency=biweekly, target_group=seniors, indoor_or_outdoor=outdoor, skill_level=beginner, equipment_needed=None, group_size=15, cost_level=None [0m
Consultant:     The "Garden Tour" fits most of your criteria, but it's biweekly and outdoor for beginners, with no equipment needed, but it has a group size of 15. Would that work for you?
Assisted Living Manager: That sounds perfect! Let's go with the "Garden Tour."
[37m 	 name=Garden Tour, type=recreational, duration=90, frequency=biweekly, target_group=seniors, indoor_or_outdoor=outdoor, skill_level=beginner, equipment_needed=None, group_size=15, cost_level=None [0m
Consultant:     Great choice! I'll note the "Garden Tour" for your seniors.
------------------------------------------------
Assisted Living Manager: Hey, I’m looking for a part-time New Hire with at least 5 years of experience.
[37m 	 name=None, experience_years=5, qualifications=None, availability=part-time, skills=None, language_proficiency=None, certification=None, location_preference=None, shift_preference=None, salary_expectation=None [0m
Consultant:     I have Lisa White with 5 years of experience and a part-time availability. Would you like to know more about her?
Assisted Living Manager: Yes, what qualifications does she have?
[37m 	 name=Lisa White, experience_years=5, qualifications=None, availability=part-time, skills=None, language_proficiency=None, certification=None, location_preference=None, shift_preference=None, salary_expectation=None [0m
Consultant:     Lisa has qualifications in CNA and First Aid.
Assisted Living Manager: Great! What languages is she proficient in?
[37m 	 name=Lisa White, experience_years=5, qualifications=['CNA', 'First Aid'], availability=part-time, skills=None, language_proficiency=None, certification=None, location_preference=None, shift_preference=None, salary_expectation=None [0m
Consultant:     Lisa is proficient in English.
Assisted Living Manager: Perfect! Does she have the required certifications?
[37m 	 name=Lisa White, experience_years=5, qualifications=['CNA', 'First Aid'], availability=part-time, skills=None, language_proficiency=['English'], certification=None, location_preference=None, shift_preference=None, salary_expectation=None [0m
Consultant:     Yes, she holds a First Aid certification.
Assisted Living Manager: Awesome! What location is she willing to work in?
[37m 	 name=Lisa White, experience_years=5, qualifications=['CNA', 'First Aid'], availability=part-time, skills=None, language_proficiency=['English'], certification=['First Aid'], location_preference=None, shift_preference=None, salary_expectation=None [0m
Consultant:     Lisa prefers to work in Downtown.
Assisted Living Manager: That sounds good! What shift preference does she have?
[37m 	 name=Lisa White, experience_years=5, qualifications=['CNA', 'First Aid'], availability=part-time, skills=None, language_proficiency=['English'], certification=['First Aid'], location_preference=Downtown, shift_preference=None, salary_expectation=None [0m
Consultant:     Lisa has a flexible shift preference.
Assisted Living Manager: Nice! What are her salary expectations?
[37m 	 name=Lisa White, experience_years=5, qualifications=['CNA', 'First Aid'], availability=part-time, skills=None, language_proficiency=['English'], certification=['First Aid'], location_preference=Downtown, shift_preference=flexible, salary_expectation=None [0m
Consultant:     Her salary expectation is $50,000.
Assisted Living Manager: That fits well! I think Lisa White is a suitable choice for us.
[37m 	 name=Lisa White, experience_years=5, qualifications=['CNA', 'First Aid'], availability=part-time, skills=None, language_proficiency=['English'], certification=['First Aid'], location_preference=Downtown, shift_preference=flexible, salary_expectation=50000 [0m
Consultant:     Great choice! I'll mark Lisa White as your selected New Hire.
------------------------------------------------
Assisted Living Manager: Thanks! Now, I need help finding a suitable Weekly Activity. Any suggestions?
[37m 	 name=None, type=None, duration=None, frequency=None, target_group=None, indoor_or_outdoor=None, skill_level=None, equipment_needed=None, group_size=None, cost_level=None [0m
Consultant:     Sure! What type of activity are you considering, like social or educational?
Assisted Living Manager: I'm looking for something in arts and crafts.
[37m 	 name=None, type=arts_and_crafts, duration=None, frequency=None, target_group=None, indoor_or_outdoor=None, skill_level=None, equipment_needed=None, group_size=None, cost_level=None [0m
Consultant:     How about "Art Therapy" or "Art Class"? Which one interests you more?
Assisted Living Manager: Art Class sounds interesting! What duration do these typically have?
[37m 	 name=Art Class, type=arts_and_crafts, duration=None, frequency=None, target_group=None, indoor_or_outdoor=None, skill_level=None, equipment_needed=None, group_size=None, cost_level=None [0m
Consultant:     The "Art Class" typically lasts for 90 minutes.
Assisted Living Manager: Perfect! How often do these classes occur?
[37m 	 name=Art Class, type=arts_and_crafts, duration=90, frequency=None, target_group=None, indoor_or_outdoor=None, skill_level=None, equipment_needed=None, group_size=None, cost_level=None [0m
Consultant:     The "Art Class" occurs weekly.
Assisted Living Manager: That fits my needs! Is it suitable for a group size of 8?
[37m 	 name=Art Class, type=arts_and_crafts, duration=90, frequency=weekly, target_group=None, indoor_or_outdoor=None, skill_level=None, equipment_needed=None, group_size=8, cost_level=None [0m
Consultant:     Yes, the "Art Class" is ideal for a group size of 8.
------------------------------------------------
Assisted Living Manager: What kind of experience are you looking for in a New Hire?
[37m 	 name=None, experience_years=None, qualifications=None, availability=None, skills=None, language_proficiency=None, certification=None, location_preference=None, shift_preference=None, salary_expectation=None [0m
Consultant:     How many years of experience do you prefer?
Assisted Living Manager: I'm looking for someone with at least three years of experience.
[37m 	 name=None, experience_years=3, qualifications=None, availability=None, skills=None, language_proficiency=None, certification=None, location_preference=None, shift_preference=None, salary_expectation=None [0m
Consultant:     What qualifications should the New Hire have?
Assisted Living Manager: They should have a CNA qualification.
[37m 	 name=None, experience_years=3, qualifications=['CNA'], availability=None, skills=None, language_proficiency=None, certification=None, location_preference=None, shift_preference=None, salary_expectation=None [0m
Consultant:     What type of availability do you need for this position?
Assisted Living Manager: I need someone who can work full-time.
[37m 	 name=None, experience_years=3, qualifications=['CNA'], availability=full-time, skills=None, language_proficiency=None, certification=None, location_preference=None, shift_preference=None, salary_expectation=None [0m
Consultant:     Do you have a preferred location for the New Hire?
Assisted Living Manager: Yes, I prefer them to be located in Downtown.
[37m 	 name=None, experience_years=3, qualifications=['CNA'], availability=full-time, skills=None, language_proficiency=None, certification=None, location_preference=Downtown, shift_preference=None, salary_expectation=None [0m
Consultant:     What shift preference do you have in mind?
Assisted Living Manager: I would like a flexible shift preference.
[37m 	 name=None, experience_years=3, qualifications=['CNA'], availability=full-time, skills=None, language_proficiency=None, certification=None, location_preference=Downtown, shift_preference=flexible, salary_expectation=None [0m
Consultant:     What is your salary expectation for this position?
Assisted Living Manager: I'm expecting around $40,000.
[37m 	 name=None, experience_years=3, qualifications=['CNA'], availability=full-time, skills=None, language_proficiency=None, certification=None, location_preference=Downtown, shift_preference=flexible, salary_expectation=40000.0 [0m
Consultant:     Based on your criteria, I recommend Eva Davis, who has four years of experience, a CNA qualification, is available full-time, located in Uptown, and has a flexible shift preference. Would you like to consider her?
Assisted Living Manager: Uptown is a bit far; do you have anyone closer to Downtown?
[37m 	 name=None, experience_years=3, qualifications=['CNA'], availability=full-time, skills=None, language_proficiency=None, certification=None, location_preference=Downtown, shift_preference=flexible, salary_expectation=40000 [0m
Consultant:     Yes, Charlie Brown fits your criteria, is located in Downtown, and has a flexible shift preference. Would you like to consider him?
Assisted Living Manager: Yes, let's consider Charlie Brown!
[37m 	 name=Charlie Brown, experience_years=3, qualifications=['CNA'], availability=full-time, skills=None, language_proficiency=None, certification=None, location_preference=Downtown, shift_preference=flexible, salary_expectation=40000 [0m
Consultant:     Great choice! Charlie Brown it is!
------------------------------------------------
Assisted Living Manager: Thanks! Now, can you help me find a suitable weekly activity? I'm thinking about arts and crafts.
[37m 	 name=None, type=arts_and_crafts, duration=None, frequency=None, target_group=None, indoor_or_outdoor=None, skill_level=None, equipment_needed=None, group_size=None, cost_level=None [0m
Consultant:     What age group are you targeting for the arts and crafts activity?
Assisted Living Manager: I'm targeting adults for the activity.
[37m 	 name=None, type=arts_and_crafts, duration=None, frequency=None, target_group=adults, indoor_or_outdoor=None, skill_level=None, equipment_needed=None, group_size=None, cost_level=None [0m
Consultant:     How often would you like the arts and crafts activity to occur?
Assisted Living Manager: I would like it to occur weekly.
[37m 	 name=None, type=arts_and_crafts, duration=None, frequency=weekly, target_group=adults, indoor_or_outdoor=None, skill_level=None, equipment_needed=None, group_size=None, cost_level=None [0m
Consultant:     What duration do you prefer for the activity?
Assisted Living Manager: I prefer it to last 90 minutes.
[37m 	 name=None, type=arts_and_crafts, duration=90, frequency=weekly, target_group=adults, indoor_or_outdoor=None, skill_level=None, equipment_needed=None, group_size=None, cost_level=None [0m
Consultant:     The Art Workshop fits your criteria: it's for adults, occurs weekly, and lasts 90 minutes. Would you like to go with that?
Assisted Living Manager: That sounds great! Does it require any specific equipment?
[37m 	 name=Art Workshop, type=arts_and_crafts, duration=90, frequency=weekly, target_group=adults, indoor_or_outdoor=None, skill_level=None, equipment_needed=None, group_size=None, cost_level=None [0m
Consultant:     Yes, it requires art supplies. Are you okay with that?
------------------------------------------------
Assisted Living Manager: What experience level are you looking for in a New Hire?
[37m 	 name=None, experience_years=None, qualifications=None, availability=None, skills=None, language_proficiency=None, certification=None, location_preference=None, shift_preference=None, salary_expectation=None [0m
Consultant:     How many years of experience do you prefer?
Assisted Living Manager: I'm looking for someone with at least two years of experience.
[37m 	 name=None, experience_years=2, qualifications=None, availability=None, skills=None, language_proficiency=None, certification=None, location_preference=None, shift_preference=None, salary_expectation=None [0m
Consultant:     What type of availability do you need, like full-time or part-time?
Assisted Living Manager: I need someone who can work part-time.
[37m 	 name=None, experience_years=2, qualifications=None, availability=part-time, skills=None, language_proficiency=None, certification=None, location_preference=None, shift_preference=None, salary_expectation=None [0m
Consultant:     Do you have any specific qualifications or certifications in mind?
Assisted Living Manager: Yes, I require a CNA qualification and CPR certification.
[37m 	 name=None, experience_years=2, qualifications=None, availability=part-time, skills=None, language_proficiency=None, certification=['CNA', 'CPR'], location_preference=None, shift_preference=None, salary_expectation=None [0m
Consultant:     What location preference do you have for the New Hire?
Assisted Living Manager: I prefer someone who is willing to work in Uptown.
[37m 	 name=None, experience_years=2, qualifications=['CNA'], availability=part-time, skills=None, language_proficiency=None, certification=['CPR'], location_preference=Uptown, shift_preference=None, salary_expectation=None [0m
Consultant:     What shift preference do you have, like morning or evening?
Assisted Living Manager: I prefer a morning shift for the New Hire.
[37m 	 name=None, experience_years=2, qualifications=['CNA'], availability=part-time, skills=None, language_proficiency=None, certification=['CPR'], location_preference=Uptown, shift_preference=morning, salary_expectation=None [0m
Consultant:     What is your salary expectation for this position?
Assisted Living Manager: I'm expecting a salary of around $35,000.
[37m 	 name=None, experience_years=2, qualifications=None, availability=part-time, skills=None, language_proficiency=None, certification=['CNA', 'CPR'], location_preference=Uptown, shift_preference=morning, salary_expectation=35000.0 [0m
Consultant:     Based on your criteria, I recommend Diana Prince or Bob Johnson. Would you like to go with one of them?
Assisted Living Manager: Let's go with Diana Prince; she seems like a great fit!
[37m 	 name=Diana Prince, experience_years=2, qualifications=None, availability=part-time, skills=None, language_proficiency=None, certification=['CNA', 'CPR'], location_preference=Uptown, shift_preference=morning, salary_expectation=35000.0 [0m
Consultant:     Great choice! Diana Prince will be a wonderful addition.
------------------------------------------------
Assisted Living Manager: Thanks! Now, can you help me find an arts and crafts activity for adults?
[37m 	 name=None, type=arts_and_crafts, duration=None, frequency=None, target_group=adults, indoor_or_outdoor=None, skill_level=None, equipment_needed=None, group_size=None, cost_level=None [0m
Consultant:     Sure! What duration and frequency are you considering for the activity?
Assisted Living Manager: I'm looking for a monthly activity with no specific duration in mind.
[37m 	 name=None, type=arts_and_crafts, duration=None, frequency=monthly, target_group=adults, indoor_or_outdoor=None, skill_level=None, equipment_needed=None, group_size=None, cost_level=None [0m
Consultant:     Would you prefer it to be indoor or outdoor?
Assisted Living Manager: I prefer it to be an indoor activity.
[37m 	 name=None, type=arts_and_crafts, duration=None, frequency=monthly, target_group=adults, indoor_or_outdoor=indoor, skill_level=None, equipment_needed=None, group_size=None, cost_level=None [0m
Consultant:     The "Painting Workshop" or "Oil Painting Class" could be great options. Which one sounds better to you?
Assisted Living Manager: I think the "Oil Painting Class" sounds better!
[37m 	 name=Oil Painting Class, type=arts_and_crafts, duration=None, frequency=monthly, target_group=adults, indoor_or_outdoor=indoor, skill_level=None, equipment_needed=None, group_size=None, cost_level=None [0m
Consultant:     Excellent choice! The "Oil Painting Class" will be a fantastic activity.
------------------------------------------------
Assisted Living Manager: I'm looking for a full-time LPN with at least five years of experience.
[37m 	 name=None, experience_years=5, qualifications=['LPN'], availability=full-time, skills=None, language_proficiency=None, certification=None, location_preference=None, shift_preference=None, salary_expectation=None [0m
Consultant:     I have a couple of options; would you like to know about their locations and salary expectations?
Assisted Living Manager: Yes, please share their locations and salary expectations.
[37m 	 name=None, experience_years=5, qualifications=None, availability=full-time, skills=None, language_proficiency=None, certification=None, location_preference=None, shift_preference=None, salary_expectation=None [0m
Consultant:     The options are: Carol Williams in the Suburbs for $60,000, and Alice Johnson in the Suburbs for $58,000.
Assisted Living Manager: Great, both are in the Suburbs. What's their availability?
[37m 	 name=None, experience_years=5, qualifications=None, availability=full-time, skills=None, language_proficiency=None, certification=None, location_preference=Suburbs, shift_preference=None, salary_expectation=None [0m
Consultant:     Carol Williams is available full-time, and Alice Johnson is also available full-time.
Assisted Living Manager: Perfect! What about their skills and qualifications?
[37m 	 name=None, experience_years=5, qualifications=None, availability=full-time, skills=None, language_proficiency=None, certification=None, location_preference=Suburbs, shift_preference=None, salary_expectation=60000 [0m
Consultant:     Carol has qualifications in LPN and skills in medication administration and patient assessment, while Alice has LPN qualifications with skills in medication administration and patient assessment too.
Assisted Living Manager: Both sound great! Do they have the required certifications?
[37m 	 name=None, experience_years=5, qualifications=['LPN'], availability=full-time, skills=['medication administration', 'patient assessment'], language_proficiency=None, certification=None, location_preference=Suburbs, shift_preference=None, salary_expectation=60000 [0m
Consultant:     Carol has a BLS certification, while Alice also has a BLS certification.
Assisted Living Manager: Awesome! I think I prefer Carol Williams.
[37m 	 name=Carol Williams, experience_years=5, qualifications=['LPN'], availability=full-time, skills=['medication administration', 'patient assessment'], language_proficiency=None, certification=['BLS'], location_preference=Suburbs, shift_preference=None, salary_expectation=60000 [0m
Consultant:     Great choice! Carol Williams it is!
------------------------------------------------
Assisted Living Manager: Thanks! Now, can you help me find a social activity for adults?
[37m 	 name=None, type=social, duration=None, frequency=None, target_group=adults, indoor_or_outdoor=None, skill_level=None, equipment_needed=None, group_size=None, cost_level=None [0m
Consultant:     Sure! What duration and frequency are you looking for in the social activity?
Assisted Living Manager: I'm thinking about 120 minutes and biweekly.
[37m 	 name=None, type=social, duration=120, frequency=biweekly, target_group=adults, indoor_or_outdoor=None, skill_level=None, equipment_needed=None, group_size=None, cost_level=None [0m
Consultant:     I have two options: the Literature Circle and the Book Club. Would you like to know more about either?
Assisted Living Manager: Tell me more about the Book Club, please.
[37m 	 name=Book Club, type=social, duration=120, frequency=biweekly, target_group=adults, indoor_or_outdoor=None, skill_level=None, equipment_needed=None, group_size=None, cost_level=None [0m
Consultant:     The Book Club is a social activity for adults, lasts 120 minutes, occurs biweekly, requires books, and has a group size of 8.
Assisted Living Manager: That sounds good, but I need a group size of 6. Any other options?
[37m 	 name=None, type=social, duration=120, frequency=biweekly, target_group=adults, indoor_or_outdoor=None, skill_level=None, equipment_needed=books, group_size=6, cost_level=None [0m
Consultant:     The Literature Circle is another option; it lasts 120 minutes, is biweekly, requires books, and has a group size of 6. Would that work for you?
Assisted Living Manager: Yes, the Literature Circle sounds perfect!
[37m 	 name=Literature Circle, type=social, duration=120, frequency=biweekly, target_group=adults, indoor_or_outdoor=None, skill_level=None, equipment_needed=books, group_size=6, cost_level=None [0m
Consultant:     Great choice! The Literature Circle it is!
------------------------------------------------
Assisted Living Manager: I'm looking for a part-time New Hire with at least five years of experience.
[37m 	 name=None, experience_years=5, qualifications=None, availability=part-time, skills=None, language_proficiency=None, certification=None, location_preference=None, shift_preference=None, salary_expectation=None [0m
Consultant:     We have Frank Miller with six years of experience, or Henry Moore who also meets the criteria. Would you like more details on either?
Assisted Living Manager: Can you tell me more about Frank Miller?
[37m 	 name=None, experience_years=5, qualifications=None, availability=part-time, skills=None, language_proficiency=None, certification=None, location_preference=None, shift_preference=None, salary_expectation=None [0m
Consultant:     Frank Miller has six years of experience, is an RN, available part-time, and has skills in patient care and documentation. His salary expectation is $55,000.
Assisted Living Manager: That sounds promising! Does he have the required certifications like First Aid?
[37m 	 name=Frank Miller, experience_years=6, qualifications=['RN'], availability=part-time, skills=['patient care', 'documentation'], language_proficiency=None, certification=None, location_preference=None, shift_preference=None, salary_expectation=55000.0 [0m
Consultant:     Frank Miller has BLS and CPR certifications, but not First Aid. Is that acceptable for you?
Assisted Living Manager: I prefer someone with First Aid certification. What about Henry Moore?
[37m 	 name=None, experience_years=5, qualifications=['RN'], availability=part-time, skills=['patient care', 'documentation'], language_proficiency=None, certification=['BLS', 'CPR'], location_preference=None, shift_preference=None, salary_expectation=55000 [0m
Consultant:     Henry Moore has eight years of experience, is an LPN, available part-time, and holds First Aid certification along with CPR. Would you like to consider him?
Assisted Living Manager: Yes, that sounds like a good fit! What are his skills?
[37m 	 name=Henry Moore, experience_years=8, qualifications=['LPN'], availability=part-time, skills=None, language_proficiency=None, certification=['First Aid', 'CPR'], location_preference=None, shift_preference=None, salary_expectation=None [0m
Consultant:     Henry Moore's skills include wound care and patient education. Would you like to proceed with him?
Assisted Living Manager: Yes, let's proceed with Henry Moore!
[37m 	 name=Henry Moore, experience_years=8, qualifications=['LPN'], availability=part-time, skills=['wound care', 'patient education'], language_proficiency=None, certification=['First Aid', 'CPR'], location_preference=None, shift_preference=None, salary_expectation=None [0m
Consultant:     Great choice! I'll note Henry Moore as your New Hire.
------------------------------------------------
Assisted Living Manager: Thanks! Now, can you help me find a suitable Weekly Activity for our seniors?
[37m 	 name=None, type=None, duration=None, frequency=None, target_group=seniors, indoor_or_outdoor=None, skill_level=None, equipment_needed=None, group_size=None, cost_level=None [0m
Consultant:     Sure! What specific characteristics are you looking for in the Weekly Activity for the seniors?
Assisted Living Manager: I'm interested in arts and crafts activities.
[37m 	 name=None, type=arts_and_crafts, duration=None, frequency=None, target_group=seniors, indoor_or_outdoor=None, skill_level=None, equipment_needed=None, group_size=None, cost_level=None [0m
Consultant:     We have "Creative Writing Workshop" and "Art Therapy." Which one sounds better to you?
Assisted Living Manager: I prefer "Art Therapy." How long does it usually last?
[37m 	 name=Art Therapy, type=arts_and_crafts, duration=None, frequency=None, target_group=seniors, indoor_or_outdoor=None, skill_level=None, equipment_needed=None, group_size=None, cost_level=None [0m
Consultant:     "Art Therapy" lasts for 90 minutes. Would you like to go with that?
Assisted Living Manager: Yes, that fits perfectly! What about the frequency?
[37m 	 name=Art Therapy, type=arts_and_crafts, duration=90, frequency=None, target_group=seniors, indoor_or_outdoor=None, skill_level=None, equipment_needed=None, group_size=None, cost_level=None [0m
Consultant:     "Art Therapy" occurs biweekly. Is that suitable for your schedule?
------------------------------------------------
Assisted Living Manager: I'm looking for a part-time CNA with at least five years of experience.
[37m 	 name=None, experience_years=5, qualifications=['CNA'], availability=part-time, skills=None, language_proficiency=None, certification=None, location_preference=None, shift_preference=None, salary_expectation=None [0m
Consultant:     It looks like we don't have any part-time CNAs with five years of experience. Would you consider a full-time or on-call option instead?
Assisted Living Manager: Sure, I can consider a full-time option.
[37m 	 name=None, experience_years=5, qualifications=None, availability=full-time, skills=None, language_proficiency=None, certification=None, location_preference=None, shift_preference=None, salary_expectation=None [0m
Consultant:     Great! Do you have any specific location preference or shift preference for the full-time position?
Assisted Living Manager: Yes, I prefer candidates who are willing to work in Uptown and have a morning shift preference.
[37m 	 name=None, experience_years=5, qualifications=None, availability=full-time, skills=None, language_proficiency=None, certification=None, location_preference=Uptown, shift_preference=morning, salary_expectation=None [0m
Consultant:     The best match for you is Eva Davis, who is a full-time CNA with great skills and is available for a morning shift in Uptown. Would you like to go with her?
Assisted Living Manager: That sounds promising! Does she have the required certifications and language proficiency?
[37m 	 name=None, experience_years=5, qualifications=None, availability=full-time, skills=None, language_proficiency=None, certification=None, location_preference=Uptown, shift_preference=morning, salary_expectation=None [0m
Consultant:     Yes, Eva has CPR certification and is proficient in English. Would you like to confirm her as your choice?
Assisted Living Manager: Yes, let's confirm Eva as my choice!
[37m 	 name=Eva Davis, experience_years=5, qualifications=None, availability=full-time, skills=None, language_proficiency=['English'], certification=['CPR'], location_preference=Uptown, shift_preference=morning, salary_expectation=None [0m
Consultant:     Perfect! Eva Davis is your choice. Congratulations on finding a suitable New Hire!
------------------------------------------------
Assisted Living Manager: Thanks! Now, I need your help finding a suitable Weekly Activity for teens.
[37m 	 name=None, type=None, duration=None, frequency=None, target_group=teens, indoor_or_outdoor=None, skill_level=None, equipment_needed=None, group_size=None, cost_level=None [0m
Consultant:     Sure! What type of activity are you looking for—educational, recreational, or something else?
Assisted Living Manager: I'm specifically looking for an educational activity.
[37m 	 name=None, type=educational, duration=None, frequency=None, target_group=teens, indoor_or_outdoor=None, skill_level=None, equipment_needed=None, group_size=None, cost_level=None [0m
Consultant:     How about the "Gardening Club"? It's educational, suitable for teens, and requires gardening tools. Would you like to know more?
Assisted Living Manager: Yes, please tell me more about the Gardening Club!
[37m 	 name=Gardening Club, type=educational, duration=None, frequency=None, target_group=teens, indoor_or_outdoor=None, skill_level=None, equipment_needed=gardening tools, group_size=None, cost_level=None [0m
Consultant:     The Gardening Club lasts 90 minutes, occurs weekly, is outdoor, and is beginner-friendly. It’s great for a group size of 10. Does that sound good?
Assisted Living Manager: That sounds perfect! Let's go with the Gardening Club.
[37m 	 name=Gardening Club, type=educational, duration=90, frequency=weekly, target_group=teens, indoor_or_outdoor=outdoor, skill_level=beginner, equipment_needed=gardening tools, group_size=10, cost_level=None [0m
Consultant:     Great choice! The Gardening Club is confirmed for your teens. Enjoy the activity!
------------------------------------------------
Assisted Living Manager: What experience level are you looking for in a New Hire?
[37m 	 name=None, experience_years=None, qualifications=None, availability=None, skills=None, language_proficiency=None, certification=None, location_preference=None, shift_preference=None, salary_expectation=None [0m
Consultant:     How many years of experience do you prefer?
Assisted Living Manager: I prefer at least five years of experience.
[37m 	 name=None, experience_years=5, qualifications=None, availability=None, skills=None, language_proficiency=None, certification=None, location_preference=None, shift_preference=None, salary_expectation=None [0m
Consultant:     What qualifications are you looking for?
Assisted Living Manager: I need someone with an RN qualification.
[37m 	 name=None, experience_years=5, qualifications=['RN'], availability=None, skills=None, language_proficiency=None, certification=None, location_preference=None, shift_preference=None, salary_expectation=None [0m
Consultant:     What type of availability do you prefer for the New Hire?
Assisted Living Manager: I need a full-time availability.
[37m 	 name=None, experience_years=5, qualifications=['RN'], availability=full-time, skills=None, language_proficiency=None, certification=None, location_preference=None, shift_preference=None, salary_expectation=None [0m
Consultant:     Do you have a specific location preference for the New Hire?
Assisted Living Manager: Yes, I prefer someone who can work in Downtown.
[37m 	 name=None, experience_years=5, qualifications=['RN'], availability=full-time, skills=None, language_proficiency=None, certification=None, location_preference=Downtown, shift_preference=None, salary_expectation=None [0m
Consultant:     What shift preference do you have in mind?
Assisted Living Manager: I'm looking for someone who can work the night shift.
[37m 	 name=None, experience_years=5, qualifications=['RN'], availability=full-time, skills=None, language_proficiency=None, certification=None, location_preference=Downtown, shift_preference=night, salary_expectation=None [0m
Consultant:     What salary expectation are you considering for this position?
Assisted Living Manager: I'm expecting a salary of around $65,000.
[37m 	 name=None, experience_years=5, qualifications=['RN'], availability=full-time, skills=None, language_proficiency=None, certification=None, location_preference=Downtown, shift_preference=night, salary_expectation=65000.0 [0m
Consultant:     Based on your criteria, I have a great match: Catherine Lee, with 6 years of RN experience, full-time availability, night shift preference, and a salary expectation of $62,000. Would you like to go with her?
Assisted Living Manager: She sounds great, but does she speak French?
[37m 	 name=None, experience_years=5, qualifications=['RN'], availability=full-time, skills=None, language_proficiency=None, certification=None, location_preference=Downtown, shift_preference=night, salary_expectation=65000 [0m
Consultant:     Yes, Catherine Lee is proficient in both English and French.
Assisted Living Manager: Perfect, let's go with Catherine Lee!
[37m 	 name=Catherine Lee, experience_years=6, qualifications=['RN'], availability=full-time, skills=None, language_proficiency=['English', 'French'], certification=None, location_preference=Downtown, shift_preference=night, salary_expectation=65000 [0m
Consultant:     Great choice! I'll finalize the hire for Catherine Lee.
------------------------------------------------
Assisted Living Manager: Thanks! Now, can you suggest any indoor exercise activities for teens?
[37m 	 name=None, type=exercise, duration=None, frequency=None, target_group=teens, indoor_or_outdoor=indoor, skill_level=None, equipment_needed=None, group_size=None, cost_level=None [0m
Consultant:     Sure! Are you looking for activities that require specific equipment or not?
Assisted Living Manager: Yes, I need something that requires dance shoes.
[37m 	 name=None, type=exercise, duration=None, frequency=None, target_group=teens, indoor_or_outdoor=indoor, skill_level=None, equipment_needed=dance shoes, group_size=None, cost_level=None [0m
Consultant:     I recommend the "Advanced Dance Class" which is an indoor exercise activity for teens that requires dance shoes. Would that work for you?
Assisted Living Manager: That sounds perfect! How long is the class?
[37m 	 name=Advanced Dance Class, type=exercise, duration=None, frequency=None, target_group=teens, indoor_or_outdoor=indoor, skill_level=advanced, equipment_needed=dance shoes, group_size=None, cost_level=None [0m
Consultant:     The "Advanced Dance Class" lasts for 50 minutes.
------------------------------------------------
Assisted Living Manager: I'm looking for someone with at least five years of experience.
[37m 	 name=None, experience_years=5, qualifications=None, availability=None, skills=None, language_proficiency=None, certification=None, location_preference=None, shift_preference=None, salary_expectation=None [0m
Consultant:     Got it! Do you have any specific qualifications in mind?
Assisted Living Manager: No specific qualifications, I'm open to any.
[37m 	 name=None, experience_years=5, qualifications=None, availability=None, skills=None, language_proficiency=None, certification=None, location_preference=None, shift_preference=None, salary_expectation=None [0m
Consultant:     Great! What type of availability are you looking for?
Assisted Living Manager: I'm flexible on availability, so any works for me.
[37m 	 name=None, experience_years=5, qualifications=None, availability=None, skills=None, language_proficiency=None, certification=None, location_preference=None, shift_preference=None, salary_expectation=None [0m
Consultant:     Perfect! Do you have a preferred location for the New Hire?
Assisted Living Manager: Yes, I prefer someone for the suburbs.
[37m 	 name=None, experience_years=5, qualifications=None, availability=None, skills=None, language_proficiency=None, certification=None, location_preference=suburbs, shift_preference=None, salary_expectation=None [0m
Consultant:     Thanks! What salary range are you considering?
Assisted Living Manager: I'm expecting around $70,000.
[37m 	 name=None, experience_years=5, qualifications=None, availability=None, skills=None, language_proficiency=None, certification=None, location_preference=suburbs, shift_preference=None, salary_expectation=70000.0 [0m
Consultant:     Based on your criteria, the candidates available do not meet the $70,000 expectation. Would you like to adjust your salary range?
Assisted Living Manager: I can adjust it to around $65,000.
[37m 	 name=None, experience_years=5, qualifications=None, availability=flexible, skills=None, language_proficiency=None, certification=None, location_preference=suburbs, shift_preference=None, salary_expectation=65000.0 [0m
Consultant:     Great! I found Emily Davis and Henry Moore who fit your criteria. Do you want more details on either of them?
Assisted Living Manager: Yes, please share more details about Emily Davis.
[37m 	 name=None, experience_years=5, qualifications=None, availability=None, skills=None, language_proficiency=None, certification=None, location_preference=suburbs, shift_preference=None, salary_expectation=65000.0 [0m
Consultant:     Emily Davis has 8 years of experience, is an RN, available full-time, skilled in medication administration and patient assessment, speaks English and French, and expects a salary of $65,000.
Assisted Living Manager: That sounds promising! Does she have the required BLS certification?
[37m 	 name=None, experience_years=5, qualifications=None, availability=full-time, skills=['medication administration', 'patient assessment'], language_proficiency=['English', 'French'], certification=None, location_preference=suburbs, shift_preference=None, salary_expectation=65000.0 [0m
Consultant:     Yes, Emily holds both BLS and CPR certifications. Would you like to proceed with her?
Assisted Living Manager: Yes, let’s proceed with Emily Davis!
[37m 	 name=Emily Davis, experience_years=8, qualifications=['RN'], availability=full-time, skills=['medication administration', 'patient assessment'], language_proficiency=['English', 'French'], certification=['BLS', 'CPR'], location_preference=suburbs, shift_preference=None, salary_expectation=65000.0 [0m
Consultant:     Awesome choice! I'll finalize the details for Emily Davis.
------------------------------------------------
Assisted Living Manager: Thanks! Now, can you help me find an educational activity for teens?
[37m 	 name=None, type=educational, duration=None, frequency=None, target_group=teens, indoor_or_outdoor=None, skill_level=None, equipment_needed=None, group_size=None, cost_level=None [0m
Consultant:     Sure! What duration are you looking for in the activity?
Assisted Living Manager: I'm looking for a 90-minute activity.
[37m 	 name=None, type=educational, duration=90, frequency=None, target_group=teens, indoor_or_outdoor=None, skill_level=None, equipment_needed=None, group_size=None, cost_level=None [0m
Consultant:     Great! Do you prefer it to be indoor or outdoor?
Assisted Living Manager: I prefer it to be indoor.
[37m 	 name=None, type=educational, duration=90, frequency=None, target_group=teens, indoor_or_outdoor=indoor, skill_level=None, equipment_needed=None, group_size=None, cost_level=None [0m
Consultant:     Perfect! Would you like the activity to require any specific equipment?
Assisted Living Manager: No, I don't have any specific equipment requirements.
[37m 	 name=None, type=educational, duration=90, frequency=None, target_group=teens, indoor_or_outdoor=indoor, skill_level=None, equipment_needed=None, group_size=None, cost_level=None [0m
Consultant:     I found a great option: a Cooking Class, it's 90 minutes, indoor, and requires cooking utensils. Would you like to go with that?
Assisted Living Manager: That sounds good, but I prefer something that doesn't require equipment.
[37m 	 name=None, type=educational, duration=90, frequency=None, target_group=teens, indoor_or_outdoor=indoor, skill_level=None, equipment_needed=None, group_size=None, cost_level=None [0m
Consultant:     How about the Science Experiments? It's 90 minutes, indoor, and requires no specific equipment. Would that work for you?
Assisted Living Manager: Yes, the Science Experiments sound perfect!
[37m 	 name=Science Experiments, type=educational, duration=90, frequency=None, target_group=teens, indoor_or_outdoor=indoor, skill_level=None, equipment_needed=None, group_size=None, cost_level=None [0m
Consultant:     Awesome! I'll finalize the Science Experiments for the teens.
------------------------------------------------
Assisted Living Manager: I'm looking for a part-time New Hire with at least four years of experience.
[37m 	 name=None, experience_years=4, qualifications=None, availability=part-time, skills=None, language_proficiency=None, certification=None, location_preference=None, shift_preference=None, salary_expectation=None [0m
Consultant:     I have one option that fits: Irene Taylor with four years of experience. Would you like to hear more about her?
Assisted Living Manager: Yes, please tell me more about Irene.
[37m 	 name=None, experience_years=4, qualifications=None, availability=part-time, skills=None, language_proficiency=None, certification=None, location_preference=None, shift_preference=None, salary_expectation=None [0m
Consultant:     Irene has qualifications like CNA and First Aid, and her skills include empathy and communication. She prefers part-time work and has a salary expectation of $38,000.
Assisted Living Manager: That sounds promising! What about her language proficiency and certifications?
[37m 	 name=Irene Taylor, experience_years=4, qualifications=['CNA', 'First Aid'], availability=part-time, skills=['empathy', 'communication'], language_proficiency=None, certification=None, location_preference=None, shift_preference=None, salary_expectation=38000 [0m
Consultant:     Irene is proficient in English and holds a BLS certification. Would you like to proceed with her?
Assisted Living Manager: Yes, let's go ahead with Irene!
[37m 	 name=Irene Taylor, experience_years=4, qualifications=['CNA', 'First Aid'], availability=part-time, skills=['empathy', 'communication'], language_proficiency=['English'], certification=['BLS'], location_preference=None, shift_preference=None, salary_expectation=38000.0 [0m
Consultant:     Great choice! I'll note down Irene Taylor as your New Hire.
------------------------------------------------
Assisted Living Manager: Thanks! Now, could you help me find a recreational Weekly Activity?
[37m 	 name=None, type=recreational, duration=None, frequency=None, target_group=None, indoor_or_outdoor=None, skill_level=None, equipment_needed=None, group_size=None, cost_level=None [0m
Consultant:     Sure! Do you have any specific preferences for the recreational activity, like duration or group size?
Assisted Living Manager: I'm looking for a duration of about 75 minutes and a group size of around 20.
[37m 	 name=None, type=recreational, duration=75, frequency=None, target_group=None, indoor_or_outdoor=None, skill_level=None, equipment_needed=None, group_size=20, cost_level=None [0m
Consultant:     The "Yoga in the Park" activity is 75 minutes long and can accommodate up to 20 people. Would that work for you?
Assisted Living Manager: That sounds perfect! Is it held outdoors?
[37m 	 name=Yoga in the Park, type=recreational, duration=75, frequency=None, target_group=None, indoor_or_outdoor=outdoor, skill_level=None, equipment_needed=None, group_size=20, cost_level=None [0m
Consultant:     Yes, "Yoga in the Park" is held outdoors. Would you like to confirm this activity?
Assisted Living Manager: Yes, let's confirm "Yoga in the Park"!
[37m 	 name=Yoga in the Park, type=recreational, duration=75, frequency=None, target_group=None, indoor_or_outdoor=outdoor, skill_level=None, equipment_needed=None, group_size=20, cost_level=None [0m
Consultant:     Awesome! I'll confirm "Yoga in the Park" for your recreational activity.
```python
dialogue = DialogueForMultipleSearches(
    searcher="Artist",
    recommender="Instructor",
    scenario="An artist is getting help from an instructor to choose a subject matter, a medium, a venue to display their work.",
    topics=[
        SearchTopic(
            searched_item_type_name="Subject Matter",
            possible_criteria={"Style": "Abstract", "Theme": "Nature"}
        ),
        SearchTopic(
            searched_item_type_name="Medium",
            possible_criteria={"Type": "Oil Paint", "Surface": "Canvas"}
        ),
        SearchTopic(
            searched_item_type_name="Venue",
            possible_criteria={"Location": "Gallery", "Type": "Solo Exhibition"}
        )
    ]
)
```
------------------------------------------------
Artist:         Hey, I'm thinking about an urban theme with a realism style; any suggestions?
[37m 	 name=None, style=realism, theme=urban, color_palette=None, size=None, medium=None, mood=None, era=None, complexity=None [0m
Instructor:     Sure! How about "Urban Twilight" or "City Life"?
Artist:         I love "City Life"! What about the color palette?
[37m 	 name=City Life, style=realism, theme=urban, color_palette=None, size=None, medium=None, mood=None, era=None, complexity=None [0m
Instructor:     "City Life" has a cool color palette. Does that work for you?
Artist:         Yes, that works! What size do you think fits best?
[37m 	 name=City Life, style=realism, theme=urban, color_palette=cool, size=None, medium=None, mood=None, era=None, complexity=None [0m
Instructor:     "City Life" is medium-sized. Does that sound good?
Artist:         I was hoping for something larger. Can we find a large option?
[37m 	 name=City Life, style=realism, theme=urban, color_palette=cool, size=large, medium=None, mood=None, era=None, complexity=None [0m
Instructor:     How about "City Lights"? It's large and also has an urban theme!
Artist:         "City Lights" sounds perfect! What medium do you recommend?
[37m 	 name=City Lights, style=realism, theme=urban, color_palette=cool, size=large, medium=None, mood=None, era=None, complexity=None [0m
Instructor:     "City Lights" is created using digital medium. Does that appeal to you?
Artist:         Absolutely, digital works great! What mood does it convey?
[37m 	 name=City Lights, style=realism, theme=urban, color_palette=cool, size=large, medium=digital, mood=None, era=None, complexity=None [0m
Instructor:     It conveys an energetic mood. Does that fit your vision?
Artist:         Yes, that's exactly what I want! How about the era?
[37m 	 name=City Lights, style=realism, theme=urban, color_palette=cool, size=large, medium=digital, mood=energetic, era=None, complexity=None [0m
Instructor:     "City Lights" is from the contemporary era. Does that suit your style?
Artist:         Perfect! And what about the complexity of the piece?
[37m 	 name=City Lights, style=realism, theme=urban, color_palette=cool, size=large, medium=digital, mood=energetic, era=contemporary, complexity=None [0m
Instructor:     It's classified as complex. Does that match what you're looking for?
Artist:         Yes, that's ideal! I think "City Lights" is the one!
[37m 	 name=City Lights, style=realism, theme=urban, color_palette=cool, size=large, medium=digital, mood=energetic, era=contemporary, complexity=complex [0m
Instructor:     Great choice! "City Lights" it is! Happy creating!
------------------------------------------------
Artist:         Thanks! Now I need help finding a good Medium. Any ideas?
[37m 	 name=City Lights, type=None, surface=None, opacity=None, drying_time=None, texture=None, permanence=None, color_range=None [0m
Instructor:     Sure! What specific characteristics are you looking for in a Medium?
Artist:         I'm thinking of using charcoal on canvas. What do you think?
[37m 	 name=None, type=charcoal, surface=canvas, opacity=None, drying_time=None, texture=None, permanence=None, color_range=None [0m
Instructor:     For charcoal on canvas, I recommend "Compressed Charcoal." It's perfect for that!
Artist:         Sounds good! How does it handle opacity?
[37m 	 name=Compressed Charcoal, type=charcoal, surface=canvas, opacity=opaque, drying_time=None, texture=None, permanence=None, color_range=None [0m
Instructor:     "Compressed Charcoal" is opaque, which works well for strong contrasts.
Artist:         That's exactly what I need! What about drying time?
[37m 	 name=Compressed Charcoal, type=charcoal, surface=canvas, opacity=opaque, drying_time=None, texture=None, permanence=None, color_range=None [0m
Instructor:     It has an instant drying time, so you can work quickly!
Artist:         Awesome! Is the texture smooth or rough?
[37m 	 name=Compressed Charcoal, type=charcoal, surface=canvas, opacity=opaque, drying_time=fast, texture=smooth, permanence=None, color_range=None [0m
Instructor:     The texture is rough, which adds depth to your work!
Artist:         Perfect! How about its permanence?
[37m 	 name=Compressed Charcoal, type=charcoal, surface=canvas, opacity=opaque, drying_time=fast, texture=rough, permanence=None, color_range=None [0m
Instructor:     It's semi-permanent, so it will last but may need some care.
Artist:         That sounds great! And what about the color range?
[37m 	 name=Compressed Charcoal, type=charcoal, surface=canvas, opacity=opaque, drying_time=fast, texture=rough, permanence=semi-permanent, color_range=None [0m
Instructor:     It has a moderate color range, ideal for charcoal work.
------------------------------------------------
Artist:         That’s great! By the way, I need help finding a venue for my exhibition. Any suggestions?
[37m 	 name=None, location=None, type=gallery, capacity=50, amenities=None, budget=None [0m
Instructor:     Sure! What are your preferences for the venue?
Artist:         I'm looking for an outdoor venue in Riverside with lighting and a capacity of around 500 people.
[37m 	 name=None, location=Riverside, type=outdoor, capacity=500, amenities=lighting, budget=None [0m
Instructor:     I recommend the "Riverside Outdoor Venue." It fits your criteria perfectly!
Artist:         That sounds promising! What's the budget for that venue?
[37m 	 name=None, location=Riverside, type=outdoor, capacity=500, amenities=lighting, budget=None [0m
Instructor:     The budget for the "Riverside Outdoor Venue" is $3,200. Does that work for you?
Artist:         Yes, that fits my budget! Can I book it now?
[37m 	 name=Riverside Outdoor Venue, location=Riverside, type=outdoor, capacity=500, amenities=lighting, budget=3200.0 [0m
Instructor:     Great! You can proceed with the booking for the "Riverside Outdoor Venue." Enjoy your exhibition!
------------------------------------------------
Artist:         Hey, I'm thinking about an abstract theme; do you have any suggestions?
[37m 	 name=None, style=abstract, theme=None, color_palette=None, size=None, medium=None, mood=None, era=None, complexity=None [0m
Instructor:     Sure! Are you looking for a specific color palette or size?
Artist:         I'm leaning towards a cool color palette and a medium size. What do you think?
[37m 	 name=None, style=abstract, theme=None, color_palette=cool, size=medium, medium=None, mood=None, era=None, complexity=None [0m
Instructor:     I have a couple of options! How about "Geometric Forms" or "Fluid Dynamics"?
Artist:         I like "Fluid Dynamics"! Does it fit the energetic mood I'm aiming for?
[37m 	 name=Fluid Dynamics, style=abstract, theme=None, color_palette=cool, size=medium, medium=None, mood=energetic, era=None, complexity=None [0m
Instructor:     Yes, "Fluid Dynamics" has an energetic mood! Would you like to go with that?
Artist:         Definitely, let's go with "Fluid Dynamics"!
[37m 	 name=Fluid Dynamics, style=abstract, theme=None, color_palette=cool, size=medium, medium=None, mood=energetic, era=None, complexity=None [0m
Instructor:     Great choice! "Fluid Dynamics" it is! Happy creating!
------------------------------------------------
Artist:         Thanks! Now, can you help me find a suitable Medium for that?
[37m 	 name=None, type=None, surface=None, opacity=None, drying_time=None, texture=None, permanence=None, color_range=moderate [0m
Instructor:     Of course! What surface will you be working on—like canvas, paper, or something else?
Artist:         I prefer working on paper. What do you recommend?
[37m 	 name=Fluid Dynamics, type=None, surface=paper, opacity=None, drying_time=None, texture=None, permanence=None, color_range=None [0m
Instructor:     For paper, I recommend either "Gouache Paint" or "Watercolor Set." Do either of those sound good?
Artist:         Actually, I'm looking for something with ink. Do you have any ink options for paper?
[37m 	 name=None, type=ink, surface=paper, opacity=None, drying_time=None, texture=None, permanence=None, color_range=None [0m
Instructor:     Yes, I have "Brush Pens," "Fountain Pens," and "Ink Pens" for paper. Do any of those catch your interest?
Artist:         I'm interested in "Brush Pens." Are they good for smooth textures?
[37m 	 name=None, type=ink, surface=paper, opacity=None, drying_time=None, texture=smooth, permanence=None, color_range=None [0m
Instructor:     Yes, "Brush Pens" have a smooth texture! Would you like to go with them?
Artist:         Yes, let's go with "Brush Pens"! What about their permanence?
[37m 	 name=Brush Pens, type=ink, surface=paper, opacity=None, drying_time=None, texture=smooth, permanence=None, color_range=None [0m
Instructor:     "Brush Pens" are permanent, so they'll hold up well over time!
------------------------------------------------
Artist:         Awesome! Now, can you help me find a venue? I need something specific.
[37m 	 name=None, location=None, type=None, capacity=None, amenities=None, budget=None [0m
Instructor:     Sure! What specific characteristics are you looking for in a venue?
Artist:         I'm looking for a studio called "Artistic Studio" on the East Side.
[37m 	 name=Artistic Studio, location=East Side, type=studio, capacity=None, amenities=None, budget=None [0m
Instructor:     The "Artistic Studio" is available on the East Side! Would you like to book it?
Artist:         Yes, I'd like to book it! What's the capacity?
[37m 	 name=Artistic Studio, location=East Side, type=studio, capacity=None, amenities=None, budget=None [0m
Instructor:     The "Artistic Studio" has a capacity of 80 people.
Artist:         That works for me! Does it have wifi?
[37m 	 name=Artistic Studio, location=East Side, type=studio, capacity=80, amenities=wifi, budget=None [0m
Instructor:     Yes, the "Artistic Studio" has wifi available!
------------------------------------------------
Artist:         Hey, I'm looking for a historical subject matter in an impressionist style. Any ideas?
[37m 	 name=None, style=impressionism, theme=historical, color_palette=None, size=None, medium=None, mood=None, era=None, complexity=None [0m
Instructor:     There's "Historical Siege," which is impressionism and historical, but it's complex; would that work for you?
Artist:         Hmm, I prefer something a bit calmer and simpler. Any other suggestions?
[37m 	 name=None, style=impressionism, theme=historical, color_palette=None, size=None, medium=None, mood=calm, era=None, complexity=simple [0m
Instructor:     How about "Still Life with Fruits"? It's simple, happy, and in a realism style instead.
Artist:         I appreciate that, but I'm set on impressionism and a calm mood. Any historical options?
[37m 	 name=None, style=impressionism, theme=historical, color_palette=None, size=None, medium=None, mood=calm, era=None, complexity=simple [0m
Instructor:     The only impressionist historical option is "Historical Siege," but it's not calm; would you like to explore other styles?
Artist:         I really want to stick with impressionism for now. Can we adjust the complexity to see if that helps?
[37m 	 name=None, style=impressionism, theme=historical, color_palette=None, size=None, medium=None, mood=calm, era=None, complexity=moderate [0m
Instructor:     Unfortunately, "Historical Siege" is the only impressionist historical option, and it's complex; would you like to consider a simpler theme?
Artist:         Alright, let's consider a simpler theme. How about something more focused on nature?
[37m 	 name=None, style=impressionism, theme=nature, color_palette=None, size=None, medium=None, mood=calm, era=None, complexity=simple [0m
Instructor:     You might like "Mountain Range," which is impressionism, nature-themed, and simple. Would that work for you?
Artist:         Yes, "Mountain Range" sounds perfect! Let's go with that.
[37m 	 name=Mountain Range, style=impressionism, theme=nature, color_palette=None, size=None, medium=None, mood=calm, era=None, complexity=simple [0m
Instructor:     Great choice! "Mountain Range" it is! Enjoy your painting!
------------------------------------------------
Artist:         Thanks! Now, could you help me find a good medium for it? I'm thinking charcoal.
[37m 	 name=None, type=charcoal, surface=None, opacity=None, drying_time=None, texture=None, permanence=None, color_range=None [0m
Instructor:     Charcoal can work, but it's more suited for detailed drawings. Would you consider something like acrylic or watercolor for a more vibrant look?
Artist:         I really prefer charcoal for its texture. Can we look for a suitable charcoal option?
[37m 	 name=None, type=charcoal, surface=None, opacity=None, drying_time=None, texture=None, permanence=None, color_range=None [0m
Instructor:     Sure! We have Graphite, Colored Pencil, and Charcoal itself. Would you like to know more about one of these?
Artist:         I'd love to know more about Charcoal, please!
[37m 	 name=None, type=charcoal, surface=None, opacity=None, drying_time=None, texture=None, permanence=None, color_range=None [0m
Instructor:     Charcoal has a rough texture, is opaque, dries fast, and is semi-permanent with a limited color range. How does that sound?
Artist:         That sounds great, but I prefer a smooth texture. Is there a charcoal option with a smoother finish?
[37m 	 name=None, type=charcoal, surface=None, opacity=opaque, drying_time=fast, texture=smooth, permanence=semi-permanent, color_range=limited [0m
Instructor:     Yes, Graphite offers a smooth texture and is opaque with a fast drying time. Would you like to go with Graphite instead?
Artist:         Yes, let's go with Graphite! Thanks for the help!
[37m 	 name=Graphite, type=charcoal, surface=None, opacity=opaque, drying_time=fast, texture=smooth, permanence=semi-permanent, color_range=limited [0m
Instructor:     You're welcome! Graphite is a fantastic choice! Enjoy your artwork!
------------------------------------------------
Artist:         Thanks! By the way, I need help finding a venue for my next exhibition. Can you assist me with that?
[37m 	 name=None, location=None, type=None, capacity=None, amenities=None, budget=None [0m
Instructor:     Of course! What specific features are you looking for in a venue?
Artist:         I'm looking for a venue in Lakeside that can accommodate around 300 people.
[37m 	 name=None, location=Lakeside, type=None, capacity=300, amenities=None, budget=None [0m
Instructor:     The "Lakeside Theater" fits your needs with a capacity of 350 people. Would you like more details?
Artist:         Yes, please! What amenities does the Lakeside Theater offer?
[37m 	 name=None, location=Lakeside, type=theater, capacity=300, amenities=None, budget=None [0m
Instructor:     The Lakeside Theater has a sound system as its amenity. Does that work for you?
Artist:         That sounds good! What's the rental budget for the Lakeside Theater?
[37m 	 name=Lakeside Theater, location=Lakeside, type=theater, capacity=300, amenities=sound system, budget=None [0m
Instructor:     The rental budget for the Lakeside Theater is $1500. Does that fit your budget?
Artist:         I don't have a specific budget, so that works for me! Let's go with the Lakeside Theater!
[37m 	 name=Lakeside Theater, location=Lakeside, type=theater, capacity=300, amenities=sound system, budget=1500 [0m
Instructor:     Great choice! The Lakeside Theater is booked for your exhibition! Enjoy the event!
------------------------------------------------
Artist:         Hey, I'm thinking about an impressionist nature scene, maybe with a cool color palette. What do you think?
[37m 	 name=None, style=impressionism, theme=nature, color_palette=cool, size=None, medium=None, mood=None, era=None, complexity=None [0m
Instructor:     That sounds lovely! How about a "Sunny Beach" or "Mountain Peaks"?
Artist:         I like "Mountain Peaks"! It feels happy and uplifting. What do you think about that?
[37m 	 name=Mountain Peaks, style=impressionism, theme=nature, color_palette=cool, size=None, medium=None, mood=happy, era=None, complexity=None [0m
Instructor:     "Mountain Peaks" is a great choice! It has a happy mood and fits your criteria perfectly.
Artist:         Awesome! I think I'll go with "Mountain Peaks" in oil. Thanks for your help!
[37m 	 name=Mountain Peaks, style=impressionism, theme=nature, color_palette=cool, size=None, medium=oil, mood=happy, era=None, complexity=None [0m
Instructor:     You're welcome! Enjoy creating "Mountain Peaks"!
------------------------------------------------
Artist:         Thanks! By the way, I'm also looking for a Medium. Any suggestions?
[37m 	 name=Mountain Peaks, type=oil, surface=None, opacity=None, drying_time=None, texture=None, permanence=None, color_range=None [0m
Instructor:     Sure! Do you have any specific characteristics in mind, like drying time or surface type?
Artist:         I prefer something with a fast drying time and a canvas surface.
[37m 	 name=None, type=oil, surface=canvas, opacity=None, drying_time=fast, texture=None, permanence=None, color_range=None [0m
Instructor:     In that case, acrylic paint would be a great option! It dries fast and works well on canvas.
Artist:         Acrylic sounds perfect! What about its texture?
[37m 	 name=None, type=acrylic, surface=canvas, opacity=None, drying_time=fast, texture=None, permanence=None, color_range=None [0m
Instructor:     Acrylic paint has a smooth texture when applied, which is great for detailed work!
------------------------------------------------
Artist:         That sounds great! By the way, I need help finding a venue for my painting session. Any ideas?
[37m 	 name=None, location=None, type=studio, capacity=None, amenities=None, budget=None [0m
Instructor:     Sure! What specific features are you looking for in a venue?
Artist:         I'm looking for a venue in Portland, OR, with wifi.
[37m 	 name=None, location=Portland, OR, type=None, capacity=None, amenities=wifi, budget=None [0m
Instructor:     I have two options for you in Portland: "Innovative Studio" and "Creative Studio." Would you like to know more about either?
Artist:         I'd love to hear more about "Innovative Studio." What can you tell me?
[37m 	 name=None, location=Portland, OR, type=studio, capacity=None, amenities=wifi, budget=None [0m
Instructor:     "Innovative Studio" has a capacity of 60, offers wifi, and costs $900 to rent.
Artist:         That sounds good! Does "Creative Studio" have similar amenities?
[37m 	 name=Innovative Studio, location=Portland, OR, type=studio, capacity=60, amenities=wifi, budget=900 [0m
Instructor:     Yes, "Creative Studio" also has wifi, a capacity of 50, and costs $800 to rent.
Artist:         Both sound great! I think I’ll go with "Creative Studio" since it's a bit cheaper.
[37m 	 name=Creative Studio, location=Portland, OR, type=studio, capacity=50, amenities=wifi, budget=800 [0m
Instructor:     Excellent choice! "Creative Studio" will be a fantastic venue for your painting session!
------------------------------------------------
Artist:         Hey, I'm looking for some inspiration for an impressionist piece. Any ideas?
[37m 	 name=None, style=impressionism, theme=None, color_palette=None, size=None, medium=None, mood=None, era=None, complexity=None [0m
Instructor:     Sure! What mood are you aiming for—calm, happy, or something else?
Artist:         I’m definitely going for a calm mood.
[37m 	 name=None, style=impressionism, theme=None, color_palette=None, size=None, medium=None, mood=calm, era=None, complexity=None [0m
Instructor:     Great choice! Do you prefer a nature theme or something different?
Artist:         I really like the nature theme.
[37m 	 name=None, style=impressionism, theme=nature, color_palette=None, size=None, medium=None, mood=calm, era=None, complexity=None [0m
Instructor:     Perfect! How about the size? Are you thinking small, medium, or large?
Artist:         I’m thinking of a medium size.
[37m 	 name=None, style=impressionism, theme=nature, color_palette=None, size=medium, medium=None, mood=calm, era=None, complexity=None [0m
Instructor:     Awesome! I have a couple of options: "Calm Waters" or "Sunset Over the Ocean." Which one sounds more appealing?
Artist:         "Calm Waters" sounds perfect for my vision!
[37m 	 name=Calm Waters, style=impressionism, theme=nature, color_palette=None, size=medium, medium=None, mood=calm, era=None, complexity=None [0m
Instructor:     Fantastic choice! "Calm Waters" is a beautiful piece. Happy creating!
------------------------------------------------
Artist:         Thanks! Now, can you help me find the right medium for it?
[37m 	 name=Calm Waters, type=None, surface=None, opacity=None, drying_time=None, texture=None, permanence=None, color_range=None [0m
Instructor:     Of course! Are you looking for something with a smooth texture or a more textured finish?
Artist:         I prefer a smooth texture.
[37m 	 name=Calm Waters, type=None, surface=None, opacity=None, drying_time=None, texture=smooth, permanence=None, color_range=None [0m
Instructor:     Got it! Do you have a preference for drying time—fast, moderate, or slow?
Artist:         Moderate drying time works for me.
[37m 	 name=None, type=None, surface=None, opacity=None, drying_time=moderate, texture=smooth, permanence=None, color_range=None [0m
Instructor:     Great! Would you like the medium to be opaque or transparent?
Artist:         I’d like it to be transparent.
[37m 	 name=None, type=None, surface=None, opacity=transparent, drying_time=moderate, texture=smooth, permanence=None, color_range=None [0m
Instructor:     Thanks for that! Lastly, do you have a preferred surface—canvas, paper, or something else?
Artist:         I prefer paper as the surface.
[37m 	 name=None, type=None, surface=paper, opacity=transparent, drying_time=moderate, texture=smooth, permanence=None, color_range=None [0m
Instructor:     Based on your preferences, I recommend "Watercolor Pencils" or "Watercolor Set." Which one do you prefer?
Artist:         I think I’ll go with "Watercolor Pencils."
[37m 	 name=Watercolor Pencils, type=watercolor, surface=paper, opacity=transparent, drying_time=moderate, texture=smooth, permanence=None, color_range=None [0m
Instructor:     Excellent choice! "Watercolor Pencils" will be perfect for your calm nature piece. Enjoy your artwork!
------------------------------------------------
Artist:         Thanks! Now, can you help me find a venue for my upcoming show?
[37m 	 name=None, location=None, type=None, capacity=None, amenities=None, budget=None [0m
Instructor:     Absolutely! What location are you considering for the venue?
Artist:         I’m looking for a venue in the suburbs.
[37m 	 name=None, location=suburbs, type=None, capacity=None, amenities=None, budget=None [0m
Instructor:     Got it! What type of venue do you prefer—gallery, theater, or something else?
Artist:         I prefer a theater for the venue.
[37m 	 name=None, location=suburbs, type=theater, capacity=None, amenities=None, budget=None [0m
Instructor:     Great! How many people do you expect to accommodate?
Artist:         I need a venue that can accommodate about 100 people.
[37m 	 name=None, location=suburbs, type=theater, capacity=100, amenities=None, budget=None [0m
Instructor:     I found a couple of options: "Local Arts Center" and "Community Theater." Which one sounds better?
Artist:         "Community Theater" sounds better to me!
[37m 	 name=Community Theater, location=suburbs, type=theater, capacity=100, amenities=None, budget=None [0m
Instructor:     Perfect choice! The "Community Theater" is available in the suburbs and fits your needs. Enjoy your show!
------------------------------------------------
Artist:         Hey, I’m looking for a portrait style in the baroque era. Any suggestions?
[37m 	 name=None, style=None, theme=portrait, color_palette=None, size=None, medium=None, mood=None, era=baroque, complexity=None [0m
Instructor:     Sure! How about "Portrait of a Lady" or "Portrait of a Gentleman"?
Artist:         I like "Portrait of a Lady." What about the color palette?
[37m 	 name=Portrait of a Lady, style=None, theme=portrait, color_palette=None, size=None, medium=None, mood=None, era=baroque, complexity=None [0m
Instructor:     It has a complementary color palette. Does that work for you?
Artist:         Yes, that works! How about the mood of the piece?
[37m 	 name=Portrait of a Lady, style=realism, theme=portrait, color_palette=complementary, size=None, medium=None, mood=None, era=baroque, complexity=None [0m
Instructor:     The mood is mysterious. Does that appeal to you?
Artist:         Definitely! What about the complexity level?
[37m 	 name=Portrait of a Lady, style=realism, theme=portrait, color_palette=complementary, size=None, medium=None, mood=mysterious, era=baroque, complexity=None [0m
Instructor:     It's intricate. Does that fit what you're looking for?
Artist:         Absolutely! I think "Portrait of a Lady" with an intricate, mysterious vibe is perfect.
[37m 	 name=Portrait of a Lady, style=realism, theme=portrait, color_palette=complementary, size=None, medium=None, mood=mysterious, era=baroque, complexity=intricate [0m
Instructor:     Great choice! "Portrait of a Lady" sounds amazing for your project!
------------------------------------------------
Artist:         Thanks! Now, can you help me find a Medium? I’m thinking fabric as the surface.
[37m 	 name=None, type=None, surface=fabric, opacity=None, drying_time=None, texture=None, permanence=None, color_range=None [0m
Instructor:     Sure! Do you prefer opaque or transparent mediums?
Artist:         I’m open to either, but I’d prefer something with a fast drying time.
[37m 	 name=None, type=None, surface=fabric, opacity=opaque, drying_time=fast, texture=None, permanence=None, color_range=None [0m
Instructor:     Got it! How about Fabric Paint? It’s opaque and dries fast.
Artist:         Fabric Paint sounds good! What about the texture?
[37m 	 name=Fabric Paint, type=None, surface=fabric, opacity=opaque, drying_time=fast, texture=None, permanence=None, color_range=None [0m
Instructor:     It has a smooth texture. Does that work for you?
Artist:         I was hoping for something grainy. Is there a grainy option?
[37m 	 name=None, type=None, surface=fabric, opacity=opaque, drying_time=fast, texture=grainy, permanence=None, color_range=None [0m
Instructor:     Yes, Watercolor Tubes have a grainy texture, but they're transparent. Would you consider that?
Artist:         I’d prefer to stick with opaque. Any other options with a grainy texture?
[37m 	 name=None, type=None, surface=fabric, opacity=opaque, drying_time=fast, texture=None, permanence=None, color_range=None [0m
Instructor:     Unfortunately, I don't have any grainy options that are opaque. Would you like to reconsider the Fabric Paint?
Artist:         Okay, let’s go with Fabric Paint then! It sounds like the best fit.
[37m 	 name=Fabric Paint, type=None, surface=fabric, opacity=opaque, drying_time=fast, texture=smooth, permanence=None, color_range=None [0m
Instructor:     Awesome choice! Fabric Paint it is! Happy creating!
------------------------------------------------
Artist:         Thanks! Now, can you help me find a venue for my project?
[37m 	 name=None, location=None, type=None, capacity=None, amenities=None, budget=None [0m
Instructor:     Of course! What location do you have in mind for your venue?
Artist:         I’m looking for a venue in Uptown City.
[37m 	 name=None, location=Uptown City, type=None, capacity=None, amenities=None, budget=None [0m
Instructor:     Great! Do you have a specific type of venue you're interested in, like a gallery or outdoor space?
Artist:         I prefer an outdoor venue.
[37m 	 name=None, location=Uptown City, type=outdoor, capacity=None, amenities=None, budget=None [0m
Instructor:     There's "Garden View" in Uptown City, it's an outdoor venue. Would you like to know more about it?
Artist:         Yes, please! What’s the capacity of "Garden View"?
[37m 	 name=None, location=Uptown City, type=outdoor, capacity=None, amenities=None, budget=None [0m
Instructor:     "Garden View" has a capacity of 80 people. Does that suit your needs?
Artist:         That works! What amenities does "Garden View" offer?
[37m 	 name=Garden View, location=Uptown City, type=outdoor, capacity=80, amenities=None, budget=None [0m
Instructor:     It offers parking as an amenity. Does that fit what you're looking for?
Artist:         Yes, parking is perfect! What’s the rental budget for "Garden View"?
[37m 	 name=Garden View, location=Uptown City, type=outdoor, capacity=80, amenities=parking, budget=None [0m
Instructor:     The rental budget for "Garden View" is $1500. Does that work for you?
Artist:         That fits my budget perfectly! Let’s go with "Garden View"!
[37m 	 name=Garden View, location=Uptown City, type=outdoor, capacity=80, amenities=parking, budget=1500.0 [0m
Instructor:     Awesome choice! "Garden View" is all set for your project!
------------------------------------------------
Artist:         Hey, I'm looking for a small watercolor piece in realism, maybe a still life? Any suggestions?
[37m 	 name=None, style=realism, theme=still life, color_palette=None, size=small, medium=watercolor, mood=None, era=None, complexity=None [0m
Instructor:     How about "Still Life with Flowers"? It's a small watercolor in realism and fits the still life theme!
Artist:         That sounds great! Are the colors warm in that piece?
[37m 	 name=Still Life with Flowers, style=realism, theme=still life, color_palette=warm, size=small, medium=watercolor, mood=None, era=None, complexity=None [0m
Instructor:     Yes, the color palette for "Still Life with Flowers" is pastel, which gives it a warm feel!
Artist:         Perfect! Does it convey a happy mood?
[37m 	 name=Still Life with Flowers, style=realism, theme=still life, color_palette=pastel, size=small, medium=watercolor, mood=happy, era=None, complexity=None [0m
Instructor:     Yes, it definitely conveys a happy mood!
Artist:         Awesome! I think I’ll go with "Still Life with Flowers" then. Thanks for your help!
[37m 	 name=Still Life with Flowers, style=realism, theme=still life, color_palette=pastel, size=small, medium=watercolor, mood=happy, era=None, complexity=None [0m
Instructor:     You're welcome! Enjoy creating your piece!
------------------------------------------------
Artist:         Thanks! By the way, I need help finding a watercolor medium. Any recommendations?
[37m 	 name=Still Life with Flowers, type=watercolor, surface=None, opacity=None, drying_time=None, texture=None, permanence=None, color_range=pastel [0m
Instructor:     Sure! What specific characteristics are you looking for in a watercolor medium?
Artist:         I'm looking for something with a smooth texture and a moderate drying time.
[37m 	 name=None, type=watercolor, surface=None, opacity=None, drying_time=moderate, texture=smooth, permanence=None, color_range=None [0m
Instructor:     You might like "Watercolor Paints" or "Gouache Paint." Both have smooth textures and moderate drying times!
Artist:         Great suggestions! Do those options have an extensive color range?
[37m 	 name=None, type=watercolor, surface=None, opacity=None, drying_time=moderate, texture=smooth, permanence=None, color_range=extensive [0m
Instructor:     "Watercolor Paints" have an extensive color range, but "Gouache Paint" has a moderate range. Would you prefer the one with extensive colors?
Artist:         Yes, I’d prefer the watercolor paints with an extensive color range!
[37m 	 name=Watercolor Paints, type=watercolor, surface=None, opacity=None, drying_time=moderate, texture=smooth, permanence=None, color_range=extensive [0m
Instructor:     Perfect choice! "Watercolor Paints" it is! Enjoy your painting!
------------------------------------------------
Artist:         Thanks! Now, could you help me find a venue in the East End?
[37m 	 name=None, location=East End, type=None, capacity=None, amenities=None, budget=None [0m
Instructor:     Sure! What type of venue are you looking for in the East End?
Artist:         I don't have a specific type in mind, just something suitable for an art exhibition.
[37m 	 name=None, location=East End, type=gallery, capacity=None, amenities=None, budget=None [0m
Instructor:     In the East End, we have the "Local Arts Studio" and "Creative Space." Would you like to know more about either?
Artist:         Yes, tell me more about the "Local Arts Studio."
[37m 	 name=None, location=East End, type=gallery, capacity=None, amenities=None, budget=None [0m
Instructor:     The "Local Arts Studio" has a capacity of 75, offers wifi, and costs $500 to rent. How does that sound?
Artist:         That sounds good! Is the location easily accessible?
[37m 	 name=Local Arts Studio, location=East End, type=studio, capacity=75, amenities=wifi, budget=500.0 [0m
Instructor:     Yes, the East End is generally accessible, making it easy for guests to reach the "Local Arts Studio."
Artist:         Awesome! I think I’ll go with the "Local Arts Studio." Thanks for your help!
[37m 	 name=Local Arts Studio, location=East End, type=studio, capacity=75, amenities=wifi, budget=500.0 [0m
Instructor:     You're welcome! Enjoy your exhibition at the "Local Arts Studio!"
------------------------------------------------
Artist:         Hey, I'm looking for something urban and realistic. Any ideas?
[37m 	 name=None, style=realism, theme=urban, color_palette=None, size=None, medium=None, mood=None, era=None, complexity=None [0m
Instructor:     How about "City Life"? It's a medium-sized, realistic piece with an energetic mood.
Artist:         That sounds interesting, but I'm aiming for a calm mood instead. Any other suggestions?
[37m 	 name=None, style=realism, theme=urban, color_palette=None, size=medium, medium=None, mood=calm, era=None, complexity=None [0m
Instructor:     You might like "Urban Twilight," it's realistic, medium-sized, and has a calm mood.
Artist:         "Urban Twilight" sounds perfect! What about the color palette?
[37m 	 name=Urban Twilight, style=realism, theme=urban, color_palette=None, size=medium, medium=None, mood=calm, era=None, complexity=None [0m
Instructor:     It has a cool color palette, which complements the calm mood nicely!
Artist:         Great! And is it created using digital medium?
[37m 	 name=Urban Twilight, style=realism, theme=urban, color_palette=cool, size=medium, medium=digital, mood=calm, era=None, complexity=None [0m
Instructor:     Yes, "Urban Twilight" is created using a digital medium!
------------------------------------------------
Artist:         I appreciate that! Now, can you help me find some charcoal options?
[37m 	 name=Urban Twilight, type=charcoal, surface=None, opacity=None, drying_time=None, texture=None, permanence=None, color_range=cool [0m
Instructor:     Sure! Are you looking for something specific, like texture or permanence?
Artist:         I'm leaning towards smooth texture and temporary permanence. What do you recommend?
[37m 	 name=Urban Twilight, type=digital, surface=None, opacity=None, drying_time=None, texture=smooth, permanence=temporary, color_range=cool [0m
Instructor:     I recommend "Charcoal Pencils," they have a smooth texture and are temporary!
Artist:         "Charcoal Pencils" sound like exactly what I need! Let's go with that!
[37m 	 name=Charcoal Pencils, type=charcoal, surface=None, opacity=None, drying_time=None, texture=smooth, permanence=temporary, color_range=None [0m
Instructor:     Awesome choice! Enjoy creating with your "Charcoal Pencils"!
------------------------------------------------
Artist:         Thanks! Now, can you help me find a venue? I'm looking in the East Side.
[37m 	 name=None, location=East Side, type=None, capacity=None, amenities=None, budget=None [0m
Instructor:     Sure! What type of venue are you looking for, like a studio or gallery?
Artist:         I don't have a specific type in mind, just something that can hold around 200 people.
[37m 	 name=None, location=East Side, type=None, capacity=200, amenities=None, budget=None [0m
Instructor:     I have a couple of options in the East Side that can hold around 200 people: "Community Center Hall" and "East Side Event Space."
Artist:         Both sound good! What are the budget options for those venues?
[37m 	 name=None, location=East Side, type=None, capacity=200, amenities=None, budget=None [0m
Instructor:     "Community Center Hall" is $1000, and "East Side Event Space" is $1200.
Artist:         I like the prices! Does either venue have amenities like wifi or parking?
[37m 	 name=None, location=East Side, type=None, capacity=200, amenities=None, budget=1000 [0m
Instructor:     The "Community Center Hall" has a sound system, while the "East Side Event Space" offers wifi.
Artist:         I think I prefer the "East Side Event Space" for the wifi. Can we finalize that?
[37m 	 name=East Side Event Space, location=East Side, type=None, capacity=200, amenities=wifi, budget=1200 [0m
Instructor:     Absolutely! The "East Side Event Space" is all set for you!
------------------------------------------------
Artist:         Hey, I'm thinking about a medium-sized oil painting, maybe a portrait. What do you think?
[37m 	 name=None, style=None, theme=portrait, color_palette=None, size=medium, medium=oil, mood=None, era=None, complexity=None [0m
Instructor:     That sounds great! Do you have a specific mood in mind for the portrait?
Artist:         Not really, I'm open to any mood. Do you have any suggestions?
[37m 	 name=None, style=None, theme=portrait, color_palette=None, size=medium, medium=oil, mood=None, era=None, complexity=None [0m
Instructor:     How about a mysterious mood? It could add an intriguing touch to your portrait!
Artist:         Mysterious sounds interesting! What about the color palette? Any thoughts?
[37m 	 name=None, style=None, theme=portrait, color_palette=None, size=medium, medium=oil, mood=mysterious, era=None, complexity=None [0m
Instructor:     Complementary colors could enhance that mysterious vibe beautifully! What do you think?
Artist:         Complementary colors it is! Now, what about the complexity of the portrait? Should it be intricate?
[37m 	 name=None, style=None, theme=portrait, color_palette=complementary, size=medium, medium=oil, mood=mysterious, era=None, complexity=intricate [0m
Instructor:     An intricate portrait could really bring out the details and mystery. Would you like to go with that?
Artist:         Yes, intricate works perfectly! How do you feel about the style—maybe something like baroque?
[37m 	 name=None, style=baroque, theme=portrait, color_palette=complementary, size=medium, medium=oil, mood=mysterious, era=None, complexity=intricate [0m
Instructor:     Baroque is a fantastic choice for an intricate and mysterious portrait! Would you like to see some options?
Artist:         Absolutely, I'd love to see some options for a baroque-style portrait!
[37m 	 name=None, style=baroque, theme=portrait, color_palette=complementary, size=medium, medium=oil, mood=mysterious, era=None, complexity=intricate [0m
Instructor:     You have a few great options: "The Mysterious Woman," "Lady in a Blue Dress," and "Portrait of a Lady." Which one catches your eye?
Artist:         "The Mysterious Woman" really stands out to me!
[37m 	 name=The Mysterious Woman, style=baroque, theme=portrait, color_palette=complementary, size=medium, medium=oil, mood=mysterious, era=None, complexity=intricate [0m
Instructor:     Great choice! "The Mysterious Woman" will make a stunning piece. Are you ready to go with that?
Artist:         Yes, I'm ready to go with "The Mysterious Woman"!
[37m 	 name=The Mysterious Woman, style=baroque, theme=portrait, color_palette=complementary, size=medium, medium=oil, mood=mysterious, era=None, complexity=intricate [0m
Instructor:     Awesome! I'm excited for you—happy painting!
------------------------------------------------
Artist:         Thanks! By the way, I need help finding the right medium for the painting. Any suggestions?
[37m 	 name=The Mysterious Woman, type=oil, surface=canvas, opacity=None, drying_time=None, texture=None, permanence=None, color_range=complementary [0m
Instructor:     Sure! Are you leaning towards a specific type of medium, like oil or acrylic?
Artist:         I'm thinking about using oil for this piece. What do you recommend?
[37m 	 name=The Mysterious Woman, type=oil, surface=None, opacity=None, drying_time=None, texture=None, permanence=None, color_range=None [0m
Instructor:     For oil, I recommend "Traditional Oil Paint" or "Classic Oil Paint." Do either of those sound good to you?
Artist:         "Traditional Oil Paint" sounds perfect! What about the surface—wood or canvas?
[37m 	 name=Traditional Oil Paint, type=oil, surface=canvas, opacity=None, drying_time=None, texture=None, permanence=None, color_range=None [0m
Instructor:     Canvas would be ideal for "Traditional Oil Paint." Does that work for you?
Artist:         Yes, canvas works great for me! What about opacity—opaque or transparent?
[37m 	 name=Traditional Oil Paint, type=oil, surface=canvas, opacity=opaque, drying_time=None, texture=None, permanence=None, color_range=None [0m
Instructor:     Opaque would be best for rich, bold colors in your portrait. Does that sound good?
------------------------------------------------
Artist:         That sounds perfect! By the way, I need help finding a venue for my upcoming art show. Can you assist?
[37m 	 name=None, location=None, type=gallery, capacity=None, amenities=None, budget=None [0m
Instructor:     Absolutely! What specific features are you looking for in a venue?
Artist:         I'm looking for a theater in the Suburb with lighting, capacity for 300, and a budget of $1500.
[37m 	 name=None, location=Suburb, type=theater, capacity=300, amenities=lighting, budget=1500 [0m
Instructor:     The "Community Theater" fits your criteria perfectly! Would you like to go with that?
Artist:         Yes, the "Community Theater" sounds great! Let's finalize it!
[37m 	 name=Community Theater, location=Suburb, type=theater, capacity=300, amenities=lighting, budget=1500 [0m
Instructor:     Fantastic choice! The "Community Theater" is all set for your art show!
------------------------------------------------
Artist:         Hey, I'm looking for some inspiration for an impressionist piece. Any ideas?
[37m 	 name=None, style=impressionism, theme=None, color_palette=None, size=None, medium=None, mood=None, era=None, complexity=None [0m
Instructor:     How about a "Sunset Over the Ocean"? It's a calming scene with warm colors.
Artist:         I like the calming aspect, but I'm leaning towards a cool color palette. Any other suggestions?
[37m 	 name=None, style=impressionism, theme=None, color_palette=cool, size=None, medium=None, mood=calm, era=None, complexity=None [0m
Instructor:     You might like "Calm Waters"; it has a cool palette and an impressionist style.
Artist:         "Calm Waters" sounds great! What size do you think would work best for that?
[37m 	 name=Calm Waters, style=impressionism, theme=None, color_palette=cool, size=None, medium=None, mood=calm, era=None, complexity=None [0m
Instructor:     It's available in a medium size, which is quite versatile for impressionist pieces.
Artist:         Perfect! And what medium is it created with?
[37m 	 name=Calm Waters, style=impressionism, theme=nature, color_palette=cool, size=medium, medium=None, mood=calm, era=None, complexity=None [0m
Instructor:     "Calm Waters" is created using oil, which is great for capturing depth and texture.
Artist:         Awesome! Does it convey a calm mood as well?
[37m 	 name=Calm Waters, style=impressionism, theme=nature, color_palette=cool, size=medium, medium=oil, mood=calm, era=None, complexity=None [0m
Instructor:     Yes, it definitely conveys a calm mood, perfect for an impressionist piece!
Artist:         That sounds like a winner! What era is it inspired by?
[37m 	 name=Calm Waters, style=impressionism, theme=nature, color_palette=cool, size=medium, medium=oil, mood=calm, era=None, complexity=None [0m
Instructor:     It's inspired by the contemporary era, fitting well with modern impressionism.
------------------------------------------------
Artist:         That sounds intriguing! I’m actually considering using pastels for my next piece. What do you think?
[37m 	 name=None, type=pastel, surface=None, opacity=None, drying_time=None, texture=None, permanence=None, color_range=None [0m
Instructor:     Pastels can be a great choice for a soft, dreamy effect!
Artist:         I love that idea! What surface do you recommend for pastels?
[37m 	 name=None, type=pastel, surface=None, opacity=None, drying_time=None, texture=None, permanence=None, color_range=None [0m
Instructor:     Paper is the most commonly recommended surface for pastels.
Artist:         Great! I prefer a smooth texture for my pastels. Is that common?
[37m 	 name=None, type=pastel, surface=paper, opacity=None, drying_time=None, texture=smooth, permanence=None, color_range=None [0m
Instructor:     Yes, a smooth texture is common for pastels and works beautifully for blending.
Artist:         Perfect! I also like a slow drying time for my medium. Does that work with pastels?
[37m 	 name=None, type=pastel, surface=paper, opacity=None, drying_time=slow, texture=smooth, permanence=None, color_range=None [0m
Instructor:     Pastels are actually dry mediums, so they don’t have a drying time like paint.
Artist:         Got it! I’m looking for something with moderate color range. Does that fit with pastels?
[37m 	 name=None, type=pastel, surface=paper, opacity=None, drying_time=None, texture=smooth, permanence=None, color_range=moderate [0m
Instructor:     Yes, pastels can offer a moderate color range, especially in specific sets.
Artist:         Awesome! I also prefer an opaque finish. Is that achievable with pastels?
[37m 	 name=None, type=pastel, surface=paper, opacity=opaque, drying_time=None, texture=smooth, permanence=None, color_range=moderate [0m
Instructor:     Pastels can vary; some are opaque, but many are more translucent.
Artist:         Hmm, I might need to adjust my opacity preference then. How about a more translucent finish?
[37m 	 name=None, type=pastel, surface=paper, opacity=translucent, drying_time=None, texture=smooth, permanence=None, color_range=moderate [0m
Instructor:     A translucent finish is definitely achievable with pastels, giving a lovely softness!
Artist:         Sounds good! Lastly, I prefer something more temporary. Is that typical for pastels?
[37m 	 name=None, type=pastel, surface=paper, opacity=translucent, drying_time=None, texture=smooth, permanence=temporary, color_range=moderate [0m
Instructor:     Yes, pastels are often considered temporary, especially if not fixed with a spray.
Artist:         Great! I think I’ve settled on using pastels on paper with a smooth texture and a translucent finish. Thanks for your help!
[37m 	 name=None, type=pastel, surface=paper, opacity=translucent, drying_time=None, texture=smooth, permanence=temporary, color_range=moderate [0m
Instructor:     You're welcome! Enjoy creating your piece with pastels!
------------------------------------------------
Artist:         Thanks! By the way, I need help finding a venue for my next project. Any suggestions?
[37m 	 name=None, location=None, type=None, capacity=None, amenities=None, budget=None [0m
Instructor:     Sure! What specific characteristics are you looking for in a venue?
Artist:         I'm looking for a studio in the countryside with parking, accommodating about 50 people.
[37m 	 name=None, location=countryside, type=studio, capacity=50, amenities=parking, budget=None [0m
Instructor:     I have a venue that fits: "The Old Mill Studio" in the countryside, with parking and a capacity of 100. Would that work for you?
Artist:         That sounds promising! What’s the budget for renting "The Old Mill Studio"?
[37m 	 name=None, location=countryside, type=studio, capacity=50, amenities=parking, budget=None [0m
Instructor:     The budget for "The Old Mill Studio" is $1400. Does that fit your plans?
Artist:         Yes, that fits perfectly within my budget! Can you tell me more about the amenities?
[37m 	 name=The Old Mill Studio, location=countryside, type=studio, capacity=50, amenities=parking, budget=1400.0 [0m
Instructor:     It has parking available, which is great for your guests!
------------------------------------------------
Artist:         Hey, I'm looking for something urban in an impressionist style. Any suggestions?
[37m 	 name=None, style=impressionism, theme=urban, color_palette=None, size=None, medium=None, mood=None, era=None, complexity=None [0m
Instructor:     How about "Night in the City"? It's urban and in an impressionist style.
Artist:         That sounds intriguing! Does it have a cool color palette?
[37m 	 name=Night in the City, style=impressionism, theme=urban, color_palette=cool, size=None, medium=None, mood=None, era=None, complexity=None [0m
Instructor:     Yes, it features a cool color palette!
Artist:         Great! What's the size of the artwork?
[37m 	 name=Night in the City, style=impressionism, theme=urban, color_palette=cool, size=None, medium=None, mood=None, era=None, complexity=None [0m
Instructor:     It's a medium-sized artwork.
Artist:         Perfect! What medium was used for "Night in the City"?
[37m 	 name=Night in the City, style=impressionism, theme=urban, color_palette=cool, size=medium, medium=None, mood=None, era=None, complexity=None [0m
Instructor:     It was created using digital medium.
Artist:         Awesome! Does it convey a mysterious mood?
[37m 	 name=Night in the City, style=impressionism, theme=urban, color_palette=cool, size=medium, medium=digital, mood=mysterious, era=None, complexity=None [0m
Instructor:     Yes, it conveys a mysterious mood!
Artist:         Sounds like a fit! Is it contemporary in era?
[37m 	 name=Night in the City, style=impressionism, theme=urban, color_palette=cool, size=medium, medium=digital, mood=mysterious, era=contemporary, complexity=None [0m
Instructor:     Yes, it's contemporary in era!
Artist:         Fantastic! How complex is "Night in the City"?
[37m 	 name=Night in the City, style=impressionism, theme=urban, color_palette=cool, size=medium, medium=digital, mood=mysterious, era=contemporary, complexity=None [0m
Instructor:     It's classified as a simple complexity.
Artist:         I think "Night in the City" checks all my boxes! Let's go with that!
[37m 	 name=Night in the City, style=impressionism, theme=urban, color_palette=cool, size=medium, medium=digital, mood=mysterious, era=contemporary, complexity=simple [0m
Instructor:     Great choice! "Night in the City" it is!
------------------------------------------------
Artist:         Thanks! Now, can you help me find a suitable Medium?
[37m 	 name=Night in the City, type=None, surface=None, opacity=None, drying_time=None, texture=None, permanence=None, color_range=None [0m
Instructor:     Sure! What specific characteristics are you looking for in a Medium?
Artist:         I'm thinking about using acrylic on canvas. What do you think?
[37m 	 name=None, type=acrylic, surface=canvas, opacity=None, drying_time=None, texture=None, permanence=None, color_range=None [0m
Instructor:     Acrylic on canvas is a great choice! Would you prefer it to be opaque or transparent?
Artist:         I prefer it to be opaque. How about the drying time?
[37m 	 name=None, type=acrylic, surface=canvas, opacity=opaque, drying_time=None, texture=None, permanence=None, color_range=None [0m
Instructor:     Would you like a fast, moderate, or slow drying time?
Artist:         I'd like a fast drying time, please! What about the texture?
[37m 	 name=None, type=acrylic, surface=canvas, opacity=opaque, drying_time=fast, texture=None, permanence=None, color_range=None [0m
Instructor:     Do you prefer a smooth or rough texture?
Artist:         I prefer a smooth texture. How about permanence?
[37m 	 name=None, type=acrylic, surface=canvas, opacity=opaque, drying_time=fast, texture=smooth, permanence=None, color_range=None [0m
Instructor:     Would you like it to be permanent or semi-permanent?
Artist:         I want it to be permanent. What about the color range?
[37m 	 name=None, type=acrylic, surface=canvas, opacity=opaque, drying_time=fast, texture=smooth, permanence=permanent, color_range=None [0m
Instructor:     Do you prefer a limited, moderate, or extensive color range?
Artist:         I prefer a moderate color range. Do we have a suitable Medium now?
[37m 	 name=None, type=acrylic, surface=canvas, opacity=opaque, drying_time=fast, texture=smooth, permanence=permanent, color_range=moderate [0m
Instructor:     Yes, the "Acrylic Paint" fits all your criteria perfectly!
------------------------------------------------
Artist:         That's awesome! Now, can you help me find a gallery venue in Old Town?
[37m 	 name=None, location=Old Town, type=gallery, capacity=None, amenities=None, budget=None [0m
Instructor:     Sure! Are you looking for a specific capacity or budget for the gallery venue?
Artist:         I'm looking for a capacity of 200 and a budget of $2000. Any options?
[37m 	 name=None, location=Old Town, type=gallery, capacity=200, amenities=None, budget=2000.0 [0m
Instructor:     Yes, there's the "Art Gallery" in Old Town with a capacity of 250 and a budget of $1800. Would that work for you?
Artist:         That sounds perfect! Does it have wifi?
[37m 	 name=Art Gallery, location=Old Town, type=gallery, capacity=200, amenities=wifi, budget=2000.0 [0m
Instructor:     Yes, the "Art Gallery" has wifi available!
------------------------------------------------
Artist:         Hey, I'm looking for a large, calm nature scene in realism. Any ideas?
[37m 	 name=None, style=realism, theme=nature, color_palette=None, size=large, medium=None, mood=calm, era=None, complexity=None [0m
Instructor:     How about "Twilight by the Sea"? It's a large, calm nature scene in realism.
Artist:         That sounds lovely! What colors does it use?
[37m 	 name=Twilight by the Sea, style=realism, theme=nature, color_palette=None, size=large, medium=None, mood=calm, era=None, complexity=None [0m
Instructor:     It uses a warm color palette.
Artist:         Perfect! Is it painted with oil?
[37m 	 name=Twilight by the Sea, style=realism, theme=nature, color_palette=warm, size=large, medium=oil, mood=calm, era=None, complexity=None [0m
Instructor:     Yes, it's painted with oil.
Artist:         Great! Does it have a contemporary feel to it?
[37m 	 name=Twilight by the Sea, style=realism, theme=nature, color_palette=warm, size=large, medium=oil, mood=calm, era=contemporary, complexity=None [0m
Instructor:     Yes, it has a contemporary feel.
Artist:         Awesome! How complex is it?
[37m 	 name=Twilight by the Sea, style=realism, theme=nature, color_palette=warm, size=large, medium=oil, mood=calm, era=contemporary, complexity=None [0m
Instructor:     It's a moderate complexity.
Artist:         I think "Twilight by the Sea" is exactly what I'm looking for! Thank you!
[37m 	 name=Twilight by the Sea, style=realism, theme=nature, color_palette=warm, size=large, medium=oil, mood=calm, era=contemporary, complexity=moderate [0m
Instructor:     You're welcome! Enjoy creating your artwork!
------------------------------------------------
Artist:         Thanks! I need help finding the right Medium for it. Any suggestions?
[37m 	 name=Twilight by the Sea, type=oil, surface=None, opacity=None, drying_time=None, texture=None, permanence=None, color_range=warm [0m
Instructor:     Sure! What specific characteristics are you looking for in a Medium?
Artist:         I'm thinking of using oil on canvas, with an opaque finish.
[37m 	 name=None, type=oil, surface=canvas, opacity=opaque, drying_time=None, texture=None, permanence=None, color_range=None [0m
Instructor:     Great choice! How about "Classic Oil"? It fits your criteria perfectly!
Artist:         Does "Classic Oil" have a slow drying time?
[37m 	 name=Classic Oil, type=oil, surface=canvas, opacity=opaque, drying_time=slow, texture=None, permanence=None, color_range=None [0m
Instructor:     Yes, "Classic Oil" has a slow drying time.
Artist:         Awesome! What about its texture? Is it grainy?
[37m 	 name=Classic Oil, type=oil, surface=canvas, opacity=opaque, drying_time=slow, texture=None, permanence=None, color_range=warm [0m
Instructor:     No, "Classic Oil" has a smooth texture.
------------------------------------------------
Artist:         That’s perfect! Now, could you help me find an outdoor venue in San Francisco?
[37m 	 name=None, location=San Francisco, type=outdoor, capacity=None, amenities=None, budget=None [0m
Instructor:     Sure! What capacity and budget are you looking for in the venue?
Artist:         I'm looking for a capacity of around 1000 people, and I don't have a budget preference.
[37m 	 name=None, location=San Francisco, type=outdoor, capacity=1000, amenities=None, budget=None [0m
Instructor:     I found "Green Park Outdoor Space" in San Francisco, which has a capacity of 1000 people.
Artist:         That sounds great! Does "Green Park Outdoor Space" have any amenities?
[37m 	 name=Green Park Outdoor Space, location=San Francisco, type=outdoor, capacity=1000, amenities=None, budget=None [0m
Instructor:     Yes, it has parking available.
------------------------------------------------
Artist:         Hey, I'm looking for something urban and realistic. Any ideas?
[37m 	 name=None, style=realism, theme=urban, color_palette=None, size=None, medium=None, mood=None, era=None, complexity=None [0m
Instructor:     How about "City Life"? It’s urban, realistic, and has an energetic mood.
Artist:         "City Life" sounds great, but I'm aiming for a calm mood. Any other suggestions?
[37m 	 name=None, style=realism, theme=urban, color_palette=None, size=None, medium=None, mood=calm, era=None, complexity=None [0m
Instructor:     You might like "Urban Twilight"; it's urban, realistic, and has a calm mood.
Artist:         "Urban Twilight" sounds perfect! What about the color palette—does it lean cool?
[37m 	 name=Urban Twilight, style=realism, theme=urban, color_palette=cool, size=None, medium=None, mood=calm, era=None, complexity=None [0m
Instructor:     Yes, "Urban Twilight" has a cool color palette.
Artist:         Awesome! Is it a medium-sized piece?
[37m 	 name=Urban Twilight, style=realism, theme=urban, color_palette=cool, size=medium, medium=None, mood=calm, era=None, complexity=None [0m
Instructor:     Yes, it's a medium-sized piece.
------------------------------------------------
Artist:         Great! Now, what do you think about using acrylics for this?
[37m 	 name=Urban Twilight, type=acrylic, surface=None, opacity=None, drying_time=None, texture=None, permanence=None, color_range=cool [0m
Instructor:     Acrylics would work well for "Urban Twilight" with their vibrant colors and versatility!
Artist:         Perfect! I love that acrylics are permanent too. Sounds like a solid choice!
[37m 	 name=Urban Twilight, type=acrylic, surface=None, opacity=None, drying_time=None, texture=None, permanence=permanent, color_range=cool [0m
Instructor:     Absolutely, acrylics are a fantastic choice for durability and color!
Artist:         Awesome! I think I’ll go with acrylics for "Urban Twilight" on canvas. Thanks!
[37m 	 name=Urban Twilight, type=acrylic, surface=canvas, opacity=None, drying_time=None, texture=None, permanence=permanent, color_range=cool [0m
Instructor:     You're welcome! Enjoy creating "Urban Twilight" with acrylics!
------------------------------------------------
Artist:         Thanks! By the way, I need help finding a venue for my artwork. Any suggestions?
[37m 	 name=None, location=None, type=gallery, capacity=None, amenities=None, budget=None [0m
Instructor:     Sure! What specific characteristics are you looking for in a venue?
Artist:         I need a venue that can accommodate at least 300 people.
[37m 	 name=None, location=None, type=None, capacity=300, amenities=None, budget=None [0m
Instructor:     Got it! We have a couple of options that fit that capacity. Do you have a preferred location?
Artist:         No specific location in mind, I'm open to any area.
[37m 	 name=None, location=None, type=None, capacity=300, amenities=None, budget=None [0m
Instructor:     Great! We have the "Downtown Theater" and "Riverside Theater," both accommodating 300 people. Any preference for type or budget?
Artist:         I'm flexible on the type, but my budget is $1000.
[37m 	 name=None, location=None, type=None, capacity=300, amenities=None, budget=1000.0 [0m
Instructor:     In that case, the "Riverside Theater" is over your budget. The "Riverside Outdoor Stage" accommodates 400 people and is within your budget at $1000. How does that sound?
Artist:         The "Riverside Outdoor Stage" sounds good! Does it have any amenities?
[37m 	 name=Riverside Outdoor Stage, location=None, type=outdoor, capacity=300, amenities=None, budget=1000 [0m
Instructor:     Yes, it has wifi available as an amenity!
Artist:         Perfect! I think I’ll go with the "Riverside Outdoor Stage." Thanks for your help!
[37m 	 name=Riverside Outdoor Stage, location=None, type=outdoor, capacity=300, amenities=wifi, budget=1000.0 [0m
Instructor:     You're welcome! Enjoy your event at the "Riverside Outdoor Stage"!
------------------------------------------------
Artist:         Hey, I'm looking for an impressionistic piece focused on nature. Any thoughts?
[37m 	 name=None, style=impressionism, theme=nature, color_palette=None, size=None, medium=None, mood=None, era=None, complexity=None [0m
Instructor:     How about "Calm Waters" or "Sunset Over the Ocean"?
Artist:         "Calm Waters" sounds great! What about the color palette?
[37m 	 name=Calm Waters, style=impressionism, theme=nature, color_palette=None, size=None, medium=None, mood=None, era=None, complexity=None [0m
Instructor:     "Calm Waters" has a cool color palette. Would you like that?
Artist:         I prefer a warm color palette for that piece. Any suggestions?
[37m 	 name=Calm Waters, style=impressionism, theme=nature, color_palette=warm, size=None, medium=None, mood=None, era=None, complexity=None [0m
Instructor:     You might like "Sunset Over the Ocean," which has a warm color palette and is also impressionistic.
Artist:         "Sunset Over the Ocean" sounds perfect! What size do you think would work best?
[37m 	 name=Sunset Over the Ocean, style=impressionism, theme=nature, color_palette=warm, size=None, medium=None, mood=None, era=None, complexity=None [0m
Instructor:     "Sunset Over the Ocean" is large; does that size work for you?
Artist:         Yes, a large size works perfectly! What medium do you recommend?
[37m 	 name=Sunset Over the Ocean, style=impressionism, theme=nature, color_palette=warm, size=large, medium=None, mood=None, era=None, complexity=None [0m
Instructor:     It’s created with oil, which is great for impressionistic works!
------------------------------------------------
Artist:         I’m actually considering using oil pastels. What do you think about that?
[37m 	 name=Sunset Over the Ocean, type=pastel, surface=None, opacity=None, drying_time=None, texture=None, permanence=None, color_range=warm [0m
Instructor:     Oil pastels can work, but they have a different texture and finish than oil paint.
Artist:         I like a smooth texture, so oil pastels might be a good fit. How about the surface?
[37m 	 name=Sunset Over the Ocean, type=pastel, surface=None, opacity=None, drying_time=None, texture=smooth, permanence=None, color_range=warm [0m
Instructor:     You can use paper for oil pastels; it works well with that medium.
Artist:         Paper sounds good! What about the permanence of oil pastels?
[37m 	 name=Sunset Over the Ocean, type=pastel, surface=paper, opacity=None, drying_time=None, texture=smooth, permanence=None, color_range=warm [0m
Instructor:     Oil pastels are semi-permanent, so they can fade over time.
Artist:         Semi-permanent is fine for me! What about the drying time?
[37m 	 name=Sunset Over the Ocean, type=pastel, surface=paper, opacity=None, drying_time=None, texture=smooth, permanence=semi-permanent, color_range=warm [0m
Instructor:     Oil pastels have a slow drying time, which allows for blending.
Artist:         That sounds great! I don't mind a slow drying time. Any last thoughts on color range?
[37m 	 name=Sunset Over the Ocean, type=pastel, surface=paper, opacity=None, drying_time=slow, texture=smooth, permanence=semi-permanent, color_range=warm [0m
Instructor:     Oil pastels have a moderate color range, which should work well for your piece!
Artist:         Perfect! I think I’ve found my medium: oil pastels on paper. Thanks for your help!
[37m 	 name=Sunset Over the Ocean, type=pastel, surface=paper, opacity=None, drying_time=slow, texture=smooth, permanence=semi-permanent, color_range=moderate [0m
Instructor:     You're welcome! Enjoy creating your piece!
------------------------------------------------
Artist:         Thanks! By the way, I need help finding a venue for my exhibition. Any ideas?
[37m 	 name=None, location=None, type=gallery, capacity=None, amenities=None, budget=None [0m
Instructor:     Sure! What type of venue are you looking for?
Artist:         I'm thinking of a theater. Does that work?
[37m 	 name=None, location=None, type=theater, capacity=None, amenities=None, budget=None [0m
Instructor:     Absolutely! What capacity do you need for your exhibition?
Artist:         I need a venue that can accommodate around 500 people.
[37m 	 name=None, location=None, type=theater, capacity=500, amenities=None, budget=None [0m
Instructor:     Great! We have a couple of theaters that fit that capacity. Do you have a location preference?
Artist:         Yes, I prefer the East Side for the location.
[37m 	 name=None, location=East Side, type=theater, capacity=500, amenities=None, budget=None [0m
Instructor:     The Cultural Center on the East Side can accommodate 600 people. Would that work for you?
Artist:         That sounds good! Does it have parking available?
[37m 	 name=None, location=East Side, type=theater, capacity=500, amenities=parking, budget=None [0m
Instructor:     Yes, the Cultural Center has parking available. Would you like to go with that venue?
Artist:         Yes, let’s go with the Cultural Center! What’s the budget for renting it?
[37m 	 name=Cultural Center, location=East Side, type=theater, capacity=500, amenities=parking, budget=None [0m
Instructor:     The budget for renting the Cultural Center is $3600.
------------------------------------------------
Artist:         Hey, I'm thinking about doing something in impressionism. Any suggestions for a still life?
[37m 	 name=None, style=impressionism, theme=still life, color_palette=None, size=None, medium=None, mood=None, era=None, complexity=None [0m
Instructor:     How about "Fruits on a Table"? It's an impressionistic still life with a happy mood.
Artist:         That sounds great! What color palette do you think would work best for that?
[37m 	 name=Fruits on a Table, style=impressionism, theme=still life, color_palette=None, size=None, medium=None, mood=happy, era=None, complexity=None [0m
Instructor:     It uses a pastel color palette, which is soft and gentle.
Artist:         Perfect! I love pastel colors. What size do you think would be ideal for that piece?
[37m 	 name=Fruits on a Table, style=impressionism, theme=still life, color_palette=pastel, size=None, medium=None, mood=happy, era=None, complexity=None [0m
Instructor:     It's a small piece, which can be quite charming for a still life.
Artist:         A small piece sounds lovely! Do you have any specific medium in mind, or should I keep it open?
[37m 	 name=Fruits on a Table, style=impressionism, theme=still life, color_palette=pastel, size=small, medium=None, mood=happy, era=None, complexity=None [0m
Instructor:     It's done in watercolor, which works beautifully with pastel colors.
Artist:         Watercolor it is! I think I’m all set with "Fruits on a Table" in impressionism, pastel colors, small size, and a happy mood. Thanks for your help!
[37m 	 name=Fruits on a Table, style=impressionism, theme=still life, color_palette=pastel, size=small, medium=watercolor, mood=happy, era=None, complexity=None [0m
Instructor:     You're welcome! Enjoy creating your artwork!
------------------------------------------------
Artist:         Thanks! By the way, I'm looking for a suitable medium for my next piece. Any ideas?
[37m 	 name=None, type=watercolor, surface=None, opacity=None, drying_time=None, texture=None, permanence=None, color_range=limited [0m
Instructor:     What specific characteristics are you looking for in a medium?
Artist:         I'm thinking of watercolor on wood, transparent, with a moderate drying time.
[37m 	 name=None, type=watercolor, surface=wood, opacity=transparent, drying_time=moderate, texture=None, permanence=None, color_range=None [0m
Instructor:     I have a watercolor option on wood that's transparent and has a moderate drying time. Would you like to hear more about it?
Artist:         Yes, definitely! What about the texture and permanence?
[37m 	 name=None, type=watercolor, surface=wood, opacity=transparent, drying_time=moderate, texture=None, permanence=None, color_range=None [0m
Instructor:     It has a grainy texture and is semi-permanent. Does that work for you?
Artist:         That sounds perfect! What color range does it offer?
[37m 	 name=None, type=watercolor, surface=wood, opacity=transparent, drying_time=moderate, texture=grainy, permanence=semi-permanent, color_range=None [0m
Instructor:     It has a moderate color range. Are you happy with that?
Artist:         Absolutely, that fits my criteria! I think I’ve found the right medium. Thanks a lot!
[37m 	 name=None, type=watercolor, surface=wood, opacity=transparent, drying_time=moderate, texture=grainy, permanence=semi-permanent, color_range=moderate [0m
Instructor:     You're welcome! Enjoy your painting!
------------------------------------------------
Artist:         Thanks! By the way, I need help finding an outdoor venue in Downtown for my next exhibition. Any suggestions?
[37m 	 name=None, location=Downtown, type=outdoor, capacity=None, amenities=None, budget=None [0m
Instructor:     I can help with that! What capacity are you looking for?
Artist:         I’m open to any capacity, just looking for a nice outdoor space.
[37m 	 name=None, location=Downtown, type=outdoor, capacity=None, amenities=None, budget=None [0m
Instructor:     There's the City Park Pavilion in Downtown; it has a capacity of 1000. Would that work for you?
Artist:         That sounds great! What amenities does the City Park Pavilion offer?
[37m 	 name=None, location=Downtown, type=outdoor, capacity=None, amenities=None, budget=None [0m
Instructor:     It offers wifi as an amenity. Does that meet your needs?
Artist:         Yes, wifi is perfect! What’s the rental budget for the City Park Pavilion?
[37m 	 name=City Park Pavilion, location=Downtown, type=outdoor, capacity=1000, amenities=wifi, budget=None [0m
Instructor:     The rental budget for the City Park Pavilion is $3000. Does that fit your budget?
Artist:         That fits perfectly! I’d love to go with the City Park Pavilion. Thank you for your help!
[37m 	 name=City Park Pavilion, location=Downtown, type=outdoor, capacity=1000, amenities=wifi, budget=3000.0 [0m
Instructor:     You're welcome! Enjoy your exhibition at the City Park Pavilion!
```python
dialogue = DialogueForMultipleSearches(
    searcher="Couch Potato",
    recommender="Life Coach",
    scenario="A couch potato is getting help from a life coach to look for an exercise activity, a routine.",
    topics=[
        SearchTopic(
            searched_item_type_name="Exercise Activity",
            possible_criteria={
                "Intensity": "Low",
                "Duration": "30 minutes",
                "Location": "Home",
                "Equipment": "None",
                "Type": "Cardio"
            }
        )
    ]
)
```
------------------------------------------------
Couch Potato:   I'm looking for a low-intensity outdoor cardio activity.
[37m 	 name=None, intensity=low, duration=None, location=outdoor, equipment=None, type=cardio, group_or_solo=None, time_of_day=None, accessibility=None, budget=None [0m
Life Coach:     How about walking? It's low-intensity, outdoor, and perfect for beginners!
Couch Potato:   Walking sounds great! How long do you think I should walk for?
[37m 	 name=walking, intensity=low, duration=None, location=outdoor, equipment=None, type=cardio, group_or_solo=None, time_of_day=None, accessibility=beginner, budget=None [0m
Life Coach:     A 60-minute walk is a good duration to start with!
Couch Potato:   Perfect! Do you think I should do this in the afternoon?
[37m 	 name=walking, intensity=low, duration=60, location=outdoor, equipment=None, type=cardio, group_or_solo=None, time_of_day=afternoon, accessibility=beginner, budget=None [0m
Life Coach:     Yes, walking in the afternoon is a great choice!
Couch Potato:   Awesome! And I don't need any special equipment for this, right?
[37m 	 name=walking, intensity=low, duration=60, location=outdoor, equipment=None, type=cardio, group_or_solo=None, time_of_day=afternoon, accessibility=beginner, budget=None [0m
Life Coach:     That's right, no special equipment needed for walking!
------------------------------------------------
Couch Potato:   I'm looking for a high-intensity exercise I can do solo in the morning.
[37m 	 name=None, intensity=high, duration=None, location=None, equipment=None, type=None, group_or_solo=solo, time_of_day=morning, accessibility=None, budget=None [0m
Life Coach:     How about Powerlifting? It's high-intensity and solo, but it's for advanced levels. Would that work for you?
Couch Potato:   Yeah, Powerlifting sounds great! How long do you think I should train for?
[37m 	 name=Powerlifting, intensity=high, duration=None, location=None, equipment=None, type=strength, group_or_solo=solo, time_of_day=morning, accessibility=advanced, budget=None [0m
Life Coach:     Powerlifting sessions typically last about 40 minutes. Does that fit your schedule?
Couch Potato:   Yes, 40 minutes works perfectly for me! What about the budget?
[37m 	 name=Powerlifting, intensity=high, duration=40, location=None, equipment=None, type=strength, group_or_solo=solo, time_of_day=morning, accessibility=advanced, budget=None [0m
Life Coach:     Powerlifting usually requires a budget of around $30. Is that okay for you?
Couch Potato:   Yes, that fits my budget! Is there any specific equipment I need for Powerlifting?
[37m 	 name=Powerlifting, intensity=high, duration=40, location=None, equipment=barbell, weights, type=strength, group_or_solo=solo, time_of_day=morning, accessibility=advanced, budget=30.0 [0m
Life Coach:     You'll need weights and possibly a bench. Are you set up for that?
Couch Potato:   I don't have any equipment yet. Should I consider getting some?
[37m 	 name=Powerlifting, intensity=high, duration=40, location=None, equipment=weights and possibly a bench, type=strength, group_or_solo=solo, time_of_day=morning, accessibility=advanced, budget=30 [0m
Life Coach:     Yes, you'll need weights to get started with Powerlifting. Would you like to explore other options that don’t require equipment?
Couch Potato:   Sure, what high-intensity solo activities can I do indoors without equipment?
[37m 	 name=None, intensity=high, duration=40, location=indoor, equipment=None, type=None, group_or_solo=solo, time_of_day=morning, accessibility=advanced, budget=30 [0m
Life Coach:     You could try Bodybuilding; it's high-intensity and can be done solo indoors. How does that sound?
Couch Potato:   Bodybuilding sounds good! How long should I aim to train for?
[37m 	 name=Bodybuilding, intensity=high, duration=40, location=indoor, equipment=None, type=strength, group_or_solo=solo, time_of_day=morning, accessibility=advanced, budget=30 [0m
Life Coach:     Bodybuilding sessions typically last about 50 minutes. Does that work for you?
Couch Potato:   That's a bit longer than I wanted. Can we stick to 40 minutes instead?
[37m 	 name=Bodybuilding, intensity=high, duration=40, location=indoor, equipment=None, type=strength, group_or_solo=solo, time_of_day=morning, accessibility=intermediate, budget=30.0 [0m
Life Coach:     Unfortunately, Bodybuilding usually takes around 50 minutes. Would you like to consider another activity that fits your 40-minute preference?
Couch Potato:   Yes, let's look for another high-intensity solo activity that lasts 40 minutes. What do you suggest?
[37m 	 name=None, intensity=high, duration=40, location=indoor, equipment=None, type=None, group_or_solo=solo, time_of_day=morning, accessibility=beginner, budget=30.0 [0m
Life Coach:     Running is a high-intensity solo activity that lasts about 30 minutes. Would you be interested in that?
Couch Potato:   Running sounds good, but can I extend it to 40 minutes?
[37m 	 name=Running, intensity=high, duration=40, location=outdoor, equipment=None, type=cardio, group_or_solo=solo, time_of_day=morning, accessibility=beginner, budget=30.0 [0m
Life Coach:     You can definitely extend your running to 40 minutes! Are you okay with that?
Couch Potato:   Yes, that works for me! What about the budget for running?
[37m 	 name=Running, intensity=high, duration=40, location=outdoor, equipment=None, type=cardio, group_or_solo=solo, time_of_day=morning, accessibility=beginner, budget=30.0 [0m
Life Coach:     Running typically doesn't require any budget, as you just need a good pair of shoes. Does that sound good?
Couch Potato:   That sounds perfect! I think I've found my exercise activity: running for 40 minutes in the morning.
[37m 	 name=Running, intensity=high, duration=40, location=outdoor, equipment=None, type=cardio, group_or_solo=solo, time_of_day=morning, accessibility=None, budget=0.0 [0m
Life Coach:     Great choice! Enjoy your running sessions!
------------------------------------------------
Couch Potato:   Hey, I'm looking for a group strength training activity that’s moderate in intensity.
[37m 	 name=None, intensity=moderate, duration=None, location=None, equipment=None, type=strength, group_or_solo=group, time_of_day=None, accessibility=None, budget=None [0m
Life Coach:     How about Circuit Training? It’s a group strength activity with moderate intensity.
Couch Potato:   That sounds good! How long does a typical session last?
[37m 	 name=Circuit Training, intensity=moderate, duration=None, location=None, equipment=None, type=strength, group_or_solo=group, time_of_day=None, accessibility=None, budget=None [0m
Life Coach:     A typical Circuit Training session lasts about 45 minutes.
Couch Potato:   Perfect! Is it usually done indoors?
[37m 	 name=Circuit Training, intensity=moderate, duration=45, location=indoor, equipment=None, type=strength, group_or_solo=group, time_of_day=None, accessibility=None, budget=None [0m
Life Coach:     Yes, Circuit Training is usually done indoors.
Couch Potato:   Great! Do I need any specific equipment for it?
[37m 	 name=Circuit Training, intensity=moderate, duration=45, location=indoor, equipment=None, type=strength, group_or_solo=group, time_of_day=None, accessibility=None, budget=None [0m
Life Coach:     Yes, you'll need weights for Circuit Training.
Couch Potato:   Awesome! Is it suitable for beginners?
[37m 	 name=Circuit Training, intensity=moderate, duration=45, location=indoor, equipment=weights, type=strength, group_or_solo=group, time_of_day=None, accessibility=beginner, budget=None [0m
Life Coach:     Yes, Circuit Training is suitable for beginners!
Couch Potato:   Sounds like a win! What’s the cost for a session?
[37m 	 name=Circuit Training, intensity=moderate, duration=45, location=indoor, equipment=weights, type=strength, group_or_solo=group, time_of_day=None, accessibility=beginner, budget=None [0m
Life Coach:     The cost for a Circuit Training session is around $15.
------------------------------------------------
Couch Potato:   I'm looking for an outdoor cardio activity that I can do solo.
[37m 	 name=None, intensity=None, duration=None, location=outdoor, equipment=None, type=cardio, group_or_solo=solo, time_of_day=None, accessibility=None, budget=None [0m
Life Coach:     How intense do you want the activity to be: low, moderate, or high?
Couch Potato:   I don't have a strong preference for intensity.
[37m 	 name=None, intensity=None, duration=None, location=outdoor, equipment=None, type=cardio, group_or_solo=solo, time_of_day=None, accessibility=None, budget=None [0m
Life Coach:     How much time are you willing to spend on the activity?
Couch Potato:   I can spend about 120 minutes.
[37m 	 name=None, intensity=None, duration=120, location=outdoor, equipment=None, type=cardio, group_or_solo=solo, time_of_day=None, accessibility=None, budget=None [0m
Life Coach:     Great! I recommend hiking; it's a moderate outdoor cardio activity that you can do solo for 120 minutes. Does that sound good?
Couch Potato:   Hiking sounds nice, but I prefer something with a bicycle.
[37m 	 name=bicycling, intensity=None, duration=120, location=outdoor, equipment=None, type=cardio, group_or_solo=solo, time_of_day=None, accessibility=None, budget=None [0m
Life Coach:     How about cycling? It's a moderate outdoor cardio activity you can do solo for 120 minutes. Would you like to go with that?
Couch Potato:   Cycling sounds perfect! Let's go with that.
[37m 	 name=cycling, intensity=moderate, duration=120, location=outdoor, equipment=None, type=cardio, group_or_solo=solo, time_of_day=None, accessibility=None, budget=None [0m
Life Coach:     Awesome choice! Enjoy your cycling!
------------------------------------------------
Couch Potato:   Hey, I'm looking for a yoga class, something moderate in intensity.
[37m 	 name=yoga, intensity=moderate, duration=None, location=None, equipment=None, type=None, group_or_solo=None, time_of_day=None, accessibility=None, budget=None [0m
Life Coach:     Are you looking for a group class or solo practice?
Couch Potato:   I prefer a group class.
[37m 	 name=yoga, intensity=moderate, duration=None, location=None, equipment=None, type=None, group_or_solo=group, time_of_day=None, accessibility=None, budget=None [0m
Life Coach:     What time of day do you want to do the class?
Couch Potato:   Evening works best for me.
[37m 	 name=yoga, intensity=moderate, duration=None, location=None, equipment=None, type=None, group_or_solo=group, time_of_day=evening, accessibility=None, budget=None [0m
Life Coach:     I have a Yoga Class option for you: it's moderate intensity, 60 minutes, indoor, group, and costs $15. Would you like to go with that?
Couch Potato:   That sounds perfect! Let's go with it.
[37m 	 name=Yoga Class, intensity=moderate, duration=60, location=indoor, equipment=None, type=None, group_or_solo=group, time_of_day=evening, accessibility=None, budget=15.0 [0m
Life Coach:     Great choice! Enjoy your Yoga Class!
------------------------------------------------
Couch Potato:   Hey, I'm looking for a low-intensity exercise activity, preferably something I can do indoors.
[37m 	 name=None, intensity=low, duration=None, location=indoor, equipment=None, type=None, group_or_solo=None, time_of_day=None, accessibility=None, budget=None [0m
Life Coach:     How about yoga? It's low-intensity and can be done indoors.
Couch Potato:   Yoga sounds great, but I was hoping for something more cardio-focused.
[37m 	 name=None, intensity=low, duration=None, location=indoor, equipment=None, type=cardio, group_or_solo=None, time_of_day=None, accessibility=None, budget=None [0m
Life Coach:     In that case, how about swimming? It's low-intensity and can be done indoors as well.
Couch Potato:   Swimming sounds perfect! Do you think I could find a group class in the evening?
[37m 	 name=swimming, intensity=low, duration=None, location=indoor, equipment=None, type=cardio, group_or_solo=group, time_of_day=evening, accessibility=None, budget=None [0m
Life Coach:     Yes, there are group swimming classes available in the evening!
Couch Potato:   Awesome! I just need to check if the class fits my budget of $8. Do you think it will?
[37m 	 name=swimming, intensity=low, duration=None, location=indoor, equipment=None, type=cardio, group_or_solo=group, time_of_day=evening, accessibility=None, budget=8.0 [0m
Life Coach:     The group swimming class is $10, so it’s slightly above your budget. Would you like to consider other options?
Couch Potato:   Hmm, maybe I should adjust my budget a bit. How about $10 for the swimming class?
[37m 	 name=swimming, intensity=low, duration=None, location=indoor, equipment=None, type=cardio, group_or_solo=group, time_of_day=evening, accessibility=None, budget=10.0 [0m
Life Coach:     That works! You can go for the group swimming class for $10 in the evening.
------------------------------------------------
Couch Potato:   Hey, I'm looking for a solo flexibility exercise that lasts about 75 minutes.
[37m 	 name=None, intensity=None, duration=75, location=None, equipment=None, type=flexibility, group_or_solo=solo, time_of_day=None, accessibility=None, budget=None [0m
Life Coach:     How about Yoga? It’s a solo flexibility exercise that lasts 75 minutes. Would you like to go with that?
Couch Potato:   Yoga sounds great! Does it require any special equipment?
[37m 	 name=Yoga, intensity=None, duration=75, location=None, equipment=None, type=flexibility, group_or_solo=solo, time_of_day=None, accessibility=None, budget=None [0m
Life Coach:     Yes, you'll need a mat for Yoga. Is that okay with you?
Couch Potato:   Yes, I have a mat! What intensity level is Yoga usually?
[37m 	 name=Yoga, intensity=None, duration=75, location=None, equipment=mat, type=flexibility, group_or_solo=solo, time_of_day=None, accessibility=None, budget=None [0m
Life Coach:     Yoga is generally considered low intensity. Does that work for you?
Couch Potato:   Low intensity works perfectly for me! What time of day is best for Yoga?
[37m 	 name=Yoga, intensity=low, duration=75, location=None, equipment=mat, type=flexibility, group_or_solo=solo, time_of_day=None, accessibility=None, budget=None [0m
Life Coach:     Yoga is usually practiced in the evening or morning. Do you have a preference?
Couch Potato:   I prefer the evening for Yoga. Can we finalize that?
[37m 	 name=Yoga, intensity=low, duration=75, location=None, equipment=mat, type=flexibility, group_or_solo=solo, time_of_day=evening, accessibility=None, budget=None [0m
Life Coach:     Absolutely! Evening Yoga it is. Enjoy your practice!
------------------------------------------------
Couch Potato:   I'm looking for a moderate outdoor cardio activity, preferably solo.
[37m 	 name=None, intensity=moderate, duration=None, location=outdoor, equipment=None, type=cardio, group_or_solo=solo, time_of_day=None, accessibility=None, budget=None [0m
Life Coach:     How about Trail Running or Cycling?
Couch Potato:   I like the idea of Trail Running! How long do those usually take?
[37m 	 name=Trail Running, intensity=moderate, duration=None, location=outdoor, equipment=None, type=cardio, group_or_solo=solo, time_of_day=None, accessibility=None, budget=None [0m
Life Coach:     Trail Running typically takes about 90 minutes.
Couch Potato:   That sounds perfect! Do I need any special equipment for Trail Running?
[37m 	 name=Trail Running, intensity=moderate, duration=90, location=outdoor, equipment=None, type=cardio, group_or_solo=solo, time_of_day=None, accessibility=None, budget=None [0m
Life Coach:     No, you don't need any special equipment for Trail Running.
Couch Potato:   Great! I think Trail Running is the one for me.
[37m 	 name=Trail Running, intensity=moderate, duration=90, location=outdoor, equipment=None, type=cardio, group_or_solo=solo, time_of_day=None, accessibility=None, budget=None [0m
Life Coach:     Awesome choice! Enjoy your Trail Running!
------------------------------------------------
Couch Potato:   I'm thinking about doing something outdoors, maybe cycling?
[37m 	 name=cycling, intensity=None, duration=None, location=outdoor, equipment=None, type=cardio, group_or_solo=None, time_of_day=None, accessibility=None, budget=None [0m
Life Coach:     Cycling sounds great! Are you looking for a specific intensity level or duration?
Couch Potato:   I prefer a moderate intensity for about 120 minutes.
[37m 	 name=cycling, intensity=moderate, duration=120, location=outdoor, equipment=None, type=None, group_or_solo=None, time_of_day=None, accessibility=None, budget=None [0m
Life Coach:     There's a moderate cycling option for 120 minutes, but it requires a bike and has a budget of $50. Does that work for you?
Couch Potato:   Yes, that fits perfectly! When can I do this in the afternoon?
[37m 	 name=cycling, intensity=moderate, duration=120, location=outdoor, equipment=bike, type=cardio, group_or_solo=None, time_of_day=afternoon, accessibility=None, budget=50.0 [0m
Life Coach:     Perfect! You can go cycling in the afternoon. Enjoy your ride!
------------------------------------------------
Couch Potato:   I'm looking for a low-intensity exercise activity.
[37m 	 name=None, intensity=low, duration=None, location=None, equipment=None, type=None, group_or_solo=None, time_of_day=None, accessibility=None, budget=None [0m
Life Coach:     Do you prefer indoor or outdoor activities?
Couch Potato:   I prefer indoor activities.
[37m 	 name=None, intensity=low, duration=None, location=indoor, equipment=None, type=None, group_or_solo=None, time_of_day=None, accessibility=None, budget=None [0m
Life Coach:     How long would you like the activity to last?
Couch Potato:   I'd like it to last about 50 minutes.
[37m 	 name=None, intensity=low, duration=50, location=indoor, equipment=None, type=None, group_or_solo=None, time_of_day=None, accessibility=None, budget=None [0m
Life Coach:     What’s your budget for this activity?
Couch Potato:   My budget is $15.00.
[37m 	 name=None, intensity=low, duration=50, location=indoor, equipment=None, type=None, group_or_solo=None, time_of_day=None, accessibility=None, budget=15.0 [0m
Life Coach:     I recommend Pilates; it’s low-intensity, indoor, lasts 50 minutes, and fits your budget. Would you like to go with that?
Couch Potato:   That sounds great! I’ll go with Pilates.
[37m 	 name=Pilates, intensity=low, duration=50, location=indoor, equipment=None, type=None, group_or_solo=None, time_of_day=None, accessibility=None, budget=15.0 [0m
Life Coach:     Awesome choice! Enjoy your Pilates class!
------------------------------------------------
Couch Potato:   Hey, I'm looking for a high-intensity indoor cardio activity. Got any suggestions?
[37m 	 name=None, intensity=high, duration=None, location=indoor, equipment=None, type=cardio, group_or_solo=None, time_of_day=None, accessibility=None, budget=None [0m
Life Coach:     How about an Aerobics Class? It's high-intensity and indoors!
Couch Potato:   That sounds great! How long does the class usually last?
[37m 	 name=Aerobics Class, intensity=high, duration=None, location=indoor, equipment=None, type=cardio, group_or_solo=None, time_of_day=None, accessibility=None, budget=None [0m
Life Coach:     The Aerobics Class usually lasts for 45 minutes.
Couch Potato:   Perfect! Is it typically a group setting?
[37m 	 name=Aerobics Class, intensity=high, duration=45, location=indoor, equipment=None, type=cardio, group_or_solo=group, time_of_day=None, accessibility=None, budget=None [0m
Life Coach:     Yes, it's a group activity!
Couch Potato:   Awesome! Do I need any special equipment for the class?
[37m 	 name=Aerobics Class, intensity=high, duration=45, location=indoor, equipment=None, type=cardio, group_or_solo=group, time_of_day=None, accessibility=None, budget=None [0m
Life Coach:     No special equipment is needed for the Aerobics Class; just come as you are!
Couch Potato:   That’s convenient! What time do these classes usually take place in the morning?
[37m 	 name=Aerobics Class, intensity=high, duration=45, location=indoor, equipment=None, type=cardio, group_or_solo=group, time_of_day=morning, accessibility=None, budget=None [0m
Life Coach:     Aerobics Classes usually take place in the morning.
Couch Potato:   Great! Is it suitable for beginners?
[37m 	 name=Aerobics Class, intensity=high, duration=45, location=indoor, equipment=None, type=cardio, group_or_solo=group, time_of_day=morning, accessibility=beginner, budget=None [0m
Life Coach:     Yes, it's suitable for beginners!
Couch Potato:   Sounds like a perfect fit! What's the cost for the class?
[37m 	 name=Aerobics Class, intensity=high, duration=45, location=indoor, equipment=None, type=cardio, group_or_solo=group, time_of_day=morning, accessibility=beginner, budget=None [0m
Life Coach:     The cost for the Aerobics Class is $30.
------------------------------------------------
Couch Potato:   Hey, I'm looking for a low-intensity exercise I can do solo in the evening. Any suggestions?
[37m 	 name=None, intensity=low, duration=None, location=None, equipment=None, type=None, group_or_solo=solo, time_of_day=evening, accessibility=None, budget=None [0m
Life Coach:     How about trying Restorative Yoga? It's low-intensity and solo, perfect for the evening!
Couch Potato:   That sounds great! Do I need any special equipment for that?
[37m 	 name=Restorative Yoga, intensity=low, duration=None, location=None, equipment=yoga mat, type=flexibility, group_or_solo=solo, time_of_day=evening, accessibility=None, budget=None [0m
Life Coach:     Yes, you'll need a yoga mat for Restorative Yoga.
Couch Potato:   I have a mat! How long does a typical session last?
[37m 	 name=Restorative Yoga, intensity=low, duration=None, location=None, equipment=yoga mat, type=flexibility, group_or_solo=solo, time_of_day=evening, accessibility=None, budget=None [0m
Life Coach:     A typical session lasts about 75 minutes.
Couch Potato:   Perfect! Is Restorative Yoga suitable for beginners?
[37m 	 name=Restorative Yoga, intensity=low, duration=75, location=None, equipment=yoga mat, type=None, group_or_solo=solo, time_of_day=evening, accessibility=beginner, budget=None [0m
Life Coach:     Yes, Restorative Yoga is great for beginners!
Couch Potato:   Awesome! What about the cost? Do I need to pay for classes?
[37m 	 name=Restorative Yoga, intensity=low, duration=75, location=None, equipment=yoga mat, type=flexibility, group_or_solo=solo, time_of_day=evening, accessibility=beginner, budget=None [0m
Life Coach:     No, it’s free to practice Restorative Yoga at home since you already have a mat!
------------------------------------------------
Couch Potato:   I'm thinking about doing something outdoors, maybe cycling?
[37m 	 name=cycling, intensity=None, duration=None, location=outdoor, equipment=None, type=cardio, group_or_solo=None, time_of_day=None, accessibility=None, budget=None [0m
Life Coach:     Cycling sounds great! What intensity are you comfortable with—low, moderate, or high?
Couch Potato:   I prefer a moderate intensity.
[37m 	 name=cycling, intensity=moderate, duration=None, location=outdoor, equipment=None, type=None, group_or_solo=None, time_of_day=None, accessibility=None, budget=None [0m
Life Coach:     Perfect! How long do you want to cycle for—around 60 minutes or more?
Couch Potato:   I’d like to go for about 120 minutes.
[37m 	 name=cycling, intensity=moderate, duration=120, location=outdoor, equipment=None, type=None, group_or_solo=None, time_of_day=None, accessibility=None, budget=None [0m
Life Coach:     Got it! Do you have a budget in mind for this activity?
Couch Potato:   Yes, my budget is around 50 dollars.
[37m 	 name=cycling, intensity=moderate, duration=120, location=outdoor, equipment=None, type=None, group_or_solo=None, time_of_day=None, accessibility=None, budget=50.0 [0m
Life Coach:     You're in luck! There's a moderate intensity cycling option for 120 minutes that fits your budget. Would you like to go with that?
Couch Potato:   Yes, that sounds perfect! Let's go with it!
[37m 	 name=cycling, intensity=moderate, duration=120, location=outdoor, equipment=None, type=None, group_or_solo=None, time_of_day=None, accessibility=None, budget=50.0 [0m
Life Coach:     Great choice! Enjoy your cycling adventure!
------------------------------------------------
Couch Potato:   I'm looking for a low-intensity exercise activity.
[37m 	 name=None, intensity=low, duration=None, location=None, equipment=None, type=None, group_or_solo=None, time_of_day=None, accessibility=None, budget=None [0m
Life Coach:     How about Tai Chi or Yoga? Do you prefer indoor or outdoor?
Couch Potato:   I prefer outdoor activities.
[37m 	 name=None, intensity=low, duration=None, location=outdoor, equipment=None, type=None, group_or_solo=None, time_of_day=None, accessibility=None, budget=None [0m
Life Coach:     Great! Tai Chi fits that. How long do you want to exercise for?
Couch Potato:   I'd like to exercise for about 45 minutes.
[37m 	 name=Tai Chi, intensity=low, duration=45, location=outdoor, equipment=None, type=None, group_or_solo=None, time_of_day=None, accessibility=None, budget=None [0m
Life Coach:     Perfect! Tai Chi is 45 minutes. Does that sound good to you?
Couch Potato:   Yes, that sounds good!
[37m 	 name=Tai Chi, intensity=low, duration=45, location=outdoor, equipment=None, type=None, group_or_solo=None, time_of_day=None, accessibility=None, budget=None [0m
Life Coach:     Awesome choice! Enjoy your Tai Chi sessions!
------------------------------------------------
Couch Potato:   I'm looking for a low-intensity exercise I can do indoors.
[37m 	 name=None, intensity=low, duration=None, location=indoor, equipment=None, type=None, group_or_solo=None, time_of_day=None, accessibility=None, budget=None [0m
Life Coach:     How about Pilates or Restorative Yoga?
Couch Potato:   Pilates sounds great! How long do those sessions usually last?
[37m 	 name=Pilates, intensity=low, duration=None, location=indoor, equipment=None, type=None, group_or_solo=None, time_of_day=None, accessibility=None, budget=None [0m
Life Coach:     Pilates sessions usually last around 50 minutes.
Couch Potato:   That's close enough! Can I do Pilates solo?
[37m 	 name=Pilates, intensity=low, duration=50, location=indoor, equipment=None, type=None, group_or_solo=solo, time_of_day=None, accessibility=None, budget=None [0m
Life Coach:     Actually, Pilates is typically done in a group setting. Would you like to consider another option?
Couch Potato:   What about Restorative Yoga? Can I do that solo?
[37m 	 name=Restorative Yoga, intensity=low, duration=50, location=indoor, equipment=None, type=flexibility, group_or_solo=solo, time_of_day=None, accessibility=None, budget=None [0m
Life Coach:     Yes, Restorative Yoga can definitely be done solo!
Couch Potato:   Perfect! Is it suitable for beginners?
[37m 	 name=Restorative Yoga, intensity=low, duration=50, location=indoor, equipment=None, type=flexibility, group_or_solo=solo, time_of_day=None, accessibility=beginner, budget=None [0m
Life Coach:     Yes, Restorative Yoga is great for beginners!
Couch Potato:   Awesome! Does it require any special equipment?
[37m 	 name=Restorative Yoga, intensity=low, duration=50, location=indoor, equipment=None, type=flexibility, group_or_solo=solo, time_of_day=None, accessibility=beginner, budget=None [0m
Life Coach:     You just need a mat for Restorative Yoga.
Couch Potato:   Great! And can I do it in the afternoon?
[37m 	 name=Restorative Yoga, intensity=low, duration=50, location=indoor, equipment=mat, type=flexibility, group_or_solo=solo, time_of_day=afternoon, accessibility=beginner, budget=None [0m
Life Coach:     Yes, you can definitely do Restorative Yoga in the afternoon!
Couch Potato:   Sounds like a perfect fit for me! Let's go with Restorative Yoga!
[37m 	 name=Restorative Yoga, intensity=low, duration=50, location=indoor, equipment=mat, type=flexibility, group_or_solo=solo, time_of_day=afternoon, accessibility=beginner, budget=None [0m
Life Coach:     Awesome choice! Enjoy your Restorative Yoga sessions!
python: can't open file '/local/scratch/jdfinch/2025/UnifiedDSI/src/dsi/dsi2.p': [Errno 2] No such file or directory
python: can't open file '/local/scratch/jdfinch/2025/UnifiedDSI/src/dsi/dsi2.p': [Errno 2] No such file or directory
python: can't open file '/local/scratch/jdfinch/2025/UnifiedDSI/src/dsi/dsi2.p': [Errno 2] No such file or directory
python: can't open file '/local/scratch/jdfinch/2025/UnifiedDSI/src/dsi/dsi2.p': [Errno 2] No such file or directory
