nohup: ignoring input
Generating dialogues for data/DOTS/train/0208__diversification_strategies__financial_forecasts__human_resource_policies
Generating dialogues for data/DOTS/train/0233__dietary_plans__performance-enhancing_supplements__hydration_strategies
Generating dialogues for data/DOTS/train/0235__market_positioning_strategies__signature_dishes__customer_loyalty_programs
Generating dialogues for data/DOTS/train/0014__menu_options__table_settings__staff_requirements
Generating dialogues for data/DOTS/train/0108__book_pitches__submission_strategies__publishing_houses
Generating dialogues for data/DOTS/train/0085__machinery__production_methods__quality_control_measures
Generating dialogues for data/DOTS/train/0133__treatments__study_participants__long-term_impact_measures
Generating dialogues for data/DOTS/train/0271__key_discoveries__public_messaging_strategies__educational_content
Generating dialogues for data/DOTS/train/0106__outfits__runway_themes__posing_styles
Generating dialogues for data/DOTS/train/0047__artifacts__display_themes__educational_programs
Generating dialogues for data/DOTS/train/0272__ingredient_suppliers__menu_innovation_tactics__quality_control_procedures
Generating dialogues for data/DOTS/train/0026__sustainable_materials__energy-efficient_systems__safety_measures
Generating dialogues for data/DOTS/train/0003__paintings__frames__promotional_materials
Generating dialogues for data/DOTS/train/0179__films__screening_schedules__jury_panels
Generating dialogues for data/DOTS/train/0194__sustainable_land_practices__ecosystem_services__conservation_incentives
Generating dialogues for data/DOTS/train/0241__event_management_software__online_communication_tools__virtual_engagement_strategies
Generating dialogues for data/DOTS/train/0200__training_workshops__skill_development_programs__employee_feedback_systems
Generating dialogues for data/DOTS/train/0169__care_regimens__activity_schedules__caretaking_strategies
Generating dialogues for data/DOTS/train/0276__performing_artists__headline_acts__set_times
Generating dialogues for data/DOTS/train/0171__database_systems__indexing_strategies__server_configurations
Generating dialogues for data/DOTS/train/0034__artifacts__appraisal_techniques__trading_markets
Generating dialogues for data/DOTS/train/0147__stage_designs__prop_elements__visual_storytelling_methods
Generating dialogues for data/DOTS/train/0065__flower_arrangements__decoration_themes__delivery_schedules
----------------------------------------------------------------------------------------------------
Hi there! We're looking for a modern white centerpiece for our summer wedding.
  [37mname=None, type=Centerpiece, color=White, style=Modern, season=Summer, budget=None, flower_types=None, eco_friendly=None, delivery_date=None[0m
I have a couple of options for modern white centerpieces; do you have a budget in mind?
Yes, we’d like to keep it around $70.
  [37mname=None, type=Centerpiece, color=White, style=Modern, season=Summer, budget=70.0, flower_types=None, eco_friendly=None, delivery_date=None[0m
Great! I have the Elegant White Roses for $69.99; would you like to know more about it?
Yes, please tell me more about the Elegant White Roses centerpiece!
  [37mname=Elegant White Roses, type=Centerpiece, color=White, style=Modern, season=Summer, budget=70.0, flower_types=None, eco_friendly=None, delivery_date=None[0m
The Elegant White Roses centerpiece features beautiful roses, is priced at $69.99, and is eco-friendly. Would you like to choose this one?
Actually, we prefer a non-eco-friendly arrangement. Do you have other options?
  [37mname=None, type=Centerpiece, color=White, style=Modern, season=Summer, budget=70.0, flower_types=None, eco_friendly=False, delivery_date=None[0m
The other modern white centerpiece is the Elegant White Lilies, priced at $79.99; would that work for you?
That's a bit over our budget. Do you have anything else closer to $70?
  [37mname=None, type=Centerpiece, color=White, style=Modern, season=Summer, budget=70.0, flower_types=None, eco_friendly=False, delivery_date=None[0m
The Chic White and Green Arrangement is a vintage style, priced at $68.00; would you like to consider that one?
We were hoping for a modern style. Do you have any modern options within our budget?
  [37mname=None, type=Centerpiece, color=White, style=Modern, season=Summer, budget=70.0, flower_types=None, eco_friendly=False, delivery_date=None[0m
Unfortunately, the only modern option is the Elegant White Lilies at $79.99. Would you like to adjust your budget or consider the Chic White and Green Arrangement?
Let's stick with the modern style; we can stretch the budget to $80 for the Elegant White Lilies.
  [37mname=Elegant White Lilies, type=Centerpiece, color=White, style=Modern, season=Summer, budget=80.0, flower_types=None, eco_friendly=False, delivery_date=None[0m
Perfect! So, would you like to go ahead with the Elegant White Lilies for your centerpiece?
Yes, let's go with the Elegant White Lilies!
  [37mname=Elegant White Lilies, type=Centerpiece, color=White, style=Modern, season=Summer, budget=80.0, flower_types=None, eco_friendly=False, delivery_date=None[0m
Fantastic choice! I'll arrange for the Elegant White Lilies for your wedding.
----------------------------------------------------------------------------------------------------
Thank you! Now, can you help us find a rustic decoration theme?
  [37mname=None, theme=Rustic, color_scheme=None, season=Summer, formality=None, venue_type=None, budget_range=Medium, floral_style=Contemporary, cultural_influence=None[0m
Sure! Are you looking for a specific season or budget for the rustic decoration theme?
We're thinking of a spring wedding with a medium budget.
  [37mname=None, theme=Rustic, color_scheme=None, season=Spring, formality=None, venue_type=None, budget_range=Medium, floral_style=None, cultural_influence=None[0m
I recommend the Rustic Charm theme; it’s perfect for spring and fits your medium budget. Would you like more details?
Yes, please share more details about the Rustic Charm theme!
  [37mname=None, theme=Rustic, color_scheme=None, season=Spring, formality=None, venue_type=None, budget_range=Medium, floral_style=None, cultural_influence=None[0m
The Rustic Charm theme features earth tones, is casual, suitable for outdoor venues, and has a traditional floral style, all within a medium budget. Would you like to choose this theme?
That sounds great! Let's go with the Rustic Charm theme!
  [37mname=Rustic Charm, theme=Rustic, color_scheme=Earth tones, season=Spring, formality=Casual, venue_type=Outdoor, budget_range=Medium, floral_style=Traditional, cultural_influence=None[0m
Excellent choice! The Rustic Charm theme is all set for your wedding!
----------------------------------------------------------------------------------------------------
Hi there! I'm looking for a rustic blue bouquet for my wedding.
  [37mname=None, type=Bouquet, color=Blue, style=Rustic, season=None, budget=None, flower_types=None, eco_friendly=None, delivery_date=None[0m
I have a rustic option with blue hydrangeas and lilies; would that work for you?
That sounds great! What's the price for that arrangement?
  [37mname=None, type=Bouquet, color=Blue, style=Rustic, season=None, budget=None, flower_types=['hydrangeas', 'lilies'], eco_friendly=None, delivery_date=None[0m
The price for the Blue Hydrangeas and Lilies bouquet is $70.
Perfect! Can you confirm it's eco-friendly?
  [37mname=None, type=Bouquet, color=Blue, style=Rustic, season=None, budget=70, flower_types=['Hydrangeas', 'Lilies'], eco_friendly=True, delivery_date=None[0m
Yes, the Blue Hydrangeas and Lilies bouquet is eco-friendly!
----------------------------------------------------------------------------------------------------
That's wonderful! Now, can you help me find a decoration theme that feels coastal?
  [37mname=None, theme=Coastal, color_scheme=None, season=None, formality=None, venue_type=None, budget_range=None, floral_style=None, cultural_influence=None[0m
Sure! How about the "Coastal Charm" theme with bright colors and an outdoor setting?
That sounds lovely! What kind of floral arrangements would you suggest for that theme?
  [37mname=Coastal Charm, theme=Coastal, color_scheme=Brights, season=None, formality=None, venue_type=Outdoor, budget_range=None, floral_style=None, cultural_influence=None[0m
I suggest using vibrant tropical flowers like sunflowers, daisies, and bright lilies for that theme!
I love that idea! How about the overall budget for the "Coastal Charm" theme?
  [37mname=Coastal Charm, theme=Coastal, color_scheme=Brights, season=None, formality=None, venue_type=Outdoor, budget_range=None, floral_style=Contemporary, cultural_influence=None[0m
The budget range for the "Coastal Charm" theme is medium, around $2,000 to $3,000.
That fits perfectly! Can you tell me more about the color scheme options for this theme?
  [37mname=Coastal Charm, theme=Coastal, color_scheme=Brights, season=None, formality=None, venue_type=Outdoor, budget_range=Medium, floral_style=Contemporary, cultural_influence=None[0m
The color scheme for the "Coastal Charm" theme features bright colors, perfect for a lively coastal vibe!
Sounds amazing! Is there a specific floral style that works best with this theme?
  [37mname=Coastal Charm, theme=Coastal, color_scheme=Brights, season=None, formality=None, venue_type=Outdoor, budget_range=Medium, floral_style=None, cultural_influence=None[0m
The floral style for the "Coastal Charm" theme is contemporary, which complements the bright colors beautifully!
Great! I think I'm ready to finalize the "Coastal Charm" theme with contemporary floral arrangements.
  [37mname=Coastal Charm, theme=Coastal, color_scheme=Brights, season=None, formality=None, venue_type=Outdoor, budget_range=Medium, floral_style=Contemporary, cultural_influence=None[0m
Awesome choice! I'll get everything set for the "Coastal Charm" theme with contemporary arrangements!
----------------------------------------------------------------------------------------------------
Hey there! We're looking for a white centerpiece for our summer wedding.
  [37mname=None, type=Centerpiece, color=White, style=None, season=Summer, budget=None, flower_types=None, eco_friendly=None, delivery_date=None[0m
I have a couple of options for white centerpieces in summer; do you have a budget in mind?
Yes, our budget is $80.
  [37mname=None, type=Centerpiece, color=White, style=None, season=Summer, budget=80.0, flower_types=None, eco_friendly=None, delivery_date=None[0m
Great! I have the "Elegant White Roses" for $69.99 and "Classic White Lilies" for $79.99; do either of these sound good to you?
We're actually hoping to include lilies, so the "Classic White Lilies" sounds perfect!
  [37mname=Classic White Lilies, type=Centerpiece, color=White, style=None, season=Summer, budget=80.0, flower_types=['lilies'], eco_friendly=None, delivery_date=None[0m
Awesome choice! The "Classic White Lilies" is available for delivery on June 21st; does that work for you?
----------------------------------------------------------------------------------------------------
Yes, that works perfectly! Now, could you help us find a decoration theme?
  [37mname=None, theme=None, color_scheme=None, season=Summer, formality=None, venue_type=None, budget_range=Medium, floral_style=None, cultural_influence=None[0m
Sure! What kind of theme are you envisioning—something formal, casual, or maybe a specific style?
We're thinking of a classic and formal theme for the wedding.
  [37mname=None, theme=None, color_scheme=None, season=Summer, formality=Formal, venue_type=None, budget_range=None, floral_style=None, cultural_influence=None[0m
I have a few classic and formal themes; would you prefer a winter theme or something that could also work in another season?
We'd prefer a theme that works well in summer.
  [37mname=None, theme=None, color_scheme=None, season=Summer, formality=Formal, venue_type=None, budget_range=None, floral_style=None, cultural_influence=None[0m
For summer, I recommend "Elegant Summer" with a modern twist or "Tropical Paradise" for a more vibrant feel; which one resonates with you?
We like the sound of "Elegant Summer" with a modern twist!
  [37mname=Elegant Summer, theme=Modern, color_scheme=None, season=Summer, formality=Formal, venue_type=None, budget_range=None, floral_style=None, cultural_influence=None[0m
Fantastic choice! "Elegant Summer" features bright colors and a formal vibe; would you like to go ahead with this theme?
Yes, let's go ahead with the "Elegant Summer" theme!
  [37mname=Elegant Summer, theme=Classic, color_scheme=None, season=Summer, formality=Formal, venue_type=None, budget_range=None, floral_style=None, cultural_influence=None[0m
Perfect! Your "Elegant Summer" theme is all set. Congratulations on your wedding plans!
Generating dialogues for data/DOTS/train/0202__poem_themes__stylistic_devices__anthology_contributions
Generating dialogues for data/DOTS/train/0070__study_methods__cultural_perspectives__ethical_considerations
Generating dialogues for data/DOTS/train/0165__performance_pieces__practice_schedules__orchestral_arrangements
Generating dialogues for data/DOTS/train/0160__gaming_interfaces__feedback_mechanisms__user_engagement_methods
Generating dialogues for data/DOTS/train/0139__project_phases__timelines__stakeholder_communication_plans
----------------------------------------------------------------------------------------------------
Hey, do you have any specific project phases in mind that might fit our timeline?
  [37mname=None, duration_min=None, duration_max=None, dependencies=None, priority=None, status=None, resource_availability=None[0m
What timeline are you looking at for the project phases?
I'm thinking of a duration between 5 to 15 days.
  [37mname=None, duration_min=5, duration_max=15, dependencies=None, priority=None, status=None, resource_availability=None[0m
Got it! Do you have any preferences for priority, like high, medium, or low?
Yes, I prefer high priority phases.
  [37mname=None, duration_min=5, duration_max=15, dependencies=None, priority=High, status=None, resource_availability=None[0m
Okay, let me check. We have "Planning" with 10 days and "Initiation" with 5 days as high priority options. Which one do you prefer?
I think "Planning" with 10 days sounds good. Does it have any dependencies?
  [37mname=Planning, duration_min=10, duration_max=10, dependencies=None, priority=High, status=None, resource_availability=None[0m
Yes, it depends on "Research." Does that work for you?
Yes, that works perfectly! Let's go with "Planning."
  [37mname=Planning, duration_min=10, duration_max=10, dependencies=Research, priority=High, status=None, resource_availability=None[0m
Great choice! We'll go with "Planning." Thanks!
----------------------------------------------------------------------------------------------------
Could you help me find any timelines that fit within October 6th to 20th?
  [37mname=None, start_date=2023-10-06, end_date=2023-10-20, priority=High, phase=Planning, stakeholder_involvement=None[0m
Sure! Are you looking for any specific priority or phase for those dates?
I'm looking for high priority and the "Planning" phase specifically.
  [37mname=None, start_date=2023-10-06, end_date=2023-10-20, priority=High, phase=Planning, stakeholder_involvement=None[0m
I've found three timelines that fit: "Project Eta," "Project Delta," and "Project Kappa." Which one do you prefer?
Let's go with "Project Delta."
  [37mname=Project Delta, start_date=2023-10-06, end_date=2023-10-20, priority=High, phase=Planning, stakeholder_involvement=None[0m
Excellent choice! We'll go with "Project Delta." Thanks!
----------------------------------------------------------------------------------------------------
Now, could you help me find a suitable Stakeholder Communication Plan for "Project Delta"?
  [37mname=None, frequency=None, medium=None, detail_level=None, stakeholder_type=None, priority_level=High, confidentiality=None, language=None, timezone=None[0m
Sure! What communication frequency do you prefer, like daily, weekly, or monthly?
I prefer monthly communication updates.
  [37mname=None, frequency=Monthly, medium=None, detail_level=None, stakeholder_type=None, priority_level=High, confidentiality=None, language=None, timezone=None[0m
Great! Do you want the medium to be email, meetings, or something else?
I'd like the medium to be a dashboard.
  [37mname=None, frequency=Monthly, medium=Dashboard, detail_level=None, stakeholder_type=None, priority_level=High, confidentiality=None, language=None, timezone=None[0m
Perfect! Are you looking for internal or external stakeholders?
I'm looking for external stakeholders.
  [37mname=None, frequency=Monthly, medium=Dashboard, detail_level=None, stakeholder_type=External, priority_level=High, confidentiality=None, language=None, timezone=None[0m
I found a match: the "Feedback Review" plan. It has monthly updates, dashboard medium, and is for external stakeholders. Does that work for you?
----------------------------------------------------------------------------------------------------
Hey, do we have any phases currently in progress that fit within a 10 to 15-day duration?
  [37mname=None, duration_min=10, duration_max=15, dependencies=None, priority=None, status=In Progress, resource_availability=None[0m
Yes, we have the "Planning" phase, which is in progress and lasts 10 days.
Does the "Planning" phase have any dependencies we should be aware of?
  [37mname=Planning, duration_min=10, duration_max=15, dependencies=None, priority=None, status=In Progress, resource_availability=None[0m
Yes, the "Planning" phase depends on the "Initiation" phase.
How would you rate the resource availability for the "Planning" phase?
  [37mname=Planning, duration_min=10, duration_max=15, dependencies=Initiation, priority=None, status=In Progress, resource_availability=None[0m
The resource availability for the "Planning" phase is medium.
That sounds good! I think the "Planning" phase fits well with our criteria. Shall we finalize it?
  [37mname=Planning, duration_min=10, duration_max=15, dependencies=Initiation, priority=None, status=In Progress, resource_availability=Medium[0m
Great choice! Let's finalize the "Planning" phase.
----------------------------------------------------------------------------------------------------
Thanks! Now, can you help me find any timelines for the "Closure" phase starting from October 6th?
  [37mname=None, start_date=2023-10-06, end_date=None, priority=None, phase=Closure, stakeholder_involvement=Medium[0m
Sure! We have several "Closure" phase timelines starting from October 6th. Would you like to know about their priorities or stakeholder involvement?
Let's start with the priorities of those "Closure" phase timelines.
  [37mname=None, start_date=2023-10-06, end_date=None, priority=None, phase=Closure, stakeholder_involvement=None[0m
The "Closure" phase timelines starting from October 6th have the following priorities: one is Medium, and the others are Low.
The Medium priority timeline sounds promising. Can you share the stakeholder involvement level for that one?
  [37mname=None, start_date=2023-10-06, end_date=None, priority=Medium, phase=Closure, stakeholder_involvement=None[0m
The Medium priority "Closure" phase timeline has a stakeholder involvement level of Medium as well.
That might be a bit high for our needs. Are there any Low stakeholder involvement timelines available for the "Closure" phase?
  [37mname=None, start_date=2023-10-06, end_date=None, priority=Low, phase=Closure, stakeholder_involvement=Low[0m
Yes, there are several "Closure" phase timelines with Low stakeholder involvement starting from October 6th. Would you like details on those?
Yes, please share the details of the Low stakeholder involvement timelines for the "Closure" phase.
  [37mname=None, start_date=2023-10-06, end_date=None, priority=Low, phase=Closure, stakeholder_involvement=Low[0m
Here are the Low stakeholder involvement timelines for the "Closure" phase:

1. **Project Beta**: Oct 6 - Oct 17, Priority: Medium
2. **Project Iota**: Oct 7 - Oct 17, Priority: Low
3. **Project Zeta**: Oct 6 - Oct 16, Priority: Low

Which one interests you?
I’m leaning towards **Project Beta** since it matches our start and end dates. What do you think?
  [37mname=Project Beta, start_date=2023-10-06, end_date=2023-10-17, priority=Medium, phase=Closure, stakeholder_involvement=Low[0m
**Project Beta** is a solid choice! It fits your timeline perfectly. Shall we finalize it?
Yes, let's finalize **Project Beta** for the "Closure" phase! Thanks for your help!
  [37mname=Project Beta, start_date=2023-10-06, end_date=2023-10-17, priority=Medium, phase=Closure, stakeholder_involvement=Low[0m
You're welcome! **Project Beta** is finalized for the "Closure" phase.
----------------------------------------------------------------------------------------------------
Awesome! Now, could you help me find a suitable Stakeholder Communication Plan that uses email as the medium?
  [37mname=None, frequency=None, medium=Email, detail_level=None, stakeholder_type=None, priority_level=None, confidentiality=None, language=None, timezone=None[0m
Sure! We have a few Stakeholder Communication Plans that use email. Are you looking for a specific frequency or priority level?
I prefer a high priority level for the communication plan. Do we have any that match that?
  [37mname=None, frequency=None, medium=Email, detail_level=None, stakeholder_type=None, priority_level=High, confidentiality=None, language=None, timezone=None[0m
Yes, we have the "Weekly Update" plan, which is high priority and uses email. Would you like more details on it?
Yes, please share the details of the "Weekly Update" plan.
  [37mname=Weekly Update, frequency=Weekly, medium=Email, detail_level=None, stakeholder_type=None, priority_level=High, confidentiality=None, language=None, timezone=None[0m
The "Weekly Update" plan details are as follows:

- **Frequency**: Weekly
- **Medium**: Email
- **Detail Level**: Summary
- **Stakeholder Type**: Internal
- **Priority Level**: High
- **Confidentiality**: Confidential
- **Language**: English
- **Timezone**: UTC

Does this plan work for you?
It’s close, but I need a detailed level instead of a summary. Do we have any high-priority plans with detailed updates?
  [37mname=None, frequency=Weekly, medium=Email, detail_level=Detailed, stakeholder_type=Internal, priority_level=High, confidentiality=Confidential, language=English, timezone=UTC[0m
Yes, we have the "Weekly Progress" plan, which is high priority and offers detailed updates. Would you like to know more about it?
Yes, please share the details of the "Weekly Progress" plan.
  [37mname=Weekly Progress, frequency=Weekly, medium=Email, detail_level=Detailed, stakeholder_type=Internal, priority_level=High, confidentiality=Confidential, language=English, timezone=UTC[0m
The "Weekly Progress" plan details are as follows:

- **Frequency**: Weekly
- **Medium**: Report
- **Detail Level**: Detailed
- **Stakeholder Type**: Internal
- **Priority Level**: Medium
- **Confidentiality**: Confidential
- **Language**: English
- **Timezone**: UTC

It’s not an email medium; would you like to adjust your criteria?
I’d prefer to stick with email. Are there any other high-priority plans that use email and offer detailed updates?
  [37mname=None, frequency=Weekly, medium=Email, detail_level=None, stakeholder_type=Internal, priority_level=High, confidentiality=Confidential, language=English, timezone=UTC[0m
Unfortunately, there are no high-priority plans using email that offer detailed updates. Would you like to consider a different medium or adjust your priority level?
Let’s adjust the priority level to medium. Do we have any medium priority plans that use email and offer detailed updates?
  [37mname=None, frequency=Weekly, medium=Email, detail_level=Detailed, stakeholder_type=Internal, priority_level=Medium, confidentiality=Confidential, language=English, timezone=UTC[0m
Yes, we have the "Weekly Progress" plan, which is medium priority, uses email, and offers detailed updates. Would you like to proceed with this plan?
Yes, let's go with the "Weekly Progress" plan! Thank you!
  [37mname=Weekly Progress, frequency=Weekly, medium=Email, detail_level=Detailed, stakeholder_type=Internal, priority_level=Medium, confidentiality=Confidential, language=English, timezone=UTC[0m
Great choice! The "Weekly Progress" plan is confirmed. Thank you!
----------------------------------------------------------------------------------------------------
Hey, do we have any project phases currently in progress that fit between 5 to 15 days?
  [37mname=None, duration_min=5, duration_max=15, dependencies=None, priority=None, status=In Progress, resource_availability=None[0m
Yes, we have the "Design" phase with 12 days and "Testing" with 10 days. Would you like more details on either?
Can you tell me more about the "Design" phase and its dependencies?
  [37mname=Design, duration_min=5, duration_max=15, dependencies=None, priority=None, status=In Progress, resource_availability=None[0m
The "Design" phase lasts 12 days, is currently in progress, and depends on "Requirements Gathering."
That sounds promising! How about the resource availability for the "Design" phase?
  [37mname=Design, duration_min=5, duration_max=15, dependencies=Requirements Gathering, priority=None, status=In Progress, resource_availability=None[0m
The resource availability for the "Design" phase is high. Would you like to proceed with this phase?
Yes, let's go with the "Design" phase!
  [37mname=Design, duration_min=12, duration_max=12, dependencies=Requirements Gathering, priority=None, status=In Progress, resource_availability=High[0m
Great choice! The "Design" phase is confirmed.
----------------------------------------------------------------------------------------------------
Thanks! Now, can we look for timelines that fit the Planning phase within those dates?
  [37mname=None, start_date=None, end_date=None, priority=None, phase=Planning, stakeholder_involvement=None[0m
Sure! Are you looking for any specific priority level for the Planning phase timelines?
I'm aiming for a medium priority for the Planning phase timelines.
  [37mname=None, start_date=None, end_date=None, priority=Medium, phase=Planning, stakeholder_involvement=None[0m
We have two Planning phase timelines with medium priority: one from August 15 to August 30 and another from August 15 to August 25. Which one interests you?
Let's go with the timeline from August 15 to August 30.
  [37mname=None, start_date=2023-08-15, end_date=2023-08-30, priority=Medium, phase=Planning, stakeholder_involvement=None[0m
Perfect! The timeline from August 15 to August 30 is confirmed.
----------------------------------------------------------------------------------------------------
Awesome! Now, can we find a suitable Stakeholder Communication Plan that meets our criteria?
  [37mname=None, frequency=None, medium=None, detail_level=None, stakeholder_type=None, priority_level=Medium, confidentiality=None, language=None, timezone=None[0m
Sure! What specific criteria do you have in mind for the communication plan, like frequency or medium?
I'm looking for daily meetings as the preferred frequency and medium.
  [37mname=None, frequency=Daily, medium=Meeting, detail_level=None, stakeholder_type=None, priority_level=None, confidentiality=None, language=None, timezone=None[0m
We have several options for daily meetings: "Daily Standup" with detailed updates and another "Daily Standup" with summary updates. Which one do you prefer?
I prefer the "Daily Standup" with detailed updates.
  [37mname=Daily Standup, frequency=Daily, medium=Meeting, detail_level=Detailed, stakeholder_type=None, priority_level=None, confidentiality=None, language=None, timezone=None[0m
Great choice! The "Daily Standup" with detailed updates is confirmed.
Generating dialogues for data/DOTS/train/0154__training_modules__learning_methods__evaluation_criteria
Generating dialogues for data/DOTS/train/0012__deadlines__milestones__deliverables
Generating dialogues for data/DOTS/train/0162__ethical_guidelines__critical_thinking_frameworks__technological_innovations
Generating dialogues for data/DOTS/train/0079__recording_studios__mixing_techniques__album_tracks
Generating dialogues for data/DOTS/train/0132__project_themes__partnership_agreements__evaluation_indicators
Generating dialogues for data/DOTS/train/0124__screenplays__casting_options__shooting_schedules
Generating dialogues for data/DOTS/train/0198__development_strategies__leadership_frameworks__performance_goals
Generating dialogues for data/DOTS/train/0082__expedition_routes__survival_gear__team_members
Generating dialogues for data/DOTS/train/0145__storylines__narrative_pacing__collaborative_writing_tools
Generating dialogues for data/DOTS/train/0095__training_programs__behavior_correction_methods__reward_systems
Generating dialogues for data/DOTS/train/0164__logistics_routes__procurement_strategies__warehouse_management_systems
Generating dialogues for data/DOTS/train/0158__materials__production_techniques__fashion_trends
Generating dialogues for data/DOTS/train/0224__wardrobe_selections__stylistic_influences__accessory_pairings
Generating dialogues for data/DOTS/train/0015__songs__studio_space__session_musicians
Generating dialogues for data/DOTS/train/0201__produce_suppliers__gourmet_ingredients__seasonal_availability
Generating dialogues for data/DOTS/train/0078__planting_schedules__soil_types__irrigation_systems
Generating dialogues for data/DOTS/train/0240__alloys__eco-friendly_practices__strategic_pricing
Generating dialogues for data/DOTS/train/0251__story_arcs__branching_narratives__character_dialogues
Generating dialogues for data/DOTS/train/0002__construction_materials__construction_team__project_location
Generating dialogues for data/DOTS/train/0146__advocacy_techniques__legal_frameworks__awareness_campaigns
Generating dialogues for data/DOTS/train/0242__plant_arrangements__pest_control_methods__garden_sustainability_practices
Generating dialogues for data/DOTS/train/0157__engine_modifications__performance_parts__testing_procedures
Generating dialogues for data/DOTS/train/0099__research_areas__observational_tools__data_analysis_methods
Generating dialogues for data/DOTS/train/0238__scripts__character_development_arcs__dramatic_elements
Generating dialogues for data/DOTS/train/0113__monologues__accent_techniques__rehearsal_methods
Generating dialogues for data/DOTS/train/0195__creative_activities__therapeutic_techniques__emotional_expression_channels
Generating dialogues for data/DOTS/train/0051__wines__pairings__serving_styles
Generating dialogues for data/DOTS/train/0148__species_for_study__genetic_marking_techniques__data_analysis_models
Generating dialogues for data/DOTS/train/0128__artistic_movements__analysis_techniques__interpretative_frameworks
Generating dialogues for data/DOTS/train/0084__funding_applications__project_plans__impact_assessments
----------------------------------------------------------------------------------------------------
Hey, do you have any upcoming scholarships focused on community development?
  [37mname=None, type=scholarship, amount_min=None, amount_max=None, deadline_before=None, deadline_after=None, geographical_focus=None, sector_focus=community development, eligibility_criteria=None, funding_body=None, application_status=upcoming[0m
Yes, there's the Community Leadership Scholarship with a deadline of January 20, 2024. Would you like to know more about it?
Sure, what’s the funding amount for that scholarship?
  [37mname=Community Leadership Scholarship, type=scholarship, amount_min=None, amount_max=None, deadline_before=2024-01-20, deadline_after=None, geographical_focus=None, sector_focus=None, eligibility_criteria=None, funding_body=None, application_status=upcoming[0m
The funding amount for the Community Leadership Scholarship is $10,000.
That sounds perfect! What are the eligibility criteria?
  [37mname=Community Leadership Scholarship, type=scholarship, amount_min=10000, amount_max=10000, deadline_before=2024-01-20, deadline_after=None, geographical_focus=None, sector_focus=None, eligibility_criteria=None, funding_body=None, application_status=upcoming[0m
The eligibility criteria are college students. Does that work for you?
Yes, that works! Who's the funding body for this scholarship?
  [37mname=Community Leadership Scholarship, type=scholarship, amount_min=10000, amount_max=10000, deadline_before=2024-01-20, deadline_after=None, geographical_focus=None, sector_focus=None, eligibility_criteria=college students, funding_body=None, application_status=upcoming[0m
The funding body for the Community Leadership Scholarship is the Community Foundation.
Great! Is the application status currently open for this scholarship?
  [37mname=Community Leadership Scholarship, type=scholarship, amount_min=10000, amount_max=10000, deadline_before=2024-01-20, deadline_after=None, geographical_focus=None, sector_focus=None, eligibility_criteria=college students, funding_body=Community Foundation, application_status=open[0m
No, the application status is upcoming. Would you like to proceed with this one?
Yes, let's go ahead with the Community Leadership Scholarship!
  [37mname=Community Leadership Scholarship, type=scholarship, amount_min=10000, amount_max=10000, deadline_before=2024-01-20, deadline_after=None, geographical_focus=None, sector_focus=None, eligibility_criteria=college students, funding_body=Community Foundation, application_status=upcoming[0m
Awesome choice! I'll note that down for you.
----------------------------------------------------------------------------------------------------
Thanks! Now, do you have any project plans related to environmental protection?
  [37mname=None, scope=None, duration=None, collaborators=None, funding_required=None, priority_level=None, status=None, region=None, focus_area=Environmental Protection[0m
Yes, we have several project plans focused on environmental protection. What specific details are you looking for?
I'm interested in plans with a duration of around 36 months.
  [37mname=None, scope=None, duration=36, collaborators=None, funding_required=None, priority_level=None, status=None, region=None, focus_area=Environmental Protection[0m
We have two plans with a duration of 36 months: the Wildlife Conservation Program and the Forest Preservation Project. Would you like more details on either?
Can you tell me about the Wildlife Conservation Program?
  [37mname=Wildlife Conservation Program, scope=None, duration=36, collaborators=None, funding_required=None, priority_level=None, status=None, region=None, focus_area=Environmental Protection[0m
The Wildlife Conservation Program focuses on environmental protection, has 8 collaborators, requires $24,000 in funding, and is currently approved.
That sounds good, but I need at least 10 collaborators. What about the Forest Preservation Project?
  [37mname=None, scope=environmental protection, duration=36, collaborators=None, funding_required=None, priority_level=None, status=None, region=None, focus_area=None[0m
The Forest Preservation Project also focuses on environmental protection, has 10 collaborators, requires $25,000 in funding, and is currently approved. Would you like to proceed with this one?
Yes, let's go with the Forest Preservation Project!
  [37mname=Forest Preservation Project, scope=Environmental protection, duration=36, collaborators=10, funding_required=25000, priority_level=None, status=Approved, region=None, focus_area=Environmental protection[0m
Great choice! I'll note that down for the Forest Preservation Project.
----------------------------------------------------------------------------------------------------
Thanks! Now, can you help me find an Impact Assessment for wildlife habitat conservation?
  [37mname=None, methodology=None, stakeholders=None, timeline_start=None, timeline_end=None, geographical_scope=None, focus_area=wildlife habitat conservation, budget_range=None, data_sources=None, reporting_format=None[0m
Sure! Are you looking for a specific methodology or budget range for the wildlife habitat conservation assessment?
I prefer a mixed-methodology and a budget range of $18,000 to $22,000.
  [37mname=None, methodology=mixed-method, stakeholders=None, timeline_start=None, timeline_end=None, geographical_scope=None, focus_area=wildlife habitat conservation, budget_range=$18,000 to $22,000, data_sources=None, reporting_format=None[0m
The Rural Habitat Analysis fits your criteria with a mixed-methodology and a budget range of $18,000 to $22,000. Would you like to go with that?
Yes, let's go with the Rural Habitat Analysis!
  [37mname=Rural Habitat Analysis, methodology=mixed-method, stakeholders=None, timeline_start=None, timeline_end=None, geographical_scope=None, focus_area=wildlife habitat conservation, budget_range=$18,000 to $22,000, data_sources=None, reporting_format=None[0m
Awesome choice! I'll note that down for the Rural Habitat Analysis.
====================================================================================================
----------------------------------------------------------------------------------------------------
Hey, do you know of any fellowships available for individual researchers in the tech sector?
  [37mname=None, type=fellowship, amount_min=None, amount_max=None, deadline_before=None, deadline_after=None, geographical_focus=None, sector_focus=tech, eligibility_criteria=None, funding_body=None, application_status=None[0m
Yes, there's the Tech Development Fellowship with an amount of 50,000 dollars, and it's currently open. Would you like more details?
Yes, please share the deadline for the application.
  [37mname=Tech Development Fellowship, type=fellowship, amount_min=50000, amount_max=50000, deadline_before=None, deadline_after=None, geographical_focus=None, sector_focus=tech, eligibility_criteria=None, funding_body=None, application_status=open[0m
The deadline for the Tech Development Fellowship is July 10, 2024.
That sounds good! Is it focused on the USA?
  [37mname=Tech Development Fellowship, type=fellowship, amount_min=50000, amount_max=50000, deadline_before=2024-07-10, deadline_after=None, geographical_focus=USA, sector_focus=tech, eligibility_criteria=None, funding_body=None, application_status=open[0m
Yes, it has a geographical focus on the USA.
Great! Can you confirm if it's offered by Tech Forward?
  [37mname=Tech Development Fellowship, type=fellowship, amount_min=50000, amount_max=50000, deadline_before=2024-07-10, deadline_after=None, geographical_focus=USA, sector_focus=tech, eligibility_criteria=None, funding_body=Tech Forward, application_status=open[0m
Yes, it's offered by Tech Forward.
Perfect! Let's go ahead and apply for the Tech Development Fellowship then.
  [37mname=Tech Development Fellowship, type=fellowship, amount_min=50000, amount_max=50000, deadline_before=2024-07-10, deadline_after=None, geographical_focus=USA, sector_focus=tech, eligibility_criteria=None, funding_body=Tech Forward, application_status=open[0m
Awesome choice! Good luck with the application for the Tech Development Fellowship!
----------------------------------------------------------------------------------------------------
Thanks! Now, could you help me find project plans focused on protecting endangered species?
  [37mname=None, scope=None, duration=None, collaborators=None, funding_required=None, priority_level=None, status=None, region=USA, focus_area=Protecting Endangered Species[0m
Sure! Are you looking for specific details like funding amount or duration for those project plans?
Yes, I need project plans with a duration of 36 months and funding required of around $125,000.
  [37mname=None, scope=None, duration=36, collaborators=None, funding_required=125000.0, priority_level=None, status=None, region=None, focus_area=Protecting Endangered Species[0m
The "Wildlife Conservation Project" fits your criteria with a duration of 36 months and funding of $120,000. Would you like to consider it?
That sounds promising! What's the status of the "Wildlife Conservation Project"?
  [37mname=Wildlife Conservation Project, scope=None, duration=36, collaborators=None, funding_required=120000, priority_level=None, status=None, region=None, focus_area=Endangered Species[0m
The "Wildlife Conservation Project" is currently approved.
Awesome! Can you tell me how many collaborators are involved in that project?
  [37mname=Wildlife Conservation Project, scope=None, duration=36, collaborators=None, funding_required=120000, priority_level=None, status=Approved, region=USA, focus_area=Protecting Endangered Species[0m
There are 8 collaborators involved in the "Wildlife Conservation Project."
That's close, but I need at least 10 collaborators. Do you have any other options?
  [37mname=None, scope=None, duration=36, collaborators=10, funding_required=125000.0, priority_level=None, status=None, region=None, focus_area=Protecting Endangered Species[0m
Yes, there's the "Habitat Restoration Project" with 10 collaborators, a duration of 36 months, and funding of $125,000. Would you like to consider that?
Yes, I’d like to know the status of the "Habitat Restoration Project."
  [37mname=Habitat Restoration Project, scope=None, duration=36, collaborators=10, funding_required=125000, priority_level=None, status=Approved, region=None, focus_area=Endangered Species[0m
The "Habitat Restoration Project" is currently approved.
Perfect! Let's go ahead and choose the "Habitat Restoration Project."
  [37mname=Habitat Restoration Project, scope=None, duration=36, collaborators=10, funding_required=125000, priority_level=None, status=Approved, region=USA, focus_area=Protecting Endangered Species[0m
Great choice! Let's move forward with the "Habitat Restoration Project."
----------------------------------------------------------------------------------------------------
Thanks! Now, could you help me find impact assessments focused on coral conservation?
  [37mname=None, methodology=None, stakeholders=None, timeline_start=None, timeline_end=None, geographical_scope=None, focus_area=coral conservation, budget_range=None, data_sources=None, reporting_format=None[0m
Sure! Are you looking for any specific details like methodology or budget range for those impact assessments?
Yes, I'm specifically looking for qualitative methodology.
  [37mname=None, methodology=qualitative, stakeholders=None, timeline_start=None, timeline_end=None, geographical_scope=None, focus_area=coral conservation, budget_range=None, data_sources=None, reporting_format=None[0m
I found two options: "Coral Health Monitoring" and "Coral Reef Rehabilitation," both using qualitative methodology. Would you like more details on either?
Can you tell me the geographical scope for both options?
  [37mname=None, methodology=qualitative, stakeholders=None, timeline_start=None, timeline_end=None, geographical_scope=None, focus_area=coral conservation, budget_range=None, data_sources=None, reporting_format=None[0m
"Coral Health Monitoring" is focused on the Great Barrier Reef, while "Coral Reef Rehabilitation" is also in the Great Barrier Reef.
Great! Are both options available within my timeline from April 2024 to April 2026?
  [37mname=None, methodology=qualitative, stakeholders=None, timeline_start=2024-04-01, timeline_end=2026-04-01, geographical_scope=Great Barrier Reef, focus_area=coral conservation, budget_range=None, data_sources=None, reporting_format=None[0m
Yes, both options fit within your timeline from April 2024 to April 2026.
Awesome! What about the reporting formats for each option?
  [37mname=None, methodology=qualitative, stakeholders=None, timeline_start=2024-04-01, timeline_end=2026-04-01, geographical_scope=Great Barrier Reef, focus_area=coral conservation, budget_range=None, data_sources=None, reporting_format=None[0m
"Coral Health Monitoring" is in Word format, and "Coral Reef Rehabilitation" is in Presentation format.
I prefer the Word format. So, let's go with "Coral Health Monitoring."
  [37mname=Coral Health Monitoring, methodology=qualitative, stakeholders=None, timeline_start=2024-04-01, timeline_end=2026-04-01, geographical_scope=Great Barrier Reef, focus_area=coral conservation, budget_range=None, data_sources=None, reporting_format=Word[0m
Excellent choice! Let's proceed with the "Coral Health Monitoring" impact assessment.
====================================================================================================
----------------------------------------------------------------------------------------------------
Hey, do you know if there are any fellowships available for artists with a funding amount of exactly $30,000?
  [37mname=None, type=fellowship, amount_min=30000, amount_max=30000, deadline_before=None, deadline_after=None, geographical_focus=None, sector_focus=None, eligibility_criteria=None, funding_body=None, application_status=None[0m
Yes, there's the Art Fellowship with a funding amount of $30,000, but it's currently closed. Would you like to explore other options?
Can you tell me if there are any upcoming fellowships that focus on the arts?
  [37mname=None, type=fellowship, amount_min=30000, amount_max=30000, deadline_before=None, deadline_after=None, geographical_focus=None, sector_focus=arts, eligibility_criteria=None, funding_body=None, application_status=upcoming[0m
There are no upcoming fellowships specifically for the arts at the moment. Would you like to look at grants or scholarships instead?
Let's stick with fellowships for now; do you know if there are any that focus on international artists?
  [37mname=None, type=fellowship, amount_min=30000, amount_max=30000, deadline_before=None, deadline_after=None, geographical_focus=international, sector_focus=arts, eligibility_criteria=None, funding_body=None, application_status=closed[0m
Yes, there's the Cultural Exchange Fellowship for international artists, but it's currently closed. Would you like to look at other types of funding?
How about any fellowships that might have a more flexible funding amount?
  [37mname=None, type=fellowship, amount_min=None, amount_max=None, deadline_before=None, deadline_after=None, geographical_focus=international, sector_focus=arts, eligibility_criteria=None, funding_body=None, application_status=closed[0m
Unfortunately, all fellowships listed have fixed amounts. Would you like to consider grants or scholarships with more flexibility?
Okay, let's check out grants then; any that support international artists in the arts sector?
  [37mname=None, type=fellowship, amount_min=None, amount_max=None, deadline_before=None, deadline_after=None, geographical_focus=international, sector_focus=arts, eligibility_criteria=None, funding_body=None, application_status=closed[0m
The Cultural Exchange Grant supports international artists in the arts sector and is currently open. Would you like to know more about it?
Yes, please share more details about the Cultural Exchange Grant!
  [37mname=None, type=fellowship, amount_min=None, amount_max=None, deadline_before=None, deadline_after=None, geographical_focus=international, sector_focus=arts, eligibility_criteria=None, funding_body=None, application_status=closed[0m
The Cultural Exchange Grant offers $20,000, has a deadline of October 15, 2023, and is provided by the Cultural Association. Would you like to apply for it?
It's a bit below our funding needs; can you check if there are any grants for $30,000 instead?
  [37mname=None, type=fellowship, amount_min=30000, amount_max=30000, deadline_before=None, deadline_after=None, geographical_focus=international, sector_focus=arts, eligibility_criteria=None, funding_body=None, application_status=closed[0m
The only grant for $30,000 is the Environmental Grant, but it focuses on the environment, not arts. Would you like to consider it or look for something else?
Let's keep searching for arts-related funding; any other grants available?
  [37mname=None, type=fellowship, amount_min=None, amount_max=None, deadline_before=None, deadline_after=None, geographical_focus=international, sector_focus=arts, eligibility_criteria=None, funding_body=None, application_status=closed[0m
There's the Innovation Grant for $60,000 in the technology sector, but it's not arts-related. Would you like to explore that or keep looking for arts-focused options?
Let's stick to arts-focused options; are there any other fellowships that might fit?
  [37mname=None, type=fellowship, amount_min=None, amount_max=None, deadline_before=None, deadline_after=None, geographical_focus=international, sector_focus=arts, eligibility_criteria=None, funding_body=None, application_status=closed[0m
Unfortunately, there are no other fellowships available right now that fit your criteria. Would you like to consider scholarships instead?
Sure, are there any scholarships available for international artists in the arts sector?
  [37mname=None, type=fellowship, amount_min=None, amount_max=None, deadline_before=None, deadline_after=None, geographical_focus=international, sector_focus=arts, eligibility_criteria=None, funding_body=None, application_status=closed[0m
There are no scholarships specifically for international artists in the arts sector at the moment. Would you like to explore other funding options?
Let's broaden the search; are there any general funding opportunities for artists?
  [37mname=None, type=fellowship, amount_min=None, amount_max=None, deadline_before=None, deadline_after=None, geographical_focus=international, sector_focus=arts, eligibility_criteria=None, funding_body=None, application_status=closed[0m
The Cultural Exchange Grant is open for artists, and the Environmental Protection Award also supports non-profits, but it's more general. Would you like to know more about either?
Let's focus on the Cultural Exchange Grant; what are the details?
  [37mname=None, type=fellowship, amount_min=None, amount_max=None, deadline_before=None, deadline_after=None, geographical_focus=international, sector_focus=arts, eligibility_criteria=None, funding_body=None, application_status=closed[0m
The Cultural Exchange Grant offers $20,000, has a deadline of October 15, 2023, and is provided by the Cultural Association. Would you like to apply for it?
Yes, let's apply for the Cultural Exchange Grant!
  [37mname=Cultural Exchange Grant, type=grant, amount_min=20000, amount_max=20000, deadline_before=2023-10-15, deadline_after=None, geographical_focus=None, sector_focus=arts, eligibility_criteria=None, funding_body=Cultural Association, application_status=open[0m
Great choice! I'll help you with the application process for the Cultural Exchange Grant. Let's get started!
----------------------------------------------------------------------------------------------------
Awesome, thanks! Can you help me find any approved project plans in Europe focusing on interactive media?
  [37mname=None, scope=None, duration=None, collaborators=None, funding_required=None, priority_level=None, status=None, region=Europe, focus_area=Interactive Media[0m
Yes, there's the "Digital Storytelling" project plan, which focuses on interactive media, is approved, and based in Europe. Would you like more details on it?
Yes, please share the details of the "Digital Storytelling" project plan!
  [37mname=Digital Storytelling, scope=None, duration=None, collaborators=None, funding_required=None, priority_level=None, status=Approved, region=Europe, focus_area=Interactive Media[0m
The "Digital Storytelling" project plan has a duration of 12 months, involves 2 collaborators, requires $17,000 in funding, and focuses on digital media. Interested in pursuing this one?
That sounds great! Let's pursue the "Digital Storytelling" project plan!
  [37mname=Digital Storytelling, scope=None, duration=12, collaborators=2, funding_required=17000, priority_level=None, status=Approved, region=Europe, focus_area=Digital Media[0m
Fantastic choice! I'll assist you with the next steps for the "Digital Storytelling" project plan. Let's get started!
----------------------------------------------------------------------------------------------------
Great! While we’re at it, could you help me find suitable Impact Assessments focused on education in Germany?
  [37mname=None, methodology=None, stakeholders=None, timeline_start=None, timeline_end=None, geographical_scope=Germany, focus_area=education, budget_range=None, data_sources=None, reporting_format=None[0m
Sure! There are two Impact Assessments focused on education in Germany: "Technology in Education" and "Digital Learning." Would you like details on either of them?
Can you tell me more about the "Technology in Education" Impact Assessment?
  [37mname=Technology in Education, methodology=None, stakeholders=None, timeline_start=None, timeline_end=None, geographical_scope=Germany, focus_area=education, budget_range=None, data_sources=None, reporting_format=None[0m
The "Technology in Education Impact Assessment" uses qualitative methodology, involves educators and researchers, runs from January 15 to July 15, 2023, and has a budget range of $20,000 - $25,000. Interested in this one?
It doesn't quite fit my budget range; can you share details about the "Digital Learning" Impact Assessment instead?
  [37mname=Digital Learning, methodology=None, stakeholders=None, timeline_start=None, timeline_end=None, geographical_scope=Germany, focus_area=education, budget_range=None, data_sources=None, reporting_format=None[0m
The "Digital Learning Impact Assessment" uses quantitative methodology, involves educators and policymakers, runs from February 1 to August 1, 2023, and has a budget range of $25,000 - $30,000. Does this one work for you?
Yes, that fits perfectly! Let's go with the "Digital Learning" Impact Assessment!
  [37mname=Digital Learning, methodology=quantitative, stakeholders=educators and policymakers, timeline_start=2023-02-01, timeline_end=2023-08-01, geographical_scope=Germany, focus_area=education, budget_range=$25,000 - $30,000, data_sources=None, reporting_format=None[0m
Excellent choice! I'll help you with the next steps for the "Digital Learning Impact Assessment." Let's get started!
====================================================================================================
----------------------------------------------------------------------------------------------------
Hey, can you help me find an award funding application for education?
  [37mname=None, type=award, amount_min=None, amount_max=None, deadline_before=None, deadline_after=None, geographical_focus=None, sector_focus=education, eligibility_criteria=None, funding_body=None, application_status=None[0m
Sure! Are you looking for a specific amount or deadline for the award?
Yes, I need it to be exactly $8,000 and the deadline should be before February 25, 2024.
  [37mname=None, type=award, amount_min=8000, amount_max=8000, deadline_before=2024-02-25, deadline_after=None, geographical_focus=None, sector_focus=None, eligibility_criteria=None, funding_body=None, application_status=None[0m
The only option that fits is the "Leadership Development Award," but it's already closed. Do you want to consider other types or amounts?
Hmm, I really want to stick with the award type and the $8,000 amount for now.
  [37mname=None, type=award, amount_min=8000, amount_max=8000, deadline_before=2024-02-25, deadline_after=None, geographical_focus=None, sector_focus=None, eligibility_criteria=None, funding_body=None, application_status=closed[0m
Got it! Unfortunately, there are no other awards for exactly $8,000. Would you like to explore grants instead?
Alright, let's consider grants if there are no more awards available.
  [37mname=None, type=grant, amount_min=8000, amount_max=8000, deadline_before=2024-02-25, deadline_after=None, geographical_focus=None, sector_focus=None, eligibility_criteria=None, funding_body=None, application_status=None[0m
Great! Are you looking for a specific amount or deadline for the grants?
I'd prefer grants around $8,000 and still looking for a deadline before February 25, 2024.
  [37mname=None, type=grant, amount_min=8000, amount_max=8000, deadline_before=2024-02-25, deadline_after=None, geographical_focus=None, sector_focus=None, eligibility_criteria=None, funding_body=None, application_status=None[0m
The closest option is the "Youth Leadership Grant" for $12,000, but it's open. Would you like to consider that?
I’d rather not go over $8,000. Can you find any grants that fit my exact amount?
  [37mname=None, type=grant, amount_min=8000, amount_max=8000, deadline_before=2024-02-25, deadline_after=None, geographical_focus=None, sector_focus=None, eligibility_criteria=None, funding_body=None, application_status=None[0m
There are no grants for exactly $8,000. Would you like to adjust your amount or consider different funding types?
Okay, let's adjust the amount to see if we can find something around $10,000 instead.
  [37mname=None, type=grant, amount_min=10000, amount_max=None, deadline_before=2024-02-25, deadline_after=None, geographical_focus=None, sector_focus=None, eligibility_criteria=None, funding_body=None, application_status=None[0m
The "Community Leadership Scholarship" for $10,000 is upcoming with a deadline of January 20, 2024. Does that work for you?
Yes, that sounds good! Let's go with the "Community Leadership Scholarship."
  [37mname=Community Leadership Scholarship, type=scholarship, amount_min=10000, amount_max=10000, deadline_before=2024-01-20, deadline_after=None, geographical_focus=None, sector_focus=None, eligibility_criteria=None, funding_body=None, application_status=upcoming[0m
Perfect choice! I'll note the "Community Leadership Scholarship" for you.
----------------------------------------------------------------------------------------------------
Thanks! Now, can you help me find a project plan for the "Art and Healing Program"?
  [37mname=Art and Healing Program, scope=None, duration=None, collaborators=None, funding_required=None, priority_level=None, status=None, region=None, focus_area=None[0m
Sure! Are you looking for specific details about the "Art and Healing Program," like funding or collaborators?
Yes, I need it to have 5 collaborators and require $9,000 in funding.
  [37mname=Art and Healing Program, scope=None, duration=None, collaborators=5, funding_required=9000, priority_level=None, status=None, region=None, focus_area=None[0m
The "Art and Healing Program" matches your criteria perfectly with 5 collaborators and $9,000 in funding. Would you like to proceed with this project plan?
Yes, let's proceed with the "Art and Healing Program"!
  [37mname=Art and Healing Program, scope=None, duration=None, collaborators=5, funding_required=9000, priority_level=None, status=None, region=None, focus_area=None[0m
Great choice! I'll note the "Art and Healing Program" for you.
----------------------------------------------------------------------------------------------------
Thanks! Now, can you help me find an Impact Assessment for elder care?
  [37mname=None, methodology=None, stakeholders=None, timeline_start=None, timeline_end=None, geographical_scope=None, focus_area=elder care, budget_range=None, data_sources=None, reporting_format=None[0m
Sure! Are you looking for a specific budget range or timeline for the elder care Impact Assessment?
Yes, I need it to be between $8,000 and $9,000 and to start by June 1, 2023.
  [37mname=None, methodology=None, stakeholders=None, timeline_start=2023-06-01, timeline_end=None, geographical_scope=None, focus_area=elder care, budget_range=$8,000 - $9,000, data_sources=None, reporting_format=None[0m
The "Elder Care Program Assessment" fits your criteria with a budget of $8,000 to $9,000 and starting on June 1, 2023. Does that work for you?
Yes, that works perfectly! Let's go with the "Elder Care Program Assessment."
  [37mname=Elder Care Program Assessment, methodology=None, stakeholders=None, timeline_start=2023-06-01, timeline_end=None, geographical_scope=None, focus_area=elder care, budget_range=$8,000 - $9,000, data_sources=None, reporting_format=None[0m
Awesome choice! I'll note the "Elder Care Program Assessment" for you.
====================================================================================================
----------------------------------------------------------------------------------------------------
Hey, can you help me find a grant for environmental projects?
  [37mname=None, type=grant, amount_min=None, amount_max=None, deadline_before=None, deadline_after=None, geographical_focus=None, sector_focus=environmental, eligibility_criteria=None, funding_body=None, application_status=None[0m
Sure! What specific amount are you looking for?
I'm looking for exactly $45,000.
  [37mname=None, type=grant, amount_min=45000, amount_max=45000, deadline_before=None, deadline_after=None, geographical_focus=None, sector_focus=None, eligibility_criteria=None, funding_body=None, application_status=None[0m
I don't have a grant for exactly that amount, but I do have a $50,000 option. Would that work?
Hmm, I really want to stick to $45,000 if possible. Any grants closer to that?
  [37mname=None, type=grant, amount_min=45000, amount_max=None, deadline_before=None, deadline_after=None, geographical_focus=None, sector_focus=None, eligibility_criteria=None, funding_body=None, application_status=None[0m
The closest option is the Climate Action Grant for $45,000. Would you like to know more about it?
Yes, please tell me more about the Climate Action Grant!
  [37mname=Climate Action Grant, type=grant, amount_min=45000, amount_max=45000, deadline_before=None, deadline_after=None, geographical_focus=None, sector_focus=None, eligibility_criteria=None, funding_body=None, application_status=None[0m
The Climate Action Grant offers $45,000, has a deadline of November 15, 2023, and focuses on environmental projects for non-profit organizations.
That sounds perfect! Is it currently open for applications?
  [37mname=Climate Action Grant, type=grant, amount_min=45000, amount_max=45000, deadline_before=2023-11-15, deadline_after=None, geographical_focus=None, sector_focus=environmental projects, eligibility_criteria=None, funding_body=None, application_status=open[0m
Yes, the Climate Action Grant is currently open for applications! Would you like to proceed with this option?
Yes, let's go ahead with the Climate Action Grant!
  [37mname=Climate Action Grant, type=grant, amount_min=45000, amount_max=45000, deadline_before=2023-11-15, deadline_after=None, geographical_focus=None, sector_focus=environmental projects, eligibility_criteria=None, funding_body=None, application_status=open[0m
Great choice! I'll note that you're going for the Climate Action Grant. Good luck with your application!
----------------------------------------------------------------------------------------------------
Thanks! Now, can you help me find project plans focused on water conservation?
  [37mname=None, scope=None, duration=None, collaborators=None, funding_required=45000, priority_level=None, status=None, region=None, focus_area=Water Conservation[0m
Sure! Are you looking for any specific duration or funding amount for those project plans?
I'm thinking of a project that lasts around 16 months.
  [37mname=None, scope=None, duration=16, collaborators=None, funding_required=None, priority_level=None, status=None, region=None, focus_area=Water Conservation[0m
I have a project plan called "Water Conservation Techniques" that lasts 16 months. Would you like to hear more about it?
Yes, definitely! What are the details of that project plan?
  [37mname=Water Conservation Techniques, scope=None, duration=16, collaborators=None, funding_required=None, priority_level=None, status=None, region=None, focus_area=Water Conservation[0m
The "Water Conservation Techniques" project involves educating farmers on water conservation, requires $37,000, has 8 collaborators, and is currently approved.
That sounds like a great fit! Can we proceed with the "Water Conservation Techniques" project plan?
  [37mname=Water Conservation Techniques, scope=None, duration=16, collaborators=8, funding_required=37000, priority_level=None, status=Approved, region=None, focus_area=Water Conservation[0m
Absolutely! I'll note that you're going with the "Water Conservation Techniques" project plan. Good luck with it!
----------------------------------------------------------------------------------------------------
Thanks! Now, can you help me find an Impact Assessment for water conservation?
  [37mname=None, methodology=None, stakeholders=None, timeline_start=None, timeline_end=None, geographical_scope=None, focus_area=water conservation, budget_range=None, data_sources=None, reporting_format=None[0m
Sure! What specific characteristics are you looking for in the Impact Assessment?
I'm looking for a qualitative Impact Assessment focused on water conservation.
  [37mname=None, methodology=qualitative, stakeholders=None, timeline_start=None, timeline_end=None, geographical_scope=None, focus_area=water conservation, budget_range=None, data_sources=None, reporting_format=None[0m
I have a qualitative Impact Assessment called "Sustainable Water Use Assessment" that focuses on water conservation. Would you like more details?
Yes, please share more details about the "Sustainable Water Use Assessment."
  [37mname=Sustainable Water Use Assessment, methodology=qualitative, stakeholders=None, timeline_start=None, timeline_end=None, geographical_scope=None, focus_area=water conservation, budget_range=None, data_sources=None, reporting_format=None[0m
The "Sustainable Water Use Assessment" involves environmental NGOs and farmers, runs from April 2023 to August 2024, has a budget range of $35,000 to $40,000, and reports in Word format. Would you like to proceed with this assessment?
Yes, let's proceed with the "Sustainable Water Use Assessment"!
  [37mname=Sustainable Water Use Assessment, methodology=qualitative, stakeholders=environmental NGOs and farmers, timeline_start=2023-04-01, timeline_end=2024-08-31, geographical_scope=None, focus_area=water conservation, budget_range=$35,000 to $40,000, data_sources=None, reporting_format=Word[0m
Great choice! I'll note that you're going for the "Sustainable Water Use Assessment." Good luck with it!
====================================================================================================
----------------------------------------------------------------------------------------------------
Hey, do you know any grants available for tech startups in Europe?
  [37mname=None, type=grant, amount_min=None, amount_max=None, deadline_before=None, deadline_after=None, geographical_focus=Europe, sector_focus=tech, eligibility_criteria=None, funding_body=None, application_status=None[0m
Yes, I found a few grants for tech startups in Europe. What amount are you looking for?
I'm looking for a grant of exactly 65,000 euros.
  [37mname=None, type=grant, amount_min=65000, amount_max=65000, deadline_before=None, deadline_after=None, geographical_focus=Europe, sector_focus=None, eligibility_criteria=None, funding_body=None, application_status=None[0m
There's the European Innovation Fund for 65,000 euros; it's open for applications. Would you like more details?
Yes, please share more details about the European Innovation Fund.
  [37mname=European Innovation Fund, type=grant, amount_min=65000, amount_max=65000, deadline_before=None, deadline_after=None, geographical_focus=Europe, sector_focus=tech startups, eligibility_criteria=None, funding_body=None, application_status=open[0m
It's a grant with a deadline of June 15, 2024, focused on tech startups in Europe, provided by Innovation Europe.
That sounds perfect! Can you confirm if there are any specific eligibility criteria?
  [37mname=European Innovation Fund, type=grant, amount_min=65000, amount_max=65000, deadline_before=2024-06-15, deadline_after=None, geographical_focus=Europe, sector_focus=tech startups, eligibility_criteria=None, funding_body=Innovation Europe, application_status=open[0m
Yes, the eligibility criteria are for tech startups. Would you like to proceed with this application?
Yes, let's proceed with the application for the European Innovation Fund!
  [37mname=European Innovation Fund, type=grant, amount_min=65000, amount_max=65000, deadline_before=2024-06-15, deadline_after=None, geographical_focus=Europe, sector_focus=tech startups, eligibility_criteria=for tech startups, funding_body=Innovation Europe, application_status=open[0m
Great choice! I'll help you with the application process for the European Innovation Fund.
----------------------------------------------------------------------------------------------------
Thanks! By the way, do you have any project plans that focus on sustainability?
  [37mname=None, scope=None, duration=None, collaborators=None, funding_required=65000.0, priority_level=None, status=None, region=Europe, focus_area=Tech Startups[0m
Yes, I have several project plans focusing on sustainability. What specific aspects of sustainability are you interested in?
I'm particularly interested in projects with a medium priority level and a duration of around 10 months.
  [37mname=None, scope=None, duration=10, collaborators=None, funding_required=None, priority_level=Medium, status=None, region=None, focus_area=None[0m
I found two projects that fit your criteria: "Food Waste Reduction" and "Food Waste Reduction Initiative." Would you like to know more about either?
Tell me more about the "Food Waste Reduction Initiative."
  [37mname=Food Waste Reduction Initiative, scope=None, duration=10, collaborators=None, funding_required=None, priority_level=Medium, status=None, region=None, focus_area=Sustainability[0m
The "Food Waste Reduction Initiative" has a duration of 10 months, requires 30,000 euros, and focuses on sustainability. Would you like to proceed with this project?
Yes, let's proceed with the "Food Waste Reduction Initiative" project!
  [37mname=Food Waste Reduction Initiative, scope=None, duration=10, collaborators=None, funding_required=30000, priority_level=Medium, status=None, region=None, focus_area=Sustainability[0m
Awesome choice! I'll assist you with the next steps for the "Food Waste Reduction Initiative."
----------------------------------------------------------------------------------------------------
Thanks! Now, could you help me find an Impact Assessment that uses a mixed-method approach?
  [37mname=None, methodology=mixed-method, stakeholders=None, timeline_start=None, timeline_end=None, geographical_scope=None, focus_area=None, budget_range=None, data_sources=None, reporting_format=None[0m
Sure! I have a few options. Are there any specific focus areas or timelines you're interested in?
Yes, I'm focusing on urban development with a timeline from January 1 to October 31, 2023.
  [37mname=None, methodology=mixed-method, stakeholders=None, timeline_start=2023-01-01, timeline_end=2023-10-31, geographical_scope=None, focus_area=urban development, budget_range=None, data_sources=None, reporting_format=None[0m
I found the "Community Parks Assessment" which matches your criteria perfectly. Would you like to proceed with this Impact Assessment?
Yes, let's proceed with the "Community Parks Assessment"!
  [37mname=Community Parks Assessment, methodology=mixed-method, stakeholders=None, timeline_start=2023-01-01, timeline_end=2023-10-31, geographical_scope=None, focus_area=urban development, budget_range=None, data_sources=None, reporting_format=None[0m
Great choice! I'll help you move forward with the "Community Parks Assessment."
====================================================================================================
----------------------------------------------------------------------------------------------------
Hey, do you know of any grants specifically for emerging artists in North America?
  [37mname=None, type=grant, amount_min=None, amount_max=None, deadline_before=None, deadline_after=None, geographical_focus=North America, sector_focus=emerging artists, eligibility_criteria=None, funding_body=None, application_status=None[0m
Yes, there's the Art Grant and the Art Fellowship, both for emerging artists in North America. Would you like details on either?
Can you tell me more about the Art Grant?
  [37mname=Art Grant, type=grant, amount_min=None, amount_max=None, deadline_before=None, deadline_after=None, geographical_focus=North America, sector_focus=emerging artists, eligibility_criteria=None, funding_body=None, application_status=None[0m
The Art Grant offers $25,000, has a deadline of December 15, 2023, and is open for emerging artists. Interested in applying?
Yes, that sounds perfect! Let's go ahead with the Art Grant application.
  [37mname=Art Grant, type=grant, amount_min=25000, amount_max=25000, deadline_before=2023-12-15, deadline_after=None, geographical_focus=North America, sector_focus=emerging artists, eligibility_criteria=emerging artists, funding_body=None, application_status=open[0m
Great choice! I'll help you with the application for the Art Grant. Let's get started on the details!
----------------------------------------------------------------------------------------------------
Thanks! By the way, can you help me find project plans for in-school workshops?
  [37mname=None, scope=in-school workshops, duration=None, collaborators=None, funding_required=None, priority_level=None, status=None, region=North America, focus_area=None[0m
Sure! We have two project plans for in-school workshops: one with 12 months duration and funding of $21,000, and another with 12 months and $22,000. Which one interests you?
I’m interested in the one with 12 months and $21,000. What’s its status?
  [37mname=None, scope=None, duration=12, collaborators=None, funding_required=21000, priority_level=None, status=None, region=None, focus_area=In-school workshops[0m
The project plan for the in-school workshops with $21,000 funding is currently in "Submitted" status. Would you like to proceed with this one?
Yes, let’s proceed with the project plan that’s in "Submitted" status!
  [37mname=None, scope=None, duration=12, collaborators=None, funding_required=21000, priority_level=None, status=Submitted, region=None, focus_area=In-school workshops[0m
Awesome! We'll move forward with the in-school workshops project plan that's in "Submitted" status.
----------------------------------------------------------------------------------------------------
Thanks! Now, can you help me find any suitable Impact Assessments focused on Youth Development?
  [37mname=None, methodology=None, stakeholders=None, timeline_start=None, timeline_end=None, geographical_scope=None, focus_area=Youth Development, budget_range=None, data_sources=None, reporting_format=None[0m
Absolutely! We have three Impact Assessments focused on Youth Development. Would you like to know their details?
Yes, please share the details of those Impact Assessments!
  [37mname=None, methodology=None, stakeholders=None, timeline_start=None, timeline_end=None, geographical_scope=None, focus_area=Youth Development, budget_range=None, data_sources=None, reporting_format=None[0m
Here are the three Impact Assessments for Youth Development:

1. **Youth Engagement Assessment - Pilot**: Quantitative, $7,000 - $10,000 budget, timeline from July 2023 to June 2024.
2. **Community Youth Engagement Analysis**: Qualitative, $9,000 - $13,000 budget, timeline from June 2023 to May 2024.
3. **Youth Development Impact Study**: Mixed-method, $10,000 - $15,000 budget, timeline from August 2023 to July 2024.

Which one interests you?
I'm interested in the Youth Engagement Assessment - Pilot. Can we proceed with that?
  [37mname=Youth Engagement Assessment - Pilot, methodology=quantitative, stakeholders=None, timeline_start=2023-07-01, timeline_end=2024-06-30, geographical_scope=None, focus_area=Youth Development, budget_range=$7,000 - $10,000, data_sources=None, reporting_format=None[0m
Great choice! Let's proceed with the Youth Engagement Assessment - Pilot.
====================================================================================================
----------------------------------------------------------------------------------------------------
Hey, do you know of any fellowships available for individual researchers in the tech sector?
  [37mname=None, type=fellowship, amount_min=None, amount_max=None, deadline_before=None, deadline_after=None, geographical_focus=None, sector_focus=tech, eligibility_criteria=None, funding_body=None, application_status=None[0m
Yes, there's the Tech Development Fellowship with an amount of $50,000 and a deadline of July 10, 2024. Would you like more details?
That sounds promising! Can you tell me if it's open for applications?
  [37mname=Tech Development Fellowship, type=fellowship, amount_min=50000, amount_max=50000, deadline_before=2024-07-10, deadline_after=None, geographical_focus=None, sector_focus=tech, eligibility_criteria=None, funding_body=None, application_status=open[0m
Yes, the Tech Development Fellowship is currently open for applications. Would you like to apply for it?
Yes, let's go ahead and apply for the Tech Development Fellowship!
  [37mname=Tech Development Fellowship, type=fellowship, amount_min=50000, amount_max=50000, deadline_before=2024-07-10, deadline_after=None, geographical_focus=None, sector_focus=tech, eligibility_criteria=None, funding_body=None, application_status=open[0m
Great choice! I’ll help you with the application details. Let's get started!
----------------------------------------------------------------------------------------------------
Thanks! Also, can you help me find some approved project plans focused on social initiatives?
  [37mname=None, scope=None, duration=None, collaborators=None, funding_required=None, priority_level=None, status=Approved, region=None, focus_area=Social Initiatives[0m
Sure! How about the "Youth Empowerment Program" or "Senior Support Services"? Would you like more details on either?
I’m interested in the "Youth Empowerment Program." What can you tell me about it?
  [37mname=Youth Empowerment Program, scope=None, duration=None, collaborators=None, funding_required=None, priority_level=None, status=Approved, region=None, focus_area=None[0m
The "Youth Empowerment Program" is a social initiative lasting 10 months, requires $20,000 in funding, and has 6 collaborators. It's currently approved and focuses on youth development. Would you like to proceed with this project plan?
Yes, let's proceed with the "Youth Empowerment Program"!
  [37mname=Youth Empowerment Program, scope=None, duration=10, collaborators=6, funding_required=20000, priority_level=None, status=Approved, region=None, focus_area=Youth Development[0m
Awesome choice! I’ll help you finalize the details for the "Youth Empowerment Program."
----------------------------------------------------------------------------------------------------
Thanks! Also, can you help me find a suitable Impact Assessment focusing on mental health?
  [37mname=None, methodology=None, stakeholders=None, timeline_start=None, timeline_end=None, geographical_scope=None, focus_area=mental health, budget_range=None, data_sources=None, reporting_format=None[0m
Sure! We have the "Mental Health Awareness Program" and the "Youth Mental Health Initiative." Which one interests you more?
I'm more interested in the "Youth Mental Health Initiative." What details do you have on that?
  [37mname=Youth Mental Health Initiative, methodology=None, stakeholders=None, timeline_start=None, timeline_end=None, geographical_scope=None, focus_area=mental health, budget_range=None, data_sources=None, reporting_format=None[0m
The "Youth Mental Health Initiative" focuses on mental health, runs from January 1, 2023, to December 31, 2023, has a budget range of $10,000 to $20,000, and uses primary data sources. Would you like to proceed with this Impact Assessment?
That sounds good, but can you confirm the methodology used for the assessment?
  [37mname=Youth Mental Health Initiative, methodology=None, stakeholders=None, timeline_start=2023-01-01, timeline_end=2023-12-31, geographical_scope=None, focus_area=mental health, budget_range=$10,000 to $20,000, data_sources=primary, reporting_format=None[0m
The methodology for the "Youth Mental Health Initiative" is qualitative. Would you like to proceed with it?
Yes, let's proceed with the "Youth Mental Health Initiative"!
  [37mname=Youth Mental Health Initiative, methodology=qualitative, stakeholders=None, timeline_start=2023-01-01, timeline_end=2023-12-31, geographical_scope=None, focus_area=mental health, budget_range=$10,000 to $20,000, data_sources=primary, reporting_format=None[0m
Great choice! I’ll help you finalize the details for the "Youth Mental Health Initiative."
====================================================================================================
----------------------------------------------------------------------------------------------------
Hey, can you help me find a grant for $20,000 focused on local development?
  [37mname=None, type=grant, amount_min=20000, amount_max=20000, deadline_before=None, deadline_after=None, geographical_focus=local development, sector_focus=None, eligibility_criteria=None, funding_body=None, application_status=None[0m
Sure! Are you looking for an upcoming application or one that's currently open?
I'm actually looking for a closed application.
  [37mname=None, type=grant, amount_min=20000, amount_max=20000, deadline_before=None, deadline_after=None, geographical_focus=local development, sector_focus=None, eligibility_criteria=None, funding_body=None, application_status=closed[0m
The only closed application for local development is the "Local Development Grant." Would you like more details on it?
Yes, please share the details about the "Local Development Grant."
  [37mname=Local Development Grant, type=grant, amount_min=20000, amount_max=20000, deadline_before=None, deadline_after=None, geographical_focus=None, sector_focus=None, eligibility_criteria=None, funding_body=None, application_status=closed[0m
The "Local Development Grant" offers $20,000, focused on local development, with a deadline of March 15, 2024, and eligibility for community organizations.
That sounds perfect! Can you confirm the funding body for this grant?
  [37mname=Local Development Grant, type=grant, amount_min=20000, amount_max=20000, deadline_before=2024-03-15, deadline_after=None, geographical_focus=None, sector_focus=local development, eligibility_criteria=community organizations, funding_body=None, application_status=closed[0m
The funding body for the "Local Development Grant" is the Regional Government.
Great, that fits all my criteria! Let's go ahead and finalize this grant application.
  [37mname=Local Development Grant, type=grant, amount_min=20000, amount_max=20000, deadline_before=2024-03-15, deadline_after=None, geographical_focus=None, sector_focus=local development, eligibility_criteria=community organizations, funding_body=Regional Government, application_status=closed[0m
Awesome! You're all set with the "Local Development Grant." Good luck with your application!
----------------------------------------------------------------------------------------------------
Thanks! Now, can you help me find project plans focused on cultural engagement?
  [37mname=None, scope=None, duration=None, collaborators=None, funding_required=None, priority_level=None, status=None, region=None, focus_area=Cultural Engagement[0m
Sure! Are you looking for specific funding amounts or project durations for those cultural engagement plans?
I'm looking for project plans with a duration of about three months.
  [37mname=None, scope=None, duration=3, collaborators=None, funding_required=None, priority_level=None, status=None, region=None, focus_area=Cultural Engagement[0m
I found a couple of options: the "Community Music Event" lasts 4 months and the "Local Arts Festival" lasts 3 months. Do either of these interest you?
I'm interested in the "Local Arts Festival." Can you tell me more about it?
  [37mname=Local Arts Festival, scope=None, duration=3, collaborators=None, funding_required=None, priority_level=None, status=None, region=None, focus_area=Cultural Engagement[0m
The "Local Arts Festival" focuses on cultural engagement, lasts 3 months, involves 20 collaborators, requires $25,000 in funding, and is currently submitted.
That sounds good, but I need a project with around 15 collaborators and funding of $24,000. Any alternatives?
  [37mname=None, scope=None, duration=3, collaborators=15, funding_required=24000, priority_level=None, status=None, region=None, focus_area=Cultural Engagement[0m
The "Community Music Event" has 25 collaborators and requires $30,000, but it might be a bit over budget. Would you like to explore that option or look for something else?
Let's keep looking for something that fits my budget and collaborator count better.
  [37mname=None, scope=None, duration=3, collaborators=15, funding_required=24000, priority_level=None, status=None, region=None, focus_area=Cultural Engagement[0m
Got it! Unfortunately, there aren't any plans with exactly 15 collaborators and $24,000 funding. Would you like to adjust either the collaborator count or funding amount?
I can adjust the funding to $25,000 if that helps find a suitable project.
  [37mname=None, scope=None, duration=3, collaborators=15, funding_required=25000, priority_level=None, status=None, region=None, focus_area=Cultural Engagement[0m
With that adjustment, the "Local Arts Festival" fits perfectly at $25,000 and has 20 collaborators. Would you like to go with that one?
Yes, let's finalize the "Local Arts Festival"!
  [37mname=Local Arts Festival, scope=Cultural engagement, duration=3, collaborators=20, funding_required=25000, priority_level=None, status=Submitted, region=None, focus_area=Cultural engagement[0m
Great choice! The "Local Arts Festival" is finalized. Best of luck with the project!
----------------------------------------------------------------------------------------------------
Thanks! Now, can you help me find an Impact Assessment focused on youth mental health services?
  [37mname=None, methodology=None, stakeholders=None, timeline_start=None, timeline_end=None, geographical_scope=None, focus_area=youth mental health services, budget_range=None, data_sources=None, reporting_format=None[0m
Sure! Are you looking for a specific timeline or budget range for the youth mental health service assessments?
Yes, I need it to be within a budget range of $7,000 to $10,000.
  [37mname=None, methodology=None, stakeholders=None, timeline_start=None, timeline_end=None, geographical_scope=None, focus_area=youth mental health services, budget_range=$7,000 to $10,000, data_sources=None, reporting_format=None[0m
I found the "Youth Mental Health Assessment" which fits your budget at $7,000 to $10,000. Would you like more details on it?
Yes, please share the details about the "Youth Mental Health Assessment."
  [37mname=Youth Mental Health Assessment, methodology=None, stakeholders=None, timeline_start=None, timeline_end=None, geographical_scope=None, focus_area=youth mental health services, budget_range=$7,000 to $10,000, data_sources=None, reporting_format=None[0m
The "Youth Mental Health Assessment" uses a mixed-method approach, involves schools and mental health professionals, runs from October 1 to December 31, and has a reporting format of PDF.
That sounds perfect! Let's go ahead and finalize the "Youth Mental Health Assessment."
  [37mname=Youth Mental Health Assessment, methodology=mixed-method, stakeholders=schools and mental health professionals, timeline_start=2023-10-01, timeline_end=2023-12-31, geographical_scope=None, focus_area=youth mental health services, budget_range=$7,000 to $10,000, data_sources=None, reporting_format=PDF[0m
Awesome! The "Youth Mental Health Assessment" is finalized. Best of luck with the assessment!
====================================================================================================
Generating dialogues for data/DOTS/train/0107__lab_equipment__research_software__technological_innovations
----------------------------------------------------------------------------------------------------
I'm looking for a new centrifuge, preferably from SpinMaster.
  [37mname=None, brand=SpinMaster, budget=None, specifications=None, category=centrifuge, condition=new, warranty=None, delivery_time=None, energy_efficiency=None[0m
How about the Centrifuge 6000? It's new and from SpinMaster.
Does it meet the specifications of max speed 6000 RPM and a 30-place rotor?
  [37mname=Centrifuge 6000, brand=SpinMaster, budget=None, specifications=max speed 6000 RPM and a 30-place rotor, category=centrifuge, condition=new, warranty=None, delivery_time=None, energy_efficiency=None[0m
Yes, it has a max speed of 6000 RPM and a 30-place rotor.
Great! What's the price for it?
  [37mname=Centrifuge 6000, brand=SpinMaster, budget=None, specifications=max speed 6000 RPM and a 30-place rotor, category=centrifuge, condition=new, warranty=None, delivery_time=None, energy_efficiency=None[0m
The price is $1500.
----------------------------------------------------------------------------------------------------
Thanks! Now, can you help me find some research software for data visualization?
  [37mname=None, type=Visualization, compatibility=None, license=None, cost=None, support=None, user_level=None, popularity=None[0m
Sure! What specific features or compatibility do you need for the visualization software?
I need it to be cross-platform and preferably freeware.
  [37mname=None, type=Visualization, compatibility=Cross-Platform, license=Freeware, cost=Free, support=None, user_level=None, popularity=None[0m
In that case, I recommend Google Earth Pro; it's cross-platform and free!
That sounds interesting! Does it have community support?
  [37mname=Google Earth Pro, type=Visualization, compatibility=Cross-Platform, license=Freeware, cost=Free, support=Community, user_level=None, popularity=None[0m
Yes, Google Earth Pro has community support available!
Awesome! How popular is Google Earth Pro in terms of user ratings?
  [37mname=Google Earth Pro, type=Visualization, compatibility=Cross-Platform, license=Freeware, cost=Free, support=Community, user_level=None, popularity=None[0m
Google Earth Pro has a popularity rating of 6000.
Perfect! I think Google Earth Pro fits my needs well. Let's go with that!
  [37mname=Google Earth Pro, type=Visualization, compatibility=Cross-Platform, license=Freeware, cost=Free, support=Community, user_level=None, popularity=6000[0m
Great choice! Google Earth Pro it is!
----------------------------------------------------------------------------------------------------
Thanks! Now, can you help me find some technological innovations that are high impact and funded by the government?
  [37mname=None, field=None, impact=High, funding=Government, stage_of_development=None, region=None, scalability=None, timeline=None[0m
Sure! Are you looking for innovations in a specific field, or should I include all fields?
I'm open to all fields, just focusing on high-impact government-funded innovations.
  [37mname=None, field=None, impact=High, funding=Government, stage_of_development=None, region=None, scalability=None, timeline=None[0m
Here are a few options: Gene Editing Tool, Carbon Capture Technology, and Solar Panel Technology.
Can you tell me which of these is currently in the testing stage?
  [37mname=None, field=None, impact=High, funding=Government, stage_of_development=Testing, region=None, scalability=None, timeline=None[0m
The Carbon Capture Technology is currently in the prototype stage, not testing.
Got it! Which one is in the testing stage then?
  [37mname=None, field=None, impact=High, funding=Government, stage_of_development=None, region=None, scalability=None, timeline=None[0m
The CRISPR-Cas9 Technology is in the testing stage.
Great! Is CRISPR-Cas9 Technology scalable on a national level?
  [37mname=CRISPR-Cas9 Technology, field=Biotechnology, impact=High, funding=Government, stage_of_development=Testing, region=None, scalability=National, timeline=None[0m
Yes, CRISPR-Cas9 Technology is scalable on a national level.
Perfect! What's the timeline for its expected impact?
  [37mname=CRISPR-Cas9 Technology, field=Biotechnology, impact=High, funding=Government, stage_of_development=Testing, region=None, scalability=National, timeline=None[0m
The timeline for CRISPR-Cas9 Technology's expected impact is 2024.
That's exactly what I need! Let's finalize CRISPR-Cas9 Technology as my choice.
  [37mname=CRISPR-Cas9 Technology, field=Biotechnology, impact=High, funding=Government, stage_of_development=Testing, region=None, scalability=National, timeline=2024[0m
Excellent choice! CRISPR-Cas9 Technology it is!
====================================================================================================
----------------------------------------------------------------------------------------------------
Hey, I'm looking for a new microscope, preferably from VisionTech.
  [37mname=None, brand=VisionTech, budget=None, specifications=None, category=microscope, condition=None, warranty=None, delivery_time=None, energy_efficiency=None[0m
I have two options from VisionTech: the MicroScope 500 and the VisionPro 3000. Which one interests you?
I'm leaning towards the VisionPro 3000; does it have high-resolution optics and 1000x magnification?
  [37mname=VisionPro 3000, brand=VisionTech, budget=None, specifications=high-resolution optics and 1000x magnification, category=microscope, condition=None, warranty=None, delivery_time=None, energy_efficiency=None[0m
Yes, the VisionPro 3000 has high-resolution optics and 1000x magnification. Would you like to know the price or any other details?
Yes, what's the price and does it come with a warranty?
  [37mname=VisionPro 3000, brand=VisionTech, budget=None, specifications=high-resolution optics and 1000x magnification, category=microscope, condition=new, warranty=None, delivery_time=None, energy_efficiency=None[0m
The VisionPro 3000 is priced at $1600 and it comes with a warranty. Would you like to proceed with this choice?
That sounds great! What's the delivery time for the VisionPro 3000?
  [37mname=VisionPro 3000, brand=VisionTech, budget=1600, specifications=high-resolution optics and 1000x magnification, category=microscope, condition=new, warranty=True, delivery_time=None, energy_efficiency=None[0m
The delivery time for the VisionPro 3000 is 3 days. Shall I finalize this for you?
Yes, please finalize the order for the VisionPro 3000!
  [37mname=VisionPro 3000, brand=VisionTech, budget=1600, specifications=high-resolution optics and 1000x magnification, category=microscope, condition=new, warranty=True, delivery_time=3, energy_efficiency=None[0m
Great choice! Your order for the VisionPro 3000 is confirmed.
----------------------------------------------------------------------------------------------------
Thanks! Now, could you help me find some research software for data analysis?
  [37mname=None, type=Data Analysis, compatibility=None, license=None, cost=None, support=None, user_level=None, popularity=None[0m
Sure! What specific features or requirements do you have in mind for the data analysis software?
I'm looking for something like RStudio, preferably open source and compatible with Windows.
  [37mname=RStudio, type=Data Analysis, compatibility=Windows, license=Open Source, cost=None, support=None, user_level=None, popularity=None[0m
RStudio is a great choice! It’s open source, compatible with Windows, and suitable for intermediate users. Would you like to go with RStudio?
Yes, RStudio sounds perfect! Can you confirm it's free and has community support?
  [37mname=RStudio, type=Data Analysis, compatibility=Windows, license=Open Source, cost=Free, support=Community, user_level=Intermediate, popularity=None[0m
Yes, RStudio is free and has community support. Shall I finalize your choice of RStudio?
Yes, please finalize my choice of RStudio!
  [37mname=RStudio, type=Data Analysis, compatibility=Windows, license=Open Source, cost=Free, support=Community, user_level=Intermediate, popularity=None[0m
Your choice of RStudio is confirmed!
----------------------------------------------------------------------------------------------------
Awesome! Now, could you help me find technological innovations in biotechnology?
  [37mname=None, field=Biotechnology, impact=None, funding=None, stage_of_development=None, region=None, scalability=None, timeline=None[0m
Sure! What specific characteristics are you looking for in biotechnology innovations?
I'm interested in innovations that have high impact, are government-funded, and currently in the testing stage.
  [37mname=None, field=Biotechnology, impact=High, funding=Government, stage_of_development=Testing, region=None, scalability=None, timeline=None[0m
The CRISPR Technology fits your criteria; it has high impact, is government-funded, and is in the testing stage. Would you like to go with that?
Yes, CRISPR Technology sounds excellent! What about its scalability and timeline?
  [37mname=CRISPR Technology, field=Biotechnology, impact=High, funding=Government, stage_of_development=Testing, region=None, scalability=None, timeline=None[0m
CRISPR Technology has national scalability and a timeline of 2024. Shall I finalize this choice for you?
Yes, please finalize my choice of CRISPR Technology!
  [37mname=CRISPR Technology, field=Biotechnology, impact=High, funding=Government, stage_of_development=Testing, region=None, scalability=National, timeline=2024[0m
Your choice of CRISPR Technology is confirmed!
====================================================================================================
----------------------------------------------------------------------------------------------------
I'm looking for a new centrifuge, preferably from SpinMaster.
  [37mname=None, brand=SpinMaster, budget=None, specifications=None, category=centrifuge, condition=new, warranty=None, delivery_time=None, energy_efficiency=None[0m
How about the Centrifuge 6000? It's new and from SpinMaster.
Does it meet the specifications of max speed 4000 RPM and a 24-place rotor?
  [37mname=Centrifuge 6000, brand=SpinMaster, budget=None, specifications=max speed 4000 RPM and a 24-place rotor, category=centrifuge, condition=new, warranty=None, delivery_time=None, energy_efficiency=None[0m
No, it has a max speed of 6000 RPM and a 30-place rotor. Would you like to consider another option?
Yes, what other options do we have that fit my budget and specifications?
  [37mname=None, brand=SpinMaster, budget=None, specifications=max speed 4000 RPM and a 24-place rotor, category=centrifuge, condition=new, warranty=None, delivery_time=None, energy_efficiency=None[0m
We have the Centrifuge 4000 from SpinMaster; it has a max speed of 4000 RPM and a 24-place rotor.
That sounds perfect! Is it new and does it come with a warranty?
  [37mname=Centrifuge 4000, brand=SpinMaster, budget=None, specifications=max speed 4000 RPM and a 24-place rotor, category=centrifuge, condition=new, warranty=True, delivery_time=None, energy_efficiency=None[0m
Yes, the Centrifuge 4000 is new and comes with a warranty. Would you like to go ahead with this choice?
Yes, let's finalize the Centrifuge 4000!
  [37mname=Centrifuge 4000, brand=SpinMaster, budget=None, specifications=max speed 4000 RPM and a 24-place rotor, category=centrifuge, condition=new, warranty=True, delivery_time=None, energy_efficiency=None[0m
Great choice! The Centrifuge 4000 is all set for you.
----------------------------------------------------------------------------------------------------
Thanks! Now, can you help me find some research software for data analysis?
  [37mname=None, type=Data Analysis, compatibility=None, license=None, cost=None, support=None, user_level=None, popularity=None[0m
Sure! What specific features or requirements do you have for the data analysis software?
I need it to be cross-platform and open source.
  [37mname=None, type=Data Analysis, compatibility=Cross-Platform, license=Open Source, cost=None, support=None, user_level=None, popularity=None[0m
I recommend Pandas or SciPy; both are cross-platform and open source. Which one sounds better to you?
I'm leaning towards Pandas. Is it suitable for intermediate users?
  [37mname=Pandas, type=Data Analysis, compatibility=Cross-Platform, license=Open Source, cost=Free, support=Community, user_level=Intermediate, popularity=None[0m
Yes, Pandas is suitable for intermediate users. Would you like to proceed with Pandas?
Yes, let's go with Pandas!
  [37mname=Pandas, type=Data Analysis, compatibility=Cross-Platform, license=Open Source, cost=Free, support=Community, user_level=Intermediate, popularity=None[0m
Excellent choice! Pandas is all set for you.
----------------------------------------------------------------------------------------------------
Thanks! Now, can you help me find some technological innovations in Artificial Intelligence?
  [37mname=None, field=Artificial Intelligence, impact=None, funding=None, stage_of_development=None, region=None, scalability=None, timeline=None[0m
Of course! What specific characteristics are you looking for in AI innovations?
I'm looking for high-impact innovations funded by the government, currently in testing stage.
  [37mname=None, field=Artificial Intelligence, impact=High, funding=Government, stage_of_development=Testing, region=None, scalability=None, timeline=None[0m
I have the AI-Driven Vaccine Discovery; it’s high impact, government-funded, and in the testing stage. Does that work for you?
Yes, that sounds perfect! Can you tell me more about its scalability and timeline?
  [37mname=AI-Driven Vaccine Discovery, field=Artificial Intelligence, impact=High, funding=Government, stage_of_development=Testing, region=None, scalability=None, timeline=None[0m
The AI-Driven Vaccine Discovery has national scalability and is expected to be impactful by 2023. Would you like to finalize this choice?
Absolutely, let's finalize the AI-Driven Vaccine Discovery!
  [37mname=AI-Driven Vaccine Discovery, field=Artificial Intelligence, impact=High, funding=Government, stage_of_development=Testing, region=None, scalability=National, timeline=2023[0m
Great choice! The AI-Driven Vaccine Discovery is all set for you.
====================================================================================================
----------------------------------------------------------------------------------------------------
I'm looking for a new centrifuge, preferably from SpinMaster.
  [37mname=None, brand=SpinMaster, budget=None, specifications=None, category=centrifuge, condition=new, warranty=None, delivery_time=None, energy_efficiency=None[0m
I have two SpinMaster centrifuges; do you have a budget in mind?
Yes, my budget is around $1600.
  [37mname=None, brand=SpinMaster, budget=1600, specifications=None, category=centrifuge, condition=None, warranty=None, delivery_time=None, energy_efficiency=None[0m
The Centrifuge 5000 from SpinMaster is within your budget at $1200. Would you like to know more about it?
Yes, please share the specifications and features of the Centrifuge 5000.
  [37mname=Centrifuge 5000, brand=SpinMaster, budget=1600, specifications=None, category=centrifuge, condition=new, warranty=None, delivery_time=None, energy_efficiency=None[0m
It has a max speed of 5000 RPM and a 24-place rotor. Interested in its warranty and delivery time?
Yes, I’d like to know about the warranty and delivery time.
  [37mname=Centrifuge 5000, brand=SpinMaster, budget=1600, specifications=Max speed of 5000 RPM and a 24-place rotor., category=centrifuge, condition=new, warranty=None, delivery_time=None, energy_efficiency=None[0m
It comes with a warranty and has an estimated delivery time of 7 days. Would you like to proceed with this choice?
It sounds good, but I was hoping for a max speed of 6000 RPM. Is there another option?
  [37mname=None, brand=SpinMaster, budget=1600, specifications=max speed of 6000 RPM, category=centrifuge, condition=None, warranty=None, delivery_time=None, energy_efficiency=None[0m
The Centrifuge 6000 from SpinMaster has a max speed of 6000 RPM and is priced at $1500. Would you like more details?
Yes, I’d love to hear more about the Centrifuge 6000.
  [37mname=Centrifuge 6000, brand=SpinMaster, budget=1600, specifications=max speed of 6000 RPM, category=centrifuge, condition=None, warranty=True, delivery_time=7, energy_efficiency=None[0m
It features a 30-place rotor, comes with a warranty, and has a delivery time of 5 days. Does that work for you?
Yes, that works perfectly for me! Let's proceed with the Centrifuge 6000.
  [37mname=Centrifuge 6000, brand=SpinMaster, budget=1600, specifications=Max speed of 6000 RPM, 30-place rotor, category=centrifuge, condition=None, warranty=True, delivery_time=5, energy_efficiency=None[0m
Great choice! I'll finalize the order for the Centrifuge 6000. Thank you!
----------------------------------------------------------------------------------------------------
Thanks! Now, can you help me find some research software? I'm looking for something statistical.
  [37mname=None, type=Statistical, compatibility=None, license=None, cost=None, support=None, user_level=None, popularity=None[0m
Sure! Do you have a preference for the operating system compatibility, like Windows or Cross-Platform?
I prefer Cross-Platform compatibility.
  [37mname=None, type=Statistical, compatibility=Cross-Platform, license=None, cost=None, support=None, user_level=None, popularity=None[0m
I have two options: R, which is free and open-source, and RStudio, also free and open-source. Which one interests you?
I'm leaning towards R; can you tell me more about its features?
  [37mname=R, type=Statistical, compatibility=Cross-Platform, license=Open Source, cost=Free, support=Community, user_level=None, popularity=None[0m
R is great for statistical analysis, has strong community support, and is suitable for intermediate users. Does that sound good?
That sounds perfect! Let's go with R.
  [37mname=R, type=Statistical, compatibility=Cross-Platform, license=Open Source, cost=Free, support=Community, user_level=Intermediate, popularity=None[0m
Awesome choice! I'll finalize the details for R. Thank you!
----------------------------------------------------------------------------------------------------
Thanks! Now, can you help me find some technological innovations in Clean Energy?
  [37mname=None, field=Clean Energy, impact=None, funding=None, stage_of_development=None, region=None, scalability=None, timeline=None[0m
Sure! Are you looking for a specific impact level, like High or Medium, for the Clean Energy innovations?
I'm looking for innovations with a Medium impact level.
  [37mname=None, field=Clean Energy, impact=Medium, funding=None, stage_of_development=None, region=None, scalability=None, timeline=None[0m
I found two options: Bioenergy with Carbon Capture and Storage and Carbon Capture and Storage. Would you like details on both?
Yes, please provide details on both innovations.
  [37mname=None, field=Clean Energy, impact=Medium, funding=None, stage_of_development=None, region=None, scalability=None, timeline=None[0m
1. **Bioenergy with Carbon Capture and Storage**: Medium impact, Crowdfunded, Market stage, Asia, Global scalability, ready by 2026.

2. **Carbon Capture and Storage**: High impact, Government funding, Prototype stage, North America, Global scalability, ready by 2025.

Which one interests you more?
I'm more interested in the Bioenergy with Carbon Capture and Storage option.
  [37mname=Bioenergy with Carbon Capture and Storage, field=Clean Energy, impact=Medium, funding=Crowdfunded, stage_of_development=Market, region=Asia, scalability=Global, timeline=ready by 2026[0m
Great choice! I'll finalize the details for Bioenergy with Carbon Capture and Storage. Thank you!
====================================================================================================
----------------------------------------------------------------------------------------------------
I'm looking for a new centrifuge, preferably from SpinMaster.
  [37mname=None, brand=SpinMaster, budget=None, specifications=None, category=centrifuge, condition=new, warranty=None, delivery_time=None, energy_efficiency=None[0m
I have a new SpinMaster centrifuge with a max speed of 4000 RPM for $1100. Does that work for you?
Not quite, I need at least 6000 RPM.
  [37mname=None, brand=SpinMaster, budget=None, specifications=Max speed of at least 6000 RPM, category=centrifuge, condition=new, warranty=None, delivery_time=None, energy_efficiency=None[0m
I have a new SpinMaster centrifuge that reaches 6000 RPM for $1500. Does that fit your needs?
Yes, that sounds good! What about the warranty?
  [37mname=SpinMaster centrifuge, brand=SpinMaster, budget=1500, specifications=Max speed of 6000 RPM, category=centrifuge, condition=new, warranty=None, delivery_time=None, energy_efficiency=None[0m
Yes, it comes with a warranty. Would you like to proceed with this one?
Yes, let's go ahead with that! What’s the delivery time?
  [37mname=SpinMaster centrifuge, brand=SpinMaster, budget=1500, specifications=Max speed of 6000 RPM, category=centrifuge, condition=new, warranty=True, delivery_time=None, energy_efficiency=None[0m
The delivery time is about 5 days.
----------------------------------------------------------------------------------------------------
Great, thanks! Now, can you help me find some statistical research software?
  [37mname=None, type=Statistical, compatibility=None, license=None, cost=None, support=None, user_level=None, popularity=None[0m
Sure! What specific features are you looking for in the statistical software?
I need it to be compatible with Windows and have a commercial support option.
  [37mname=None, type=Statistical, compatibility=Windows, license=None, cost=None, support=Commercial, user_level=None, popularity=None[0m
Got it! Would you prefer a proprietary software, and what user level are you targeting: intermediate or advanced?
Yes, proprietary is preferred, and I'm looking for advanced user level software.
  [37mname=None, type=Statistical, compatibility=Windows, license=Proprietary, cost=None, support=Commercial, user_level=Advanced, popularity=None[0m
I recommend MATLAB or SPSS; both are proprietary, Windows-compatible, and support advanced users. Which one interests you more?
I'm leaning towards SPSS. What's the cost model for that?
  [37mname=SPSS, type=Statistical, compatibility=Windows, license=Proprietary, cost=Paid, support=Commercial, user_level=Advanced, popularity=None[0m
SPSS is a paid software with commercial support. Would you like to go with that?
Yes, let's choose SPSS! What about its popularity?
  [37mname=SPSS, type=Statistical, compatibility=Windows, license=Proprietary, cost=Paid, support=Commercial, user_level=Advanced, popularity=None[0m
SPSS has a popularity rating of 6000. Would you like to finalize your choice?
Actually, I was hoping for something with at least 15000 in popularity. Any other options?
  [37mname=SPSS, type=Statistical, compatibility=Windows, license=Proprietary, cost=Paid, support=Commercial, user_level=Advanced, popularity=None[0m
In that case, MATLAB is a great option; it has a popularity rating of 20000. Would you like to go with MATLAB instead?
Yes, MATLAB sounds perfect! Let's finalize that choice.
  [37mname=MATLAB, type=Statistical, compatibility=Windows, license=Proprietary, cost=Paid, support=Commercial, user_level=Advanced, popularity=20000[0m
Great choice! MATLAB it is. I'll note that down for you!
----------------------------------------------------------------------------------------------------
Thanks! Now, can you help me find some nanotechnology innovations?
  [37mname=None, field=Nanotechnology, impact=None, funding=None, stage_of_development=None, region=None, scalability=None, timeline=None[0m
Sure! What specific characteristics are you looking for in nanotechnology innovations?
I need innovations with medium impact and private funding.
  [37mname=None, field=Nanotechnology, impact=Medium, funding=Private, stage_of_development=None, region=None, scalability=None, timeline=None[0m
I have two options: "Graphene-based Supercapacitors" and "Nanomaterials for Energy Storage." Would you like more details on either?
I'd like more details on the "Graphene-based Supercapacitors."
  [37mname=Graphene-based Supercapacitors, field=Nanotechnology, impact=Medium, funding=Private, stage_of_development=None, region=None, scalability=None, timeline=None[0m
"Graphene-based Supercapacitors" has medium impact, private funding, is in the market stage, located in Asia, and is scalable nationally. Does that work for you?
That fits perfectly! Let's go with the "Graphene-based Supercapacitors."
  [37mname=Graphene-based Supercapacitors, field=Nanotechnology, impact=Medium, funding=Private, stage_of_development=Market, region=Asia, scalability=National, timeline=None[0m
Awesome choice! I'll finalize the "Graphene-based Supercapacitors" for you!
====================================================================================================
----------------------------------------------------------------------------------------------------
Hey, I'm looking for a new microscope, preferably from OptiTech.
  [37mname=None, brand=OptiTech, budget=None, specifications=None, category=microscope, condition=None, warranty=None, delivery_time=None, energy_efficiency=None[0m
I have two OptiTech microscopes: the OptiMax 3000 and OptiMax 2500. Do you have a budget in mind?
Yes, my budget is around $1300.
  [37mname=None, brand=OptiTech, budget=1300, specifications=None, category=microscope, condition=None, warranty=None, delivery_time=None, energy_efficiency=None[0m
The OptiMax 2500 fits within your budget at $1200. Would you like to know its specifications?
Yes, please share the specifications!
  [37mname=OptiMax 2500, brand=OptiTech, budget=1300, specifications=None, category=microscope, condition=None, warranty=None, delivery_time=None, energy_efficiency=None[0m
The OptiMax 2500 has high-resolution optics and 800x magnification. Does that work for you?
That sounds perfect! What about the warranty on it?
  [37mname=OptiMax 2500, brand=OptiTech, budget=1300, specifications=high-resolution optics and 800x magnification, category=microscope, condition=new, warranty=None, delivery_time=None, energy_efficiency=None[0m
The OptiMax 2500 comes with a warranty. Would you like to proceed with this choice?
Yes, let's go ahead with the OptiMax 2500!
  [37mname=OptiMax 2500, brand=OptiTech, budget=1300, specifications=high-resolution optics and 800x magnification, category=microscope, condition=new, warranty=True, delivery_time=None, energy_efficiency=None[0m
Great choice! The OptiMax 2500 will be a fantastic addition to your lab.
----------------------------------------------------------------------------------------------------
Thanks! Now, can you help me find some research software for data visualization?
  [37mname=None, type=Visualization, compatibility=None, license=None, cost=None, support=None, user_level=None, popularity=None[0m
Sure! Do you have any specific requirements for the data visualization software, like compatibility or user level?
I need it to be cross-platform and suitable for intermediate users.
  [37mname=None, type=Visualization, compatibility=Cross-Platform, license=None, cost=None, support=None, user_level=Intermediate, popularity=None[0m
I recommend QGIS; it's cross-platform, open source, and great for intermediate users. Does that sound good?
I'm looking for proprietary software, though. Any other suggestions?
  [37mname=None, type=Visualization, compatibility=Cross-Platform, license=Proprietary, cost=None, support=None, user_level=Intermediate, popularity=None[0m
In that case, Tableau is a proprietary option that's suitable for intermediate users. Would you like to go with that?
Yes, Tableau sounds good! What about its cost and support options?
  [37mname=Tableau, type=Visualization, compatibility=Cross-Platform, license=Proprietary, cost=Paid, support=Commercial, user_level=Intermediate, popularity=None[0m
Tableau has a subscription cost model and offers commercial support. Ready to proceed with Tableau?
Yes, let's proceed with Tableau! Thank you!
  [37mname=Tableau, type=Visualization, compatibility=Cross-Platform, license=Proprietary, cost=Subscription, support=Commercial, user_level=Intermediate, popularity=None[0m
You're welcome! Tableau will be a fantastic choice for your data visualization needs!
----------------------------------------------------------------------------------------------------
Absolutely! Now, can you help me find some Smart Home Assistants in the AI field?
  [37mname=None, field=Artificial Intelligence, impact=None, funding=None, stage_of_development=None, region=None, scalability=None, timeline=None[0m
Sure! Are you looking for any specific features or budget for the Smart Home Assistants?
I'm aiming for high-impact options with private funding.
  [37mname=None, field=Artificial Intelligence, impact=High, funding=Private, stage_of_development=None, region=None, scalability=None, timeline=None[0m
The Smart Home Assistants available are high-impact and funded privately. Would you like to proceed with that?
Yes, but can you tell me about their scalability and development stage?
  [37mname=None, field=Artificial Intelligence, impact=High, funding=Private, stage_of_development=None, region=None, scalability=None, timeline=None[0m
They are scalable globally and at the market stage. Does that meet your needs?
Yes, that fits perfectly! Let's finalize the Smart Home Assistants!
  [37mname=None, field=Artificial Intelligence, impact=High, funding=Private, stage_of_development=Market, region=None, scalability=Global, timeline=None[0m
Great choice! The Smart Home Assistants will be an excellent addition to your setup!
====================================================================================================
----------------------------------------------------------------------------------------------------
I'm looking for a new centrifuge, specifically the Centrifuge 6000 from SpinMaster.
  [37mname=Centrifuge 6000, brand=SpinMaster, budget=None, specifications=None, category=centrifuge, condition=new, warranty=None, delivery_time=None, energy_efficiency=None[0m
The Centrifuge 6000 is available and it's new, priced at $1500 with a warranty. Would you like to proceed with that?
Yes, that sounds great! What’s the delivery time?
  [37mname=Centrifuge 6000, brand=SpinMaster, budget=1500, specifications=None, category=centrifuge, condition=new, warranty=True, delivery_time=None, energy_efficiency=None[0m
The delivery time for the Centrifuge 6000 is 5 days.
----------------------------------------------------------------------------------------------------
That’s perfect! By the way, can you help me find some free research software?
  [37mname=None, type=None, compatibility=None, license=Freeware, cost=Free, support=None, user_level=None, popularity=None[0m
Sure! What type of research software are you looking for? Data analysis, statistical, or something else?
I'm open to any type, but I prefer something for data analysis or statistical work.
  [37mname=None, type=Data Analysis, compatibility=None, license=Freeware, cost=Free, support=None, user_level=None, popularity=None[0m
Got it! For data analysis, you could consider "DataForge," which is open source and free. Would you like to know more about it?
Yes, please tell me more about DataForge!
  [37mname=DataForge, type=Data Analysis, compatibility=None, license=Open Source, cost=Free, support=None, user_level=None, popularity=None[0m
DataForge is compatible with Linux, targets intermediate users, and has a popularity rating of 88. It's community-supported as well.
That sounds good, but I'm looking for something beginner-friendly. Do you have any other options?
  [37mname=None, type=Data Analysis, compatibility=None, license=Open Source, cost=Free, support=Community, user_level=Beginner, popularity=None[0m
Sure! You might like "DataAnalyzer," which is also free, open source, and beginner-friendly. Would you like details on that?
Yes, I’d love to hear more about DataAnalyzer!
  [37mname=DataAnalyzer, type=Data Analysis, compatibility=None, license=Open Source, cost=Free, support=Community, user_level=Beginner, popularity=None[0m
DataAnalyzer is compatible with Windows, has community support, and a popularity rating of 85. It's designed for beginners.
That sounds promising! Is it cross-platform compatible?
  [37mname=DataAnalyzer, type=Data Analysis, compatibility=Windows, license=Open Source, cost=Free, support=Community, user_level=Beginner, popularity=85[0m
No, DataAnalyzer is only compatible with Windows, but I can suggest "QuickData," which is cross-platform and beginner-friendly. Would you like to know more about it?
Yes, tell me about QuickData!
  [37mname=None, type=Data Analysis, compatibility=Cross-Platform, license=Open Source, cost=Free, support=Community, user_level=Beginner, popularity=None[0m
QuickData is open source, free, and has a popularity rating of 80, making it a great option for beginners.
That sounds perfect! I think I'll go with QuickData. How do I get it?
  [37mname=QuickData, type=Data Analysis, compatibility=Cross-Platform, license=Open Source, cost=Free, support=Community, user_level=Beginner, popularity=80[0m
You can download QuickData directly from its official website, and it's free to use!
----------------------------------------------------------------------------------------------------
Thanks for the info! Now, can you help me find some technological innovations that are crowdfunded?
  [37mname=None, field=None, impact=None, funding=Crowdfunded, stage_of_development=None, region=None, scalability=None, timeline=None[0m
Sure! Are you looking for any specific fields or impact levels for the crowdfunded innovations?
I'm looking for innovations with a medium impact level.
  [37mname=None, field=None, impact=Medium, funding=Crowdfunded, stage_of_development=None, region=None, scalability=None, timeline=None[0m
I found two crowdfunded innovations with medium impact: "Smart Health Monitoring System" and "Biodegradable Plastics." Would you like details on either?
I'd like to know more about the Smart Health Monitoring System.
  [37mname=Smart Health Monitoring System, field=None, impact=Medium, funding=Crowdfunded, stage_of_development=None, region=None, scalability=None, timeline=None[0m
The Smart Health Monitoring System is in the testing stage, based in Europe, and has national scalability. It’s expected to be impactful by 2023.
That sounds like a great fit! Can you tell me about the funding sources for this project?
  [37mname=Smart Health Monitoring System, field=None, impact=Medium, funding=Crowdfunded, stage_of_development=Testing, region=Europe, scalability=National, timeline=2023[0m
The funding source for the Smart Health Monitoring System is crowdfunded.
Perfect! I’d like to proceed with the Smart Health Monitoring System. Thank you!
  [37mname=Smart Health Monitoring System, field=None, impact=Medium, funding=Crowdfunded, stage_of_development=Testing, region=Europe, scalability=National, timeline=2023[0m
You're welcome! I'm glad I could help you find it!
====================================================================================================
----------------------------------------------------------------------------------------------------
Hey, I'm looking for a new microscope from VisionTech.
  [37mname=None, brand=VisionTech, budget=None, specifications=None, category=microscope, condition=None, warranty=None, delivery_time=None, energy_efficiency=None[0m
I have a new microscope from VisionTech; it's called MicroScope 600, priced at $950. Would you like to know more about it?
Yes, can you tell me if it has digital imaging and LED illumination?
  [37mname=MicroScope 600, brand=VisionTech, budget=950, specifications=Digital imaging and LED illumination, category=microscope, condition=new, warranty=None, delivery_time=None, energy_efficiency=None[0m
Yes, it features digital imaging and LED illumination. Would you like to proceed with this option?
Sounds good! What about the warranty on this microscope?
  [37mname=MicroScope 600, brand=VisionTech, budget=950, specifications=Digital imaging and LED illumination, category=microscope, condition=new, warranty=None, delivery_time=None, energy_efficiency=None[0m
It comes with a warranty. Would you like to confirm your choice?
Yes, let's go ahead and confirm the MicroScope 600!
  [37mname=MicroScope 600, brand=VisionTech, budget=950, specifications=digital imaging and LED illumination, category=microscope, condition=new, warranty=True, delivery_time=None, energy_efficiency=None[0m
Great choice! You've confirmed the MicroScope 600 from VisionTech.
----------------------------------------------------------------------------------------------------
Thanks! Now, can you help me find some advanced data analysis software?
  [37mname=None, type=Data Analysis, compatibility=None, license=None, cost=None, support=None, user_level=Advanced, popularity=None[0m
Sure! What operating system are you using?
I'm using Windows.
  [37mname=None, type=Data Analysis, compatibility=Windows, license=None, cost=None, support=None, user_level=Advanced, popularity=None[0m
Are you looking for free options, or are you open to paid software?
I'm open to paid software.
  [37mname=None, type=Data Analysis, compatibility=Windows, license=None, cost=Paid, support=None, user_level=None, popularity=None[0m
I recommend MATLAB for advanced data analysis on Windows. Would you like to know more about it?
Yes, what kind of support does MATLAB offer?
  [37mname=MATLAB, type=Data Analysis, compatibility=Windows, license=Proprietary, cost=Paid, support=Commercial, user_level=Advanced, popularity=None[0m
MATLAB offers commercial support. Does that work for you?
Yes, that works! What’s the cost model for MATLAB?
  [37mname=MATLAB, type=Data Analysis, compatibility=Windows, license=Proprietary, cost=Paid, support=Commercial, user_level=Advanced, popularity=None[0m
MATLAB has a paid cost model. Would you like to confirm your choice?
Yes, let's go ahead and confirm MATLAB for data analysis!
  [37mname=MATLAB, type=Data Analysis, compatibility=Windows, license=Proprietary, cost=Paid, support=Commercial, user_level=Advanced, popularity=None[0m
Excellent choice! You've confirmed MATLAB for advanced data analysis.
----------------------------------------------------------------------------------------------------
Thanks! Now, can you help me find some high-impact robotics innovations?
  [37mname=None, field=Robotics, impact=High, funding=None, stage_of_development=None, region=None, scalability=None, timeline=None[0m
Sure! Are you looking for specific funding sources for those robotics innovations?
Yes, I'm specifically looking for privately funded innovations.
  [37mname=None, field=Robotics, impact=High, funding=Private, stage_of_development=None, region=None, scalability=None, timeline=None[0m
Great! I have a couple of high-impact privately funded robotics innovations. Are you interested in those available in North America?
Absolutely, North America works perfectly for me.
  [37mname=None, field=Robotics, impact=High, funding=Private, stage_of_development=None, region=North America, scalability=None, timeline=None[0m
You might like the Automated Surgical Robot and the Robotic Surgery Assistant. Would you like details on one of them?
Yes, please tell me more about the Automated Surgical Robot.
  [37mname=Automated Surgical Robot, field=Robotics, impact=High, funding=Private, stage_of_development=None, region=North America, scalability=None, timeline=None[0m
The Automated Surgical Robot has a high impact, is in the market stage, and is privately funded. Would you like to confirm this option?
Yes, let's confirm the Automated Surgical Robot!
  [37mname=Automated Surgical Robot, field=Robotics, impact=High, funding=Private, stage_of_development=Market, region=North America, scalability=None, timeline=None[0m
Awesome choice! You've confirmed the Automated Surgical Robot.
====================================================================================================
----------------------------------------------------------------------------------------------------
I'm looking for a refurbished pipette, preferably from BioEquip.
  [37mname=None, brand=BioEquip, budget=None, specifications=None, category=pipette, condition=refurbished, warranty=None, delivery_time=None, energy_efficiency=None[0m
I have a refurbished Pipette Pro 100 from BioEquip, but it's not the one you're looking for. Would you consider a different brand?
I’d prefer to stick with BioEquip if possible. What’s the price of the Pipette Pro 100?
  [37mname=None, brand=BioEquip, budget=None, specifications=None, category=pipette, condition=refurbished, warranty=None, delivery_time=None, energy_efficiency=None[0m
The refurbished Pipette Pro 100 from BioEquip is priced at 150 dollars.
That fits my budget! Does it have adjustable volume from 1-100 µL?
  [37mname=Pipette Pro 100, brand=BioEquip, budget=150.0, specifications=Adjustable volume from 1-100 µL, category=pipette, condition=refurbished, warranty=None, delivery_time=None, energy_efficiency=None[0m
Yes, it has an adjustable volume range from 1-100 µL.
Great! What's the estimated delivery time for it?
  [37mname=Pipette Pro 100, brand=BioEquip, budget=150.0, specifications=Adjustable volume range from 1-100 µL, category=pipette, condition=refurbished, warranty=None, delivery_time=None, energy_efficiency=None[0m
The estimated delivery time for the Pipette Pro 100 is 5 days.
----------------------------------------------------------------------------------------------------
That sounds good! By the way, I need help finding some statistical research software. Any suggestions?
  [37mname=None, type=Statistical, compatibility=None, license=None, cost=None, support=None, user_level=None, popularity=None[0m
Sure! Are you looking for free options, or are you open to paid software as well?
I'm open to both free and paid options. What do you recommend?
  [37mname=None, type=Statistical, compatibility=None, license=None, cost=None, support=None, user_level=None, popularity=None[0m
I recommend R for a free option, and SPSS for a paid option. Would you like more details on either?
Can you tell me more about SPSS, especially its compatibility and support?
  [37mname=SPSS, type=Statistical, compatibility=None, license=Proprietary, cost=Paid, support=Commercial, user_level=None, popularity=None[0m
SPSS is compatible with Windows and offers commercial support.
Sounds promising! What’s the user level for SPSS?
  [37mname=SPSS, type=Statistical, compatibility=Windows, license=Proprietary, cost=Paid, support=Commercial, user_level=None, popularity=None[0m
SPSS is targeted at advanced users.
I need something more beginner-friendly. Any other options?
  [37mname=None, type=Statistical, compatibility=Windows, license=Proprietary, cost=None, support=Commercial, user_level=Beginner, popularity=None[0m
You might consider RStudio; it's beginner-friendly and open-source. Would you like to know more about it?
Yes, please tell me about its compatibility and support!
  [37mname=RStudio, type=Statistical, compatibility=Cross-Platform, license=Open Source, cost=Free, support=Community, user_level=Beginner, popularity=None[0m
RStudio is cross-platform compatible and has community support.
That’s great! How popular is RStudio among users?
  [37mname=RStudio, type=Statistical, compatibility=Cross-Platform, license=Open Source, cost=Free, support=Community, user_level=Beginner, popularity=None[0m
RStudio has a popularity rating of 95, indicating it's quite well-liked!
That sounds perfect for my needs! I’ll go with RStudio. Thank you for your help!
  [37mname=RStudio, type=Statistical, compatibility=Cross-Platform, license=Open Source, cost=Free, support=Community, user_level=Beginner, popularity=95[0m
You're welcome! I'm glad I could help you find RStudio.
----------------------------------------------------------------------------------------------------
Thanks! Now, I need help finding some technological innovations in biotechnology. Any leads?
  [37mname=None, field=Biotechnology, impact=None, funding=None, stage_of_development=None, region=None, scalability=None, timeline=None[0m
Sure! Are you looking for specific impacts, funding sources, or development stages in biotechnology?
I'm focusing on high-impact innovations with private funding and in the prototype stage.
  [37mname=None, field=Biotechnology, impact=High, funding=Private, stage_of_development=Prototype, region=None, scalability=None, timeline=None[0m
I have two options: Bioengineered Tissues and Autonomous Robotics System. Would you like details on either?
I'd like to hear more about the Bioengineered Tissues option.
  [37mname=None, field=Biotechnology, impact=High, funding=Private, stage_of_development=Prototype, region=None, scalability=None, timeline=None[0m
Bioengineered Tissues is a high-impact innovation, privately funded, in the prototype stage, and expected to be ready by 2027.
That sounds promising! What’s the scalability of Bioengineered Tissues?
  [37mname=None, field=Biotechnology, impact=High, funding=Private, stage_of_development=Prototype, region=None, scalability=None, timeline=2027[0m
Bioengineered Tissues has global scalability.
That’s excellent! I think I’ll go with Bioengineered Tissues. Thank you for your assistance!
  [37mname=Bioengineered Tissues, field=Biotechnology, impact=High, funding=Private, stage_of_development=Prototype, region=None, scalability=Global, timeline=2027[0m
You're welcome! I'm glad you found Bioengineered Tissues suitable.
====================================================================================================
----------------------------------------------------------------------------------------------------
Hey, I'm looking for a refurbished pipette, any suggestions?
  [37mname=None, brand=None, budget=None, specifications=None, category=pipette, condition=refurbished, warranty=None, delivery_time=None, energy_efficiency=None[0m
Sure! I have a refurbished Pipette Pro 100 for $150, or a refurbished Pipette Pro 50 for $120. Which one interests you?
I'm interested in the Pipette Pro 100; does it have adjustable volume?
  [37mname=Pipette Pro 100, brand=None, budget=150.0, specifications=Adjustable volume, category=pipette, condition=refurbished, warranty=None, delivery_time=None, energy_efficiency=None[0m
Yes, the Pipette Pro 100 has an adjustable volume of 1-100 µL. Would you like to proceed with it?
Yes, that sounds great! What’s the delivery time?
  [37mname=Pipette Pro 100, brand=None, budget=150.0, specifications=Adjustable volume of 1-100 µL, category=pipette, condition=refurbished, warranty=None, delivery_time=None, energy_efficiency=None[0m
The delivery time for the Pipette Pro 100 is 3 days. Shall I finalize the order?
----------------------------------------------------------------------------------------------------
That sounds perfect! By the way, could you help me find some machine learning research software?
  [37mname=None, type=Machine Learning, compatibility=None, license=None, cost=None, support=None, user_level=None, popularity=None[0m
Absolutely! What specific features or requirements do you have in mind for the machine learning software?
I'm looking for open-source software with community support and a popularity of at least 50,000.
  [37mname=None, type=Machine Learning, compatibility=None, license=Open Source, cost=None, support=Community, user_level=None, popularity=50000[0m
I have a few options: TensorFlow, PyTorch, and Keras all meet your criteria. Do any of these catch your interest?
I'm leaning towards TensorFlow; can you tell me about its community support?
  [37mname=TensorFlow, type=Machine Learning, compatibility=None, license=Open Source, cost=None, support=Community, user_level=None, popularity=50000[0m
TensorFlow has strong community support, with numerous forums, tutorials, and resources available. Would you like to go with TensorFlow?
Yes, let's go with TensorFlow! What’s the next step?
  [37mname=TensorFlow, type=Machine Learning, compatibility=None, license=Open Source, cost=None, support=Community, user_level=None, popularity=50000[0m
Great choice! You can download TensorFlow for free from their official website. Would you like any help with the installation process?
Yes, that would be helpful! Can you guide me through the installation?
  [37mname=TensorFlow, type=Machine Learning, compatibility=None, license=Open Source, cost=Free, support=Community, user_level=None, popularity=50000[0m
Sure! First, ensure you have Python installed. Do you have Python set up on your system?
Yes, I have Python installed. What’s the next step?
  [37mname=TensorFlow, type=Machine Learning, compatibility=None, license=Open Source, cost=Free, support=Community, user_level=None, popularity=50000[0m
Next, open your command prompt or terminal and run the command: `pip install tensorflow`. Let me know when you're done!
Got it! I’ll run that command now.
  [37mname=TensorFlow, type=Machine Learning, compatibility=None, license=Open Source, cost=Free, support=Community, user_level=None, popularity=50000[0m
Perfect! Just let me know once the installation is complete.
The installation is complete! What should I do next?
  [37mname=TensorFlow, type=Machine Learning, compatibility=None, license=Open Source, cost=Free, support=Community, user_level=None, popularity=50000[0m
Now, you can verify the installation by running `import tensorflow as tf` in a Python environment. Let me know if it works!
----------------------------------------------------------------------------------------------------
I’ll check that now! By the way, can you help me find some AI innovations?
  [37mname=None, field=Artificial Intelligence, impact=None, funding=None, stage_of_development=None, region=None, scalability=None, timeline=None[0m
Of course! What specific characteristics are you looking for in AI innovations?
I'm interested in high-impact innovations at the concept stage, specifically in Asia, with global scalability.
  [37mname=None, field=Artificial Intelligence, impact=High, funding=None, stage_of_development=Concept, region=Asia, scalability=Global, timeline=None[0m
I have a great match for you: the Smart Diagnostic Assistant, which is high-impact, at the concept stage, based in Asia, and scalable globally. Does that sound good?
That sounds promising! Can you share more details about the Smart Diagnostic Assistant?
  [37mname=Smart Diagnostic Assistant, field=Artificial Intelligence, impact=High, funding=None, stage_of_development=Concept, region=Asia, scalability=Global, timeline=None[0m
The Smart Diagnostic Assistant is designed to enhance diagnostic accuracy, has government funding, and aims to be ready by 2025. Would you like to proceed with this innovation?
Yes, I’d like to proceed with the Smart Diagnostic Assistant! What are the next steps?
  [37mname=Smart Diagnostic Assistant, field=Artificial Intelligence, impact=High, funding=Government, stage_of_development=Concept, region=Asia, scalability=Global, timeline=2025[0m
Great choice! You can start by exploring its documentation and potential applications. Would you like help finding resources for it?
Yes, that would be really helpful! Can you point me to some resources?
  [37mname=Smart Diagnostic Assistant, field=Artificial Intelligence, impact=High, funding=Government, stage_of_development=Concept, region=Asia, scalability=Global, timeline=2025[0m
You can check out the official website and research papers on Google Scholar for detailed information. Would you like links to specific resources?
Yes, please! That would be fantastic!
  [37mname=Smart Diagnostic Assistant, field=Artificial Intelligence, impact=High, funding=Government, stage_of_development=Concept, region=Asia, scalability=Global, timeline=2025[0m
Sure! Here are some links: 

1. [Smart Diagnostic Assistant Official Site](https://www.smartdiagnosticassistant.com)
2. [Research Papers on Google Scholar](https://scholar.google.com/smartdiagnosticassistant)

Let me know if you need anything else!
====================================================================================================
Generating dialogues for data/DOTS/train/0172__sprint_planning_techniques__task_prioritization_techniques__retrospective_methods
----------------------------------------------------------------------------------------------------
Hey, I'm looking for a Sprint Planning Technique that lasts about medium duration. Do you have any suggestions?
  [37mname=None, effectiveness=None, team_size=None, duration=medium, complexity=None, experience_level=None, tool_support=None[0m
Sure! Are you looking for a specific team size or experience level?
Not really, I’m open to any team size or experience level. What do you recommend?
  [37mname=None, effectiveness=None, team_size=None, duration=medium, complexity=None, experience_level=None, tool_support=None[0m
You might consider "Planning Poker" or "MoSCoW Method." Would you like to know more about one of them?
Yes, can you tell me more about Planning Poker?
  [37mname=Planning Poker, effectiveness=None, team_size=None, duration=medium, complexity=None, experience_level=None, tool_support=None[0m
Planning Poker is effective, simple, suitable for beginners, and requires tool support. Would you like to go with that?
I prefer not to use tool support; do you have any other options?
  [37mname=None, effectiveness=None, team_size=None, duration=medium, complexity=None, experience_level=None, tool_support=False[0m
In that case, "MoSCoW Method" is a good fit; it’s effective, moderate complexity, and doesn’t require tool support. How does that sound?
That sounds great! Let's go with the MoSCoW Method.
  [37mname=MoSCoW Method, effectiveness=high, team_size=None, duration=medium, complexity=moderate, experience_level=beginner, tool_support=False[0m
Awesome choice! The MoSCoW Method it is!
----------------------------------------------------------------------------------------------------
Thanks! Now, I need help finding a Task Prioritization Technique. Any ideas?
  [37mname=MoSCoW Method, complexity=medium, team_experience=novice, focus=None, urgency=None, resource_availability=None, stakeholder_involvement=None, adaptability=None, scalability=None[0m
Sure! What specific characteristics are you looking for in a Task Prioritization Technique?
I'm aiming for something with medium complexity and high stakeholder involvement. What do you suggest?
  [37mname=None, complexity=medium, team_experience=None, focus=None, urgency=None, resource_availability=None, stakeholder_involvement=high, adaptability=None, scalability=None[0m
You might like "Story Mapping" or "MoSCoW Method." Would you like to explore one of these?
Let's explore Story Mapping; can you share more about it?
  [37mname=Story Mapping, complexity=medium, team_experience=None, focus=None, urgency=None, resource_availability=None, stakeholder_involvement=high, adaptability=None, scalability=None[0m
Story Mapping helps visualize user stories, promotes collaboration, and is adaptable. Does that sound good for your needs?
That sounds promising! Does it handle scarce resource availability well?
  [37mname=Story Mapping, complexity=medium, team_experience=None, focus=None, urgency=None, resource_availability=scarce, stakeholder_involvement=high, adaptability=None, scalability=None[0m
Story Mapping is best suited for moderate resource availability. Would you like to consider another option?
Yes, let’s look for another option that works well with scarce resources. Any suggestions?
  [37mname=Story Mapping, complexity=medium, team_experience=None, focus=None, urgency=None, resource_availability=scarce, stakeholder_involvement=high, adaptability=None, scalability=None[0m
How about "Impact Mapping"? It has medium complexity, high stakeholder involvement, and works well with scarce resources. What do you think?
Impact Mapping sounds like a solid choice! Let's go with that.
  [37mname=Impact Mapping, complexity=medium, team_experience=None, focus=None, urgency=None, resource_availability=scarce, stakeholder_involvement=high, adaptability=None, scalability=None[0m
Great choice! Impact Mapping it is!
----------------------------------------------------------------------------------------------------
Thanks! Now, I need a suitable Retrospective Method. Any recommendations?
  [37mname=None, format=None, duration=None, goal=None, team_size=None, ease_of_use=None, engagement_level=None, tools_needed=None, facilitator_experience=None, anonymity=None[0m
Sure! What specific goals or formats are you considering for the Retrospective Method?
I'm looking for an in-person format focused on team building. What do you suggest?
  [37mname=None, format=in-person, duration=None, goal=team building, team_size=None, ease_of_use=None, engagement_level=None, tools_needed=None, facilitator_experience=None, anonymity=None[0m
You might like the "4Ls (Liked, Learned, Lacked, Longed For)" in-person method; it’s great for team building. How does that sound?
That sounds interesting! Does it require any specific tools?
  [37mname=4Ls (Liked, Learned, Lacked, Longed For), format=in-person, duration=None, goal=team building, team_size=None, ease_of_use=None, engagement_level=None, tools_needed=False, facilitator_experience=None, anonymity=None[0m
Yes, the 4Ls method requires some tools. Would you like to consider another in-person option that doesn't need tools?
Yes, please suggest another in-person method that doesn’t require tools.
  [37mname=None, format=in-person, duration=None, goal=team building, team_size=None, ease_of_use=None, engagement_level=None, tools_needed=True, facilitator_experience=None, anonymity=None[0m
You could try "What Went Well, What Didn't"; it’s in-person, focused on team building, and doesn't need tools. How does that sound?
That sounds perfect! Let's go with "What Went Well, What Didn't."
  [37mname=What Went Well, What Didn't, format=in-person, duration=None, goal=team building, team_size=None, ease_of_use=None, engagement_level=None, tools_needed=False, facilitator_experience=None, anonymity=None[0m
Excellent choice! "What Went Well, What Didn't" it is!
====================================================================================================
----------------------------------------------------------------------------------------------------
Hey, I'm looking for a Sprint Planning Technique with medium effectiveness; any suggestions?
  [37mname=None, effectiveness=medium, team_size=None, duration=None, complexity=None, experience_level=None, tool_support=None[0m
Sure! Are you looking for a specific team size or duration for the session?
I have a team size of 3 and prefer a short duration.
  [37mname=None, effectiveness=medium, team_size=3, duration=short, complexity=None, experience_level=None, tool_support=None[0m
I recommend the MoSCoW Prioritization technique; it fits your criteria perfectly! Would you like to go with that?
That sounds great, but is it simple enough for a beginner team?
  [37mname=MoSCoW Prioritization, effectiveness=medium, team_size=3, duration=short, complexity=None, experience_level=beginner, tool_support=None[0m
Yes, it's designed to be simple and is suitable for beginner teams. Would you like to confirm MoSCoW Prioritization?
Yes, let's go with MoSCoW Prioritization!
  [37mname=MoSCoW Prioritization, effectiveness=medium, team_size=3, duration=short, complexity=simple, experience_level=beginner, tool_support=None[0m
Awesome choice! MoSCoW Prioritization it is. Happy planning!
----------------------------------------------------------------------------------------------------
Thanks! Now, can you suggest a Task Prioritization Technique that focuses on value?
  [37mname=MoSCoW Prioritization, complexity=low, team_experience=novice, focus=value, urgency=None, resource_availability=None, stakeholder_involvement=None, adaptability=None, scalability=None[0m
Sure! Are you looking for a specific level of team experience for that technique?
Yes, the team experience level should be intermediate.
  [37mname=MoSCoW Prioritization, complexity=low, team_experience=intermediate, focus=value, urgency=None, resource_availability=None, stakeholder_involvement=None, adaptability=None, scalability=None[0m
I recommend the Impact Mapping technique; it focuses on value and is suitable for intermediate teams. Would you like to choose that?
That sounds good! Is it adaptable to changing project conditions?
  [37mname=Impact Mapping, complexity=None, team_experience=intermediate, focus=value, urgency=None, resource_availability=None, stakeholder_involvement=None, adaptability=dynamic, scalability=None[0m
Yes, Impact Mapping is dynamic and adaptable to changes. Would you like to confirm it?
Yes, let's confirm Impact Mapping!
  [37mname=Impact Mapping, complexity=None, team_experience=intermediate, focus=value, urgency=None, resource_availability=None, stakeholder_involvement=None, adaptability=dynamic, scalability=None[0m
Great choice! Impact Mapping is confirmed. Happy prioritizing!
----------------------------------------------------------------------------------------------------
Thanks! Now, I need help finding a Retrospective Method for team building. Any ideas?
  [37mname=None, format=None, duration=None, goal=team building, team_size=None, ease_of_use=None, engagement_level=None, tools_needed=None, facilitator_experience=None, anonymity=None[0m
Sure! Do you have a preference for the format, like in-person or remote?
I prefer an in-person format for the retrospective.
  [37mname=None, format=in-person, duration=None, goal=team building, team_size=None, ease_of_use=None, engagement_level=None, tools_needed=None, facilitator_experience=None, anonymity=None[0m
How about the "Mad-Sad-Glad" method? It’s great for team building and works well in-person. Would you like to go with that?
That sounds interesting! Does it require any specific tools?
  [37mname=Mad-Sad-Glad, format=in-person, duration=None, goal=team building, team_size=None, ease_of_use=None, engagement_level=None, tools_needed=None, facilitator_experience=None, anonymity=None[0m
Yes, it does require some tools or materials for the session. Is that okay with you?
Yes, that's fine. Let's go with the "Mad-Sad-Glad" method!
  [37mname=Mad-Sad-Glad, format=in-person, duration=None, goal=team building, team_size=None, ease_of_use=None, engagement_level=None, tools_needed=True, facilitator_experience=None, anonymity=None[0m
Awesome choice! "Mad-Sad-Glad" is confirmed for your retrospective. Enjoy the session!
====================================================================================================
----------------------------------------------------------------------------------------------------
Hey, I'm looking for a high effectiveness Sprint Planning Technique for a team of four. Any suggestions?
  [37mname=None, effectiveness=high, team_size=4, duration=None, complexity=None, experience_level=None, tool_support=None[0m
The options are limited since most high effectiveness techniques are for larger teams; would you consider a medium effectiveness technique instead?
I really prefer to stick with high effectiveness if possible; can you recommend any that might work for my team size?
  [37mname=None, effectiveness=high, team_size=4, duration=None, complexity=None, experience_level=None, tool_support=None[0m
The only high effectiveness technique is for teams of three or more, like the Feature Prioritization, but it's for a team of three. Would you like to explore that?
I appreciate the suggestion, but I’d prefer to keep it for a team of four. What about any moderate effectiveness techniques?
  [37mname=None, effectiveness=high, team_size=4, duration=None, complexity=None, experience_level=None, tool_support=None[0m
For a team of four, you could consider the MoSCoW Method, which has moderate effectiveness and is suitable for your team size. Would that work for you?
That sounds interesting! Can you tell me more about the MoSCoW Method and its duration?
  [37mname=MoSCoW Method, effectiveness=medium, team_size=4, duration=None, complexity=None, experience_level=None, tool_support=None[0m
The MoSCoW Method is effective for prioritizing tasks and has a medium duration for the planning session. Would you like to go ahead with this technique?
Yes, that sounds great! Let’s go with the MoSCoW Method for our Sprint Planning.
  [37mname=MoSCoW Method, effectiveness=medium, team_size=4, duration=medium, complexity=None, experience_level=None, tool_support=None[0m
Awesome choice! The MoSCoW Method will help your team prioritize effectively. Good luck with your sprint planning!
----------------------------------------------------------------------------------------------------
Thanks! Now, can we look for a suitable Task Prioritization Technique? What options do you recommend for high complexity?
  [37mname=None, complexity=high, team_experience=None, focus=None, urgency=None, resource_availability=None, stakeholder_involvement=None, adaptability=None, scalability=None[0m
For high complexity, you have the Weighted Shortest Job First (WSJF) and the Kano Model. Do any of these catch your interest?
I’m leaning towards the Weighted Shortest Job First (WSJF). Can you share how it focuses on value?
  [37mname=Weighted Shortest Job First (WSJF), complexity=high, team_experience=None, focus=value, urgency=None, resource_availability=None, stakeholder_involvement=None, adaptability=None, scalability=None[0m
WSJF focuses on maximizing value by prioritizing tasks that deliver the highest return on investment in the shortest time. Ready to proceed with WSJF?
Yes, that sounds perfect! Let's finalize the Weighted Shortest Job First (WSJF) technique for task prioritization.
  [37mname=Weighted Shortest Job First (WSJF), complexity=high, team_experience=None, focus=value, urgency=None, resource_availability=None, stakeholder_involvement=None, adaptability=None, scalability=None[0m
Great choice! The Weighted Shortest Job First (WSJF) will enhance your task prioritization. Best of luck with your project!
----------------------------------------------------------------------------------------------------
Thanks! Now, can we explore some suitable Retrospective Methods for my team of five?
  [37mname=None, format=None, duration=None, goal=None, team_size=5, ease_of_use=None, engagement_level=None, tools_needed=None, facilitator_experience=None, anonymity=None[0m
Sure! For a team of five, we can look at methods like "Timeline Retrospective" or "Sailboat." Do you have a specific goal for the retrospective?
I’m aiming for a medium engagement level. Which of those methods would work best for that?
  [37mname=None, format=None, duration=None, goal=None, team_size=5, ease_of_use=None, engagement_level=medium, tools_needed=None, facilitator_experience=None, anonymity=None[0m
The "Sailboat" method fits well with medium engagement levels and focuses on problem-solving. Would you like to go with that?
Yes, let's go with the "Sailboat" method for our retrospective!
  [37mname=Sailboat, format=None, duration=None, goal=problem solving, team_size=5, ease_of_use=None, engagement_level=medium, tools_needed=None, facilitator_experience=None, anonymity=None[0m
Excellent choice! The "Sailboat" method will facilitate great discussions. Good luck with your retrospective!
====================================================================================================
----------------------------------------------------------------------------------------------------
I'm looking for a medium effectiveness Sprint Planning Technique; do you have any suggestions?
  [37mname=None, effectiveness=medium, team_size=None, duration=None, complexity=None, experience_level=None, tool_support=None[0m
Sure! What team size are you working with?
We have a flexible team size, so any size would work.
  [37mname=None, effectiveness=medium, team_size=None, duration=None, complexity=None, experience_level=None, tool_support=None[0m
Great! Do you have a preference for the duration of the planning session—short, medium, or long?
Yes, I'm looking for a medium duration session.
  [37mname=None, effectiveness=medium, team_size=None, duration=medium, complexity=None, experience_level=None, tool_support=None[0m
Got it! Based on that, I recommend the MoSCoW Method or the Value vs. Effort Matrix. Do either of those sound good to you?
The MoSCoW Method sounds interesting; can you tell me more about it?
  [37mname=MoSCoW Method, effectiveness=medium, team_size=None, duration=medium, complexity=None, experience_level=None, tool_support=None[0m
The MoSCoW Method is a medium effectiveness technique suitable for teams of 4, with moderate complexity and no tool support needed. Would you like to go with that?
That sounds perfect! Let's go with the MoSCoW Method.
  [37mname=MoSCoW Method, effectiveness=medium, team_size=4, duration=medium, complexity=moderate, experience_level=None, tool_support=False[0m
Awesome choice! The MoSCoW Method it is. Good luck with your sprint planning!
----------------------------------------------------------------------------------------------------
Thanks! Now, I need help finding a Task Prioritization Technique that fits my next criteria. Any thoughts?
  [37mname=MoSCoW Method, complexity=medium, team_experience=None, focus=None, urgency=None, resource_availability=None, stakeholder_involvement=None, adaptability=None, scalability=None[0m
Of course! What specific characteristics are you looking for in this Task Prioritization Technique?
I'm aiming for a technique that focuses on value and has low stakeholder involvement.
  [37mname=None, complexity=low, team_experience=None, focus=value, urgency=None, resource_availability=None, stakeholder_involvement=low, adaptability=None, scalability=None[0m
How about the Pareto Analysis? It focuses on effort and has low stakeholder involvement. Would that work for you?
It sounds good, but I really need something that emphasizes value instead of effort. Any other suggestions?
  [37mname=None, complexity=low, team_experience=None, focus=value, urgency=None, resource_availability=None, stakeholder_involvement=low, adaptability=None, scalability=None[0m
You might consider the RICE Scoring method; it focuses on value and has moderate stakeholder involvement. How does that sound?
That sounds promising! Can you tell me if it fits my adaptability and scalability needs?
  [37mname=RICE Scoring, complexity=medium, team_experience=None, focus=value, urgency=None, resource_availability=None, stakeholder_involvement=moderate, adaptability=None, scalability=None[0m
The RICE Scoring method is dynamic in adaptability and has extensive scalability. Does that meet your needs?
I need something with static adaptability and limited scalability. Any alternatives?
  [37mname=None, complexity=low, team_experience=None, focus=value, urgency=None, resource_availability=None, stakeholder_involvement=low, adaptability=static, scalability=limited[0m
In that case, the Pareto Analysis fits your criteria with static adaptability and limited scalability. Would you like to go with that?
Yes, the Pareto Analysis works for me! Let's go with that.
  [37mname=Pareto Analysis, complexity=low, team_experience=None, focus=value, urgency=None, resource_availability=None, stakeholder_involvement=low, adaptability=static, scalability=limited[0m
Great choice! The Pareto Analysis it is. Good luck with your task prioritization!
----------------------------------------------------------------------------------------------------
Thanks! Now, I need your help finding a suitable Retrospective Method. What do you recommend?
  [37mname=None, format=None, duration=None, goal=None, team_size=None, ease_of_use=None, engagement_level=None, tools_needed=None, facilitator_experience=None, anonymity=None[0m
Sure! What specific characteristics are you looking for in a Retrospective Method?
I'm looking for a hybrid format with a focus on problem solving.
  [37mname=None, format=hybrid, duration=None, goal=problem solving, team_size=None, ease_of_use=None, engagement_level=None, tools_needed=None, facilitator_experience=None, anonymity=None[0m
How about the "Sailboat" method? It’s hybrid and focuses on problem solving. Does that sound good?
That sounds interesting! Can you tell me about its engagement level and ease of use?
  [37mname=Sailboat, format=hybrid, duration=None, goal=problem solving, team_size=None, ease_of_use=None, engagement_level=None, tools_needed=None, facilitator_experience=None, anonymity=None[0m
The "Sailboat" method has a medium engagement level and is moderately easy to use. Would you like to proceed with that?
That fits well! Let's go with the "Sailboat" method for the retrospective.
  [37mname=Sailboat, format=hybrid, duration=None, goal=problem solving, team_size=None, ease_of_use=moderate, engagement_level=medium, tools_needed=None, facilitator_experience=None, anonymity=None[0m
Excellent choice! The "Sailboat" method it is. Wishing you a productive retrospective!
====================================================================================================
----------------------------------------------------------------------------------------------------
Hey, I'm looking for a Sprint Planning Technique that has medium effectiveness. Do you have any suggestions?
  [37mname=None, effectiveness=medium, team_size=None, duration=None, complexity=None, experience_level=None, tool_support=None[0m
Sure! Do you have a specific team size in mind?
Yes, our team size is 4 members.
  [37mname=None, effectiveness=medium, team_size=4, duration=None, complexity=None, experience_level=None, tool_support=None[0m
Great! I recommend the MoSCoW Method or the Value vs. Effort Matrix. Which one sounds better to you?
I'm leaning towards the MoSCoW Method. What about its duration?
  [37mname=MoSCoW Method, effectiveness=medium, team_size=4, duration=None, complexity=None, experience_level=None, tool_support=None[0m
The MoSCoW Method has a medium duration for the planning session. Does that work for you?
Actually, I prefer a longer duration for the planning session. Any other options?
  [37mname=None, effectiveness=medium, team_size=4, duration=long, complexity=None, experience_level=None, tool_support=None[0m
In that case, you could consider the Kano Model, but it's for a team size of 4 and has medium effectiveness. Would that interest you?
The Kano Model sounds interesting, but I need something with medium effectiveness. Any complex techniques that fit?
  [37mname=None, effectiveness=medium, team_size=4, duration=long, complexity=complex, experience_level=None, tool_support=None[0m
The User Story Mapping technique is complex and has high effectiveness, but it may not meet your medium effectiveness requirement. Would you like to explore something else?
Yes, let's explore other complex techniques that meet the medium effectiveness requirement. What else do you suggest?
  [37mname=None, effectiveness=medium, team_size=4, duration=long, complexity=None, experience_level=None, tool_support=None[0m
Unfortunately, there aren't any complex techniques with medium effectiveness in the options. Would you like to reconsider the MoSCoW Method or the Value vs. Effort Matrix?
I think I’ll go with the MoSCoW Method then. Thanks for your help!
  [37mname=MoSCoW Method, effectiveness=medium, team_size=4, duration=long, complexity=None, experience_level=None, tool_support=None[0m
You're welcome! The MoSCoW Method is a solid choice. Good luck with your sprint planning!
----------------------------------------------------------------------------------------------------
Thanks! Now, can you help me find a suitable Task Prioritization Technique?
  [37mname=MoSCoW Method, complexity=medium, team_experience=None, focus=None, urgency=None, resource_availability=None, stakeholder_involvement=None, adaptability=None, scalability=None[0m
Of course! What specific characteristics are you looking for in a Task Prioritization Technique?
I need something with medium complexity and immediate urgency. Any ideas?
  [37mname=None, complexity=medium, team_experience=None, focus=None, urgency=immediate, resource_availability=None, stakeholder_involvement=None, adaptability=None, scalability=None[0m
Yes, the Value vs. Effort Matrix fits your criteria. Would you like to know more about it?
Yes, tell me how it handles resource availability!
  [37mname=Value vs. Effort Matrix, complexity=medium, team_experience=None, focus=None, urgency=immediate, resource_availability=None, stakeholder_involvement=None, adaptability=None, scalability=None[0m
The Value vs. Effort Matrix is best suited for scarce resource availability. Does that work for you?
That works perfectly! What about stakeholder involvement?
  [37mname=Value vs. Effort Matrix, complexity=medium, team_experience=None, focus=None, urgency=immediate, resource_availability=scarce, stakeholder_involvement=None, adaptability=None, scalability=None[0m
It requires low stakeholder involvement. Does that fit your needs?
I prefer medium stakeholder involvement. Can you suggest something else?
  [37mname=Value vs. Effort Matrix, complexity=medium, team_experience=None, focus=None, urgency=immediate, resource_availability=scarce, stakeholder_involvement=medium, adaptability=None, scalability=None[0m
You might consider the MoSCoW Method; it has medium complexity and medium stakeholder involvement. How does that sound?
The MoSCoW Method sounds good! Let's go with that. Thanks!
  [37mname=MoSCoW Method, complexity=medium, team_experience=None, focus=None, urgency=immediate, resource_availability=scarce, stakeholder_involvement=medium, adaptability=None, scalability=None[0m
Great choice! The MoSCoW Method will serve you well. Good luck with your prioritization!
----------------------------------------------------------------------------------------------------
Thanks! Now, can you help me find a suitable Retrospective Method?
  [37mname=None, format=None, duration=None, goal=None, team_size=None, ease_of_use=medium, engagement_level=medium, tools_needed=None, facilitator_experience=None, anonymity=None[0m
Absolutely! What specific characteristics are you looking for in a Retrospective Method?
I'm looking for a hybrid format, easy to use, and focused on celebration. Any suggestions?
  [37mname=None, format=hybrid, duration=None, goal=celebration, team_size=None, ease_of_use=easy, engagement_level=None, tools_needed=None, facilitator_experience=None, anonymity=None[0m
The "What Went Well, What Didn’t" method in hybrid format fits your criteria perfectly. Would you like to go with that?
That sounds great! Does it require any specific tools?
  [37mname=What Went Well, What Didn’t, format=hybrid, duration=None, goal=celebration, team_size=None, ease_of_use=easy, engagement_level=None, tools_needed=None, facilitator_experience=None, anonymity=None[0m
No, it doesn't require any specific tools. Are you ready to confirm your choice?
Yes, let's confirm the "What Went Well, What Didn’t" method! Thanks for your help!
  [37mname=What Went Well, What Didn’t, format=hybrid, duration=None, goal=celebration, team_size=None, ease_of_use=easy, engagement_level=None, tools_needed=False, facilitator_experience=None, anonymity=None[0m
You're welcome! Great choice with the "What Went Well, What Didn’t" method. Good luck with your retrospective!
====================================================================================================
----------------------------------------------------------------------------------------------------
Hey, I'm looking for a Sprint Planning technique that's medium effective and supports tool use. Got any suggestions?
  [37mname=None, effectiveness=medium, team_size=None, duration=None, complexity=None, experience_level=None, tool_support=True[0m
Sure! We have a couple of techniques, but can you tell me the size of your team?
My team size is 8. What do you recommend?
  [37mname=None, effectiveness=medium, team_size=8, duration=None, complexity=None, experience_level=None, tool_support=True[0m
For a team of 8, I recommend the "Backlog Refinement" technique, but its effectiveness is high. Would you like to consider it?
I'm aiming for medium effectiveness, but what about its complexity?
  [37mname=None, effectiveness=medium, team_size=8, duration=None, complexity=None, experience_level=None, tool_support=True[0m
The "Backlog Refinement" has a complex nature. Are you open to simpler techniques, or do you prefer to stick with medium effectiveness?
I prefer to stick with medium effectiveness, even if it means considering simpler techniques. What do you suggest?
  [37mname=None, effectiveness=medium, team_size=8, duration=None, complexity=simple, experience_level=None, tool_support=True[0m
In that case, how about the "T-shirt Sizing"? It's medium effective and simple, but it doesn't support tools. Would that work for you?
I really need tool support, so that won't work. Any other options?
  [37mname=None, effectiveness=medium, team_size=8, duration=None, complexity=simple, experience_level=None, tool_support=True[0m
Unfortunately, there are no medium effective techniques with tool support for a team of 8. Would you like to explore high effectiveness options instead?
Yes, let's explore high effectiveness options. What do you recommend?
  [37mname=None, effectiveness=high, team_size=8, duration=None, complexity=None, experience_level=None, tool_support=True[0m
I recommend "Backlog Refinement" or "User Story Mapping." Both are high effectiveness techniques and support tools. Which one interests you?
I'm leaning towards "User Story Mapping." Can you tell me about its complexity?
  [37mname=User Story Mapping, effectiveness=high, team_size=8, duration=None, complexity=moderate, experience_level=None, tool_support=True[0m
"User Story Mapping" is considered complex. Does that fit with your team's experience level?
Yes, my team is advanced, so that should work. Let's go with "User Story Mapping"!
  [37mname=User Story Mapping, effectiveness=high, team_size=8, duration=None, complexity=complex, experience_level=advanced, tool_support=True[0m
Great choice! "User Story Mapping" it is. Good luck with your sprint planning!
----------------------------------------------------------------------------------------------------
Thanks! Now, I need your help finding a Task Prioritization Technique. What’s your first suggestion?
  [37mname=User Story Mapping, complexity=high, team_experience=expert, focus=None, urgency=None, resource_availability=None, stakeholder_involvement=None, adaptability=None, scalability=None[0m
Can you tell me what specific characteristics you're looking for in a Task Prioritization Technique?
I'm looking for something with medium complexity and high stakeholder involvement. What do you recommend?
  [37mname=None, complexity=medium, team_experience=None, focus=None, urgency=None, resource_availability=None, stakeholder_involvement=high, adaptability=None, scalability=None[0m
I recommend "RICE Scoring." It has medium complexity and high stakeholder involvement. Does that sound good?
That sounds promising! What about its focus area?
  [37mname=RICE Scoring, complexity=medium, team_experience=expert, focus=None, urgency=None, resource_availability=None, stakeholder_involvement=high, adaptability=None, scalability=None[0m
"RICE Scoring" focuses on value. Does that align with what you're looking for?
Actually, I'm looking for a focus on effort. Any alternatives?
  [37mname=None, complexity=medium, team_experience=expert, focus=effort, urgency=None, resource_availability=None, stakeholder_involvement=high, adaptability=None, scalability=None[0m
How about "Impact Effort Matrix"? It has medium complexity, high stakeholder involvement, and focuses on effort. Would that work for you?
Yes, that sounds perfect! What can you tell me about its adaptability?
  [37mname=Impact Effort Matrix, complexity=medium, team_experience=expert, focus=effort, urgency=None, resource_availability=None, stakeholder_involvement=high, adaptability=None, scalability=None[0m
The "Impact Effort Matrix" is dynamic, meaning it adapts well to changes. Are you ready to go with it?
Absolutely! Let's finalize the "Impact Effort Matrix" for Task Prioritization. Thanks!
  [37mname=Impact Effort Matrix, complexity=medium, team_experience=expert, focus=effort, urgency=None, resource_availability=None, stakeholder_involvement=high, adaptability=dynamic, scalability=None[0m
You're all set with the "Impact Effort Matrix"! Good luck with your project!
----------------------------------------------------------------------------------------------------
Thanks! Now I need your help finding a suitable Retrospective Method. What do you recommend?
  [37mname=None, format=None, duration=None, goal=None, team_size=None, ease_of_use=None, engagement_level=None, tools_needed=None, facilitator_experience=None, anonymity=None[0m
What specific characteristics are you looking for in a Retrospective Method?
I need a hybrid format, easy to use, and focused on identifying improvements. Any suggestions?
  [37mname=None, format=hybrid, duration=None, goal=identify improvements, team_size=None, ease_of_use=easy, engagement_level=None, tools_needed=None, facilitator_experience=None, anonymity=None[0m
I recommend "Dot Voting" in hybrid format. It's easy to use and focuses on identifying improvements. Does that sound good?
That sounds great! What about the required tools for "Dot Voting"?
  [37mname=Dot Voting, format=hybrid, duration=None, goal=identify improvements, team_size=None, ease_of_use=easy, engagement_level=None, tools_needed=None, facilitator_experience=None, anonymity=None[0m
"Dot Voting" requires specific tools. Are you okay with that?
Yes, I'm fine with tools. Let's go with "Dot Voting"!
  [37mname=Dot Voting, format=hybrid, duration=None, goal=identify improvements, team_size=None, ease_of_use=easy, engagement_level=None, tools_needed=True, facilitator_experience=None, anonymity=None[0m
Awesome choice! "Dot Voting" it is for your retrospective method. Enjoy your session!
====================================================================================================
----------------------------------------------------------------------------------------------------
Hey, I'm looking for a Sprint Planning Technique that's really effective. What do you suggest?
  [37mname=None, effectiveness=high, team_size=None, duration=None, complexity=None, experience_level=None, tool_support=None[0m
I recommend looking at techniques with high effectiveness, like Dot Voting or Planning Poker. What team size do you have?
We have a team size of 8. Would those techniques work for that?
  [37mname=None, effectiveness=high, team_size=8, duration=None, complexity=None, experience_level=None, tool_support=None[0m
Dot Voting is suitable for a team of 10, but T-shirt Sizing and Backlog Refinement also fit for 8. Do you have a preferred session duration?
Yes, I'd prefer a short session duration. How do those techniques fit with that?
  [37mname=None, effectiveness=high, team_size=8, duration=short, complexity=None, experience_level=None, tool_support=None[0m
T-shirt Sizing has a short duration, but Backlog Refinement is long. Would you like to focus on T-shirt Sizing then?
T-shirt Sizing sounds good! Is it simple enough for a beginner team?
  [37mname=T-shirt Sizing, effectiveness=high, team_size=8, duration=short, complexity=simple, experience_level=beginner, tool_support=None[0m
Yes, T-shirt Sizing is simple, but the one for beginners is only effective at a medium level. Would you like to consider that or explore other options?
I really want high effectiveness. Are there any other simple techniques for beginners that might fit?
  [37mname=T-shirt Sizing, effectiveness=medium, team_size=8, duration=short, complexity=simple, experience_level=beginner, tool_support=None[0m
Unfortunately, the only simple technique for beginners with high effectiveness is T-shirt Sizing, but it's medium. Would you like to go with it or explore other options?
Let's go with T-shirt Sizing then; it seems like the best fit overall!
  [37mname=T-shirt Sizing, effectiveness=medium, team_size=8, duration=short, complexity=simple, experience_level=beginner, tool_support=None[0m
Great choice! T-shirt Sizing it is. Good luck with your sprint planning!
----------------------------------------------------------------------------------------------------
Thanks! Now, can you help me find a Task Prioritization Technique that matches my criteria?
  [37mname=T-shirt Sizing, complexity=medium, team_experience=novice, focus=None, urgency=None, resource_availability=None, stakeholder_involvement=None, adaptability=None, scalability=None[0m
Of course! What specific characteristics are you looking for in a Task Prioritization Technique?
I'm focusing on value and complexity, with medium complexity and intermediate team experience. What do you recommend?
  [37mname=None, complexity=medium, team_experience=intermediate, focus=value, urgency=None, resource_availability=None, stakeholder_involvement=None, adaptability=None, scalability=None[0m
I recommend the MoSCoW technique or Value vs. Complexity; both match your criteria. Which one interests you more?
Value vs. Complexity sounds intriguing! Does it handle tasks with immediate urgency well?
  [37mname=Value vs. Complexity, complexity=medium, team_experience=intermediate, focus=value, urgency=immediate, resource_availability=None, stakeholder_involvement=None, adaptability=None, scalability=None[0m
Value vs. Complexity is best for flexible urgency, not immediate. Would you still like to consider it or look for alternatives?
Let’s look for alternatives that handle immediate urgency better. What do you suggest?
  [37mname=Value vs. Complexity, complexity=medium, team_experience=intermediate, focus=value, urgency=None, resource_availability=None, stakeholder_involvement=None, adaptability=None, scalability=None[0m
You could consider Dot Voting or Value vs. Effort; both handle immediate urgency and focus on value. Which one do you prefer?
I like Dot Voting! Is it suitable for a team with intermediate experience?
  [37mname=Dot Voting, complexity=medium, team_experience=intermediate, focus=value, urgency=immediate, resource_availability=None, stakeholder_involvement=None, adaptability=None, scalability=None[0m
Dot Voting is best for novice teams, but it can still work for intermediates. Are you okay with that?
Yes, I’m okay with that! Does Dot Voting require high stakeholder involvement?
  [37mname=Dot Voting, complexity=low, team_experience=intermediate, focus=value, urgency=immediate, resource_availability=None, stakeholder_involvement=low, adaptability=None, scalability=None[0m
Dot Voting requires medium stakeholder involvement, which is manageable. Ready to go with Dot Voting?
Absolutely, let's finalize Dot Voting for task prioritization!
  [37mname=Dot Voting, complexity=low, team_experience=intermediate, focus=value, urgency=immediate, resource_availability=None, stakeholder_involvement=medium, adaptability=None, scalability=None[0m
Excellent choice! Dot Voting is set for your task prioritization. Good luck!
----------------------------------------------------------------------------------------------------
Thanks! Now, can you help me find a suitable Retrospective Method? What techniques do you think would work for a remote format?
  [37mname=None, format=remote, duration=None, goal=None, team_size=None, ease_of_use=None, engagement_level=None, tools_needed=None, facilitator_experience=None, anonymity=None[0m
Sure! For remote formats, options like Start / Stop / Continue or What Went Well / What Could Be Improved are great choices. Do any of these catch your interest?
Start / Stop / Continue sounds interesting! Is it easy to facilitate?
  [37mname=Start / Stop / Continue, format=remote, duration=None, goal=None, team_size=None, ease_of_use=easy, engagement_level=None, tools_needed=None, facilitator_experience=None, anonymity=None[0m
Yes, Start / Stop / Continue is easy to facilitate, making it great for beginners. Would you like to go with that one?
Yes, let's go with Start / Stop / Continue for the retrospective!
  [37mname=Start / Stop / Continue, format=remote, duration=None, goal=None, team_size=None, ease_of_use=easy, engagement_level=None, tools_needed=None, facilitator_experience=None, anonymity=None[0m
Great choice! Start / Stop / Continue is set for your retrospective. Good luck!
====================================================================================================
----------------------------------------------------------------------------------------------------
Hey, I'm looking for a Sprint Planning Technique with a medium duration and complex complexity. Any suggestions?
  [37mname=None, effectiveness=None, team_size=None, duration=medium, complexity=complex, experience_level=None, tool_support=None[0m
You might want to consider the "Value vs. Effort Matrix" or "Story Mapping." Would you like to know more about either?
Can you tell me more about the "Value vs. Effort Matrix"?
  [37mname=Value vs. Effort Matrix, effectiveness=None, team_size=None, duration=medium, complexity=complex, experience_level=None, tool_support=None[0m
The "Value vs. Effort Matrix" is effective at a medium level, suitable for a team of 4, and doesn't require tool support. Does that fit your needs?
That sounds good, but I'm looking for something more complex. Any other options?
  [37mname=None, effectiveness=medium, team_size=4, duration=medium, complexity=complex, experience_level=None, tool_support=False[0m
In that case, "Backlog Refinement" is complex and has a long duration, but it requires advanced experience. Would that work for you?
I'm aiming for a medium duration instead. Any complex techniques that fit that?
  [37mname=None, effectiveness=medium, team_size=4, duration=medium, complexity=complex, experience_level=None, tool_support=False[0m
Unfortunately, there aren't any complex techniques with medium duration in the options. Would you be open to considering a moderate complexity technique instead?
Yes, I can consider moderate complexity. What do you suggest?
  [37mname=None, effectiveness=medium, team_size=4, duration=medium, complexity=moderate, experience_level=None, tool_support=False[0m
You could go for "Weighted Shortest Job First" or "Feature Prioritization." Would you like details on one of these?
Can you share more about "Weighted Shortest Job First"?
  [37mname=None, effectiveness=medium, team_size=4, duration=medium, complexity=moderate, experience_level=None, tool_support=False[0m
"Weighted Shortest Job First" is highly effective, suited for a team of 7, has a long duration, and requires advanced experience with tool support. How does that sound?
That doesn't fit my needs; I need medium duration and no tool support. Any other moderate complexity options?
  [37mname=None, effectiveness=medium, team_size=None, duration=medium, complexity=moderate, experience_level=None, tool_support=False[0m
You might consider "Feature Prioritization," which has a medium duration, moderate complexity, and doesn't require tool support. Interested in that one?
Yes, "Feature Prioritization" sounds like a great fit! Let's go with that.
  [37mname=Feature Prioritization, effectiveness=medium, team_size=7, duration=medium, complexity=moderate, experience_level=None, tool_support=False[0m
Great choice! "Feature Prioritization" it is! If you need any further assistance, just let me know.
----------------------------------------------------------------------------------------------------
Thanks! Now, I need help finding a Task Prioritization Technique. Any thoughts?
  [37mname=Feature Prioritization, complexity=medium, team_experience=None, focus=None, urgency=None, resource_availability=None, stakeholder_involvement=None, adaptability=None, scalability=None[0m
What specific characteristics are you looking for in the Task Prioritization Technique?
I'm looking for something with medium complexity and a focus on value.
  [37mname=Feature Prioritization, complexity=medium, team_experience=None, focus=value, urgency=None, resource_availability=None, stakeholder_involvement=None, adaptability=None, scalability=None[0m
You might like "User Story Mapping" or "Feature Prioritization." Would you like more details on one of these?
Can you tell me more about "User Story Mapping"?
  [37mname=Feature Prioritization, complexity=medium, team_experience=None, focus=value, urgency=None, resource_availability=None, stakeholder_involvement=None, adaptability=None, scalability=None[0m
"User Story Mapping" has medium complexity, focuses on value, and requires moderate resource availability with high stakeholder involvement. Does that sound good to you?
The high stakeholder involvement is a concern; I'm looking for something with medium involvement. Any alternatives?
  [37mname=User Story Mapping, complexity=medium, team_experience=None, focus=value, urgency=None, resource_availability=moderate, stakeholder_involvement=medium, adaptability=None, scalability=None[0m
You could consider "Feature Prioritization," which has medium complexity, a focus on value, and medium stakeholder involvement. Would you like to go with that?
Yes, "Feature Prioritization" sounds perfect! Let's finalize that choice.
  [37mname=Feature Prioritization, complexity=medium, team_experience=None, focus=value, urgency=None, resource_availability=None, stakeholder_involvement=medium, adaptability=None, scalability=None[0m
Awesome! "Feature Prioritization" it is! If you need anything else, feel free to ask.
----------------------------------------------------------------------------------------------------
I need help finding a suitable Retrospective Method. Any suggestions?
  [37mname=None, format=None, duration=None, goal=None, team_size=None, ease_of_use=moderate, engagement_level=medium, tools_needed=False, facilitator_experience=None, anonymity=None[0m
What specific characteristics are you looking for in a Retrospective Method?
I'm looking for a remote format, easy to use, and focused on identifying improvements.
  [37mname=None, format=remote, duration=None, goal=identify improvements, team_size=None, ease_of_use=easy, engagement_level=None, tools_needed=None, facilitator_experience=None, anonymity=None[0m
You might want to consider "Dot Voting," which is remote, easy to use, and focuses on identifying improvements. Interested in that one?
Yes, "Dot Voting" sounds great! Let's go with that.
  [37mname=Dot Voting, format=remote, duration=None, goal=identify improvements, team_size=None, ease_of_use=easy, engagement_level=None, tools_needed=False, facilitator_experience=None, anonymity=None[0m
Fantastic choice! "Dot Voting" it is! If you need any more help, just let me know.
====================================================================================================
----------------------------------------------------------------------------------------------------
I'm looking for a highly effective Sprint Planning Technique that lasts a long time. Any suggestions?
  [37mname=None, effectiveness=high, team_size=None, duration=long, complexity=None, experience_level=None, tool_support=None[0m
How many team members do you have?
Team size isn't a concern for me; I'm open to any size.
  [37mname=None, effectiveness=high, team_size=None, duration=long, complexity=None, experience_level=None, tool_support=None[0m
Great! Would you prefer a technique that requires tool support or not?
Tool support isn't a priority for me; I'm flexible on that.
  [37mname=None, effectiveness=high, team_size=None, duration=long, complexity=None, experience_level=None, tool_support=None[0m
I recommend "Backlog Refinement" or "User Story Mapping," both highly effective and long in duration. Which one do you prefer?
I think "User Story Mapping" sounds interesting. What do you think about its complexity?
  [37mname=User Story Mapping, effectiveness=high, team_size=None, duration=long, complexity=None, experience_level=None, tool_support=None[0m
"User Story Mapping" is complex; does that fit your team's experience level?
Yes, our team is advanced, so we can handle the complexity.
  [37mname=User Story Mapping, effectiveness=high, team_size=None, duration=long, complexity=complex, experience_level=advanced, tool_support=None[0m
Perfect! Shall we go with "User Story Mapping"?
Yes, let's finalize "User Story Mapping"!
  [37mname=User Story Mapping, effectiveness=high, team_size=None, duration=long, complexity=complex, experience_level=advanced, tool_support=None[0m
Awesome choice! "User Story Mapping" it is!
----------------------------------------------------------------------------------------------------
Thanks! Now, can you help me find a Task Prioritization Technique that fits my criteria?
  [37mname=User Story Mapping, complexity=high, team_experience=expert, focus=None, urgency=None, resource_availability=None, stakeholder_involvement=None, adaptability=None, scalability=None[0m
Sure! What specific characteristics are you looking for in a Task Prioritization Technique?
I'm interested in a technique focused on value with medium complexity.
  [37mname=User Story Mapping, complexity=medium, team_experience=expert, focus=value, urgency=None, resource_availability=None, stakeholder_involvement=None, adaptability=None, scalability=None[0m
Got it! Would you prefer a technique that requires high stakeholder involvement or is medium involvement acceptable?
Medium stakeholder involvement is acceptable for us.
  [37mname=None, complexity=medium, team_experience=expert, focus=value, urgency=None, resource_availability=None, stakeholder_involvement=medium, adaptability=None, scalability=None[0m
Great! I recommend "Cost vs. Benefit" or "Value vs. Complexity." Which one sounds better to you?
"Cost vs. Benefit" resonates more with me. What do you think about its adaptability?
  [37mname=Cost vs. Benefit, complexity=medium, team_experience=expert, focus=value, urgency=None, resource_availability=None, stakeholder_involvement=medium, adaptability=None, scalability=None[0m
"Cost vs. Benefit" is dynamic, so it adapts well to changes. Ready to finalize it?
Yes, let's finalize "Cost vs. Benefit"!
  [37mname=Cost vs. Benefit, complexity=medium, team_experience=expert, focus=value, urgency=None, resource_availability=None, stakeholder_involvement=medium, adaptability=dynamic, scalability=None[0m
Excellent choice! "Cost vs. Benefit" it is!
----------------------------------------------------------------------------------------------------
Great! Now, can you help me find a suitable Retrospective Method?
  [37mname=None, format=None, duration=None, goal=None, team_size=None, ease_of_use=None, engagement_level=None, tools_needed=None, facilitator_experience=advanced, anonymity=None[0m
Of course! What specific characteristics are you looking for in a Retrospective Method?
I prefer a hybrid format focused on team building and lasting about 30 minutes.
  [37mname=None, format=hybrid, duration=30, goal=team building, team_size=None, ease_of_use=None, engagement_level=None, tools_needed=None, facilitator_experience=None, anonymity=None[0m
How many team members do you expect for this retrospective?
We have six team members participating.
  [37mname=None, format=hybrid, duration=30, goal=team building, team_size=6, ease_of_use=None, engagement_level=None, tools_needed=None, facilitator_experience=None, anonymity=None[0m
I recommend "4Ls (Liked, Learned, Lacked, Longed For)" as it fits your criteria! Shall we go with that?
Sounds good! Let's go with "4Ls"!
  [37mname=4Ls (Liked, Learned, Lacked, Longed For), format=hybrid, duration=30, goal=team building, team_size=6, ease_of_use=None, engagement_level=None, tools_needed=None, facilitator_experience=None, anonymity=None[0m
Great choice! "4Ls" it is!
====================================================================================================
----------------------------------------------------------------------------------------------------
I'm looking for a Sprint Planning Technique that's medium in effectiveness. Any suggestions?
  [37mname=None, effectiveness=medium, team_size=None, duration=None, complexity=None, experience_level=None, tool_support=None[0m
Sure! How many team members do you have?
Team size is flexible; I don't have a specific number in mind.
  [37mname=None, effectiveness=medium, team_size=None, duration=None, complexity=None, experience_level=None, tool_support=None[0m
Got it! Do you prefer a short, medium, or long duration for the planning session?
I'm thinking of a medium duration for the planning session.
  [37mname=None, effectiveness=medium, team_size=None, duration=medium, complexity=None, experience_level=None, tool_support=None[0m
Great choice! Would you prefer a technique that requires tool support or one that doesn't?
I prefer a technique that doesn't require tool support.
  [37mname=None, effectiveness=medium, team_size=None, duration=medium, complexity=None, experience_level=None, tool_support=False[0m
Based on that, I recommend the MoSCoW Method or the Value vs. Effort Matrix. Which one sounds better to you?
I like the sound of the MoSCoW Method!
  [37mname=MoSCoW Method, effectiveness=medium, team_size=None, duration=medium, complexity=None, experience_level=None, tool_support=False[0m
Awesome choice! The MoSCoW Method is a solid option. Would you like to go with that?
Yes, let's go with the MoSCoW Method!
  [37mname=MoSCoW Method, effectiveness=medium, team_size=None, duration=medium, complexity=None, experience_level=None, tool_support=False[0m
Perfect! The MoSCoW Method it is. Happy sprint planning!
----------------------------------------------------------------------------------------------------
Thanks! Now, I need help finding a good Task Prioritization Technique. Any initial thoughts?
  [37mname=MoSCoW Method, complexity=medium, team_experience=None, focus=None, urgency=None, resource_availability=None, stakeholder_involvement=None, adaptability=None, scalability=None[0m
Sure! What level of complexity are you comfortable with for the technique?
I'm looking for something with medium complexity.
  [37mname=None, complexity=medium, team_experience=None, focus=None, urgency=None, resource_availability=None, stakeholder_involvement=None, adaptability=None, scalability=None[0m
Great! Do you have a preference for the focus of the technique, like value, effort, or risk?
I prefer a focus on value.
  [37mname=None, complexity=medium, team_experience=None, focus=value, urgency=None, resource_availability=None, stakeholder_involvement=None, adaptability=None, scalability=None[0m
Got it! Would you like the technique to require high stakeholder involvement or is medium involvement acceptable?
Medium stakeholder involvement is acceptable.
  [37mname=None, complexity=medium, team_experience=None, focus=value, urgency=None, resource_availability=None, stakeholder_involvement=medium, adaptability=None, scalability=None[0m
Perfect! Would you prefer the technique to handle tasks with immediate urgency or is soon acceptable?
Soon is acceptable for task urgency.
  [37mname=None, complexity=medium, team_experience=None, focus=value, urgency=soon, resource_availability=None, stakeholder_involvement=medium, adaptability=None, scalability=None[0m
Based on that, I recommend the 100-Point Method or the Buy a Feature technique. Which one sounds better to you?
I think I'll go with the Buy a Feature technique!
  [37mname=Buy a Feature, complexity=medium, team_experience=None, focus=value, urgency=soon, resource_availability=None, stakeholder_involvement=medium, adaptability=None, scalability=None[0m
Great choice! The Buy a Feature technique it is. Happy prioritizing!
----------------------------------------------------------------------------------------------------
Thanks! Now, can you help me find a suitable Retrospective Method?
  [37mname=None, format=None, duration=None, goal=None, team_size=None, ease_of_use=None, engagement_level=None, tools_needed=None, facilitator_experience=None, anonymity=None[0m
Of course! What format do you prefer: in-person, remote, or hybrid?
I'm looking for a remote format.
  [37mname=None, format=remote, duration=None, goal=None, team_size=None, ease_of_use=None, engagement_level=None, tools_needed=None, facilitator_experience=None, anonymity=None[0m
Got it! What primary goal do you have in mind for the retrospective?
The primary goal is to identify improvements.
  [37mname=None, format=remote, duration=None, goal=identify improvements, team_size=None, ease_of_use=None, engagement_level=None, tools_needed=None, facilitator_experience=None, anonymity=None[0m
Great! What team size are you working with for the retrospective?
The team size is 8 members.
  [37mname=None, format=remote, duration=None, goal=identify improvements, team_size=8, ease_of_use=None, engagement_level=None, tools_needed=None, facilitator_experience=None, anonymity=None[0m
Thanks! Do you prefer an easy or moderate level of ease of use for the retrospective method?
I prefer an easy level of ease of use.
  [37mname=None, format=remote, duration=None, goal=identify improvements, team_size=8, ease_of_use=easy, engagement_level=None, tools_needed=None, facilitator_experience=None, anonymity=None[0m
Based on your preferences, I recommend "The 5 Whys" method. Does that sound good to you?
That sounds good! Let's go with "The 5 Whys" method.
  [37mname=The 5 Whys, format=remote, duration=None, goal=identify improvements, team_size=8, ease_of_use=easy, engagement_level=None, tools_needed=None, facilitator_experience=None, anonymity=None[0m
Excellent choice! "The 5 Whys" method it is. Happy retrospectives!
====================================================================================================
Generating dialogues for data/DOTS/train/0255__business_entities__intellectual_property_protections__compliance_measures
----------------------------------------------------------------------------------------------------
I'm looking for an LLC in Denver, CO, focused on construction.
  [37mname=None, entity_type=LLC, location=Denver, CO, industry=Construction, annual_revenue=None, number_of_employees=None, compliance_status=None[0m
I have the perfect match for you: Home Builders LLC. Would you like more details?
Yes, please share more details about Home Builders LLC.
  [37mname=Home Builders LLC, entity_type=LLC, location=Denver, CO, industry=Construction, annual_revenue=None, number_of_employees=None, compliance_status=None[0m
Home Builders LLC is located in Denver, CO, operates in construction, has an annual revenue of 3.5 million, and employs 25 people.
That sounds great! Is their compliance status confirmed as compliant?
  [37mname=Home Builders LLC, entity_type=LLC, location=Denver, CO, industry=construction, annual_revenue=3.5 million, number_of_employees=25, compliance_status=Unknown[0m
Yes, Home Builders LLC is compliant with regulations. Would you like to proceed with this choice?
Yes, I’d like to proceed with Home Builders LLC.
  [37mname=Home Builders LLC, entity_type=LLC, location=Denver, CO, industry=construction, annual_revenue=3.5 million, number_of_employees=25, compliance_status=Compliant[0m
Great choice! Home Builders LLC it is. If you need anything else, just let me know!
----------------------------------------------------------------------------------------------------
Thanks! Now, could you help me find a Trade Secret protection?
  [37mname=None, type=Trade Secret, scope=None, duration=None, renewal=None, cost_estimate=None, industry=Construction, enforceability=None[0m
Sure! What specific characteristics or industry are you looking for in a Trade Secret protection?
I'm focusing on the Food & Beverage industry.
  [37mname=None, type=Trade Secret, scope=None, duration=None, renewal=None, cost_estimate=None, industry=Food & Beverage, enforceability=None[0m
I have a few options for Trade Secret protections in the Food & Beverage industry. Are you interested in a specific duration or cost estimate?
I'm looking for a cost estimate around $450.
  [37mname=None, type=Trade Secret, scope=None, duration=None, renewal=None, cost_estimate=450, industry=Food & Beverage, enforceability=None[0m
The "Proprietary Blend" Trade Secret fits your criteria at $450. Would you like to go with that?
Yes, let's go with the "Proprietary Blend" Trade Secret!
  [37mname=Proprietary Blend, type=Trade Secret, scope=None, duration=None, renewal=None, cost_estimate=450, industry=Food & Beverage, enforceability=None[0m
Excellent choice! The "Proprietary Blend" Trade Secret is yours. If you need further assistance, just let me know!
----------------------------------------------------------------------------------------------------
Thanks! Now, I need help finding Compliance Measures for FSMA in the Food & Beverage industry.
  [37mname=None, industry=Food & Beverage, regulation=FSMA, geography=None, compliance_type=None, risk_level=None, cost_sensitivity=None, implementation_timeframe=None, complexity=None, technology_integration=None[0m
Sure! Are you looking for specific risk levels or implementation timeframes for FSMA compliance?
I'm focusing on a high risk level and a 4-month implementation timeframe.
  [37mname=None, industry=Food & Beverage, regulation=FSMA, geography=None, compliance_type=None, risk_level=High, cost_sensitivity=None, implementation_timeframe=4 months, complexity=None, technology_integration=None[0m
The "Food Safety Plan" compliance measure meets your criteria with high risk and a 4-month implementation. Would you like to proceed with that?
Yes, let's proceed with the "Food Safety Plan" compliance measure!
  [37mname=Food Safety Plan, industry=Food & Beverage, regulation=FSMA, geography=None, compliance_type=None, risk_level=High, cost_sensitivity=None, implementation_timeframe=4 months, complexity=None, technology_integration=None[0m
Great choice! The "Food Safety Plan" compliance measure is confirmed. If you need anything else, feel free to ask!
====================================================================================================
----------------------------------------------------------------------------------------------------
Hey, I'm looking for a Sole Proprietorship in Seattle, WA. Any suggestions?
  [37mname=None, entity_type=Sole Proprietorship, location=Seattle, WA, industry=None, annual_revenue=None, number_of_employees=None, compliance_status=None[0m
You might consider "Quick Delivery Services" or "Fast Delivery Solutions," both in Seattle.
Great options! Do you know their annual revenue?
  [37mname=None, entity_type=Sole Proprietorship, location=Seattle, WA, industry=None, annual_revenue=None, number_of_employees=None, compliance_status=None[0m
"Quick Delivery Services" has an annual revenue of 750K, and "Fast Delivery Solutions" is at 800K.
I like "Fast Delivery Solutions" with the 800K revenue. How many employees do they have?
  [37mname=Fast Delivery Solutions, entity_type=Sole Proprietorship, location=Seattle, WA, industry=None, annual_revenue=800K, number_of_employees=None, compliance_status=None[0m
"Fast Delivery Solutions" has 4 employees.
Perfect! Is their compliance status compliant?
  [37mname=Fast Delivery Solutions, entity_type=Sole Proprietorship, location=Seattle, WA, industry=None, annual_revenue=800K, number_of_employees=4, compliance_status=Compliant[0m
No, "Fast Delivery Solutions" is marked as non-compliant.
Got it. Are there any other Sole Proprietorships in Seattle with compliant status?
  [37mname=Fast Delivery Solutions, entity_type=Sole Proprietorship, location=Seattle, WA, industry=None, annual_revenue=800K, number_of_employees=4, compliance_status=Non-Compliant[0m
Yes, "Quick Delivery Services" is a compliant Sole Proprietorship in Seattle.
Sounds good! I think I'll go with "Quick Delivery Services." Thanks for your help!
  [37mname=Quick Delivery Services, entity_type=Sole Proprietorship, location=Seattle, WA, industry=None, annual_revenue=750K, number_of_employees=4, compliance_status=Compliant[0m
You're welcome! Great choice with "Quick Delivery Services!"
----------------------------------------------------------------------------------------------------
Thanks! Now, can you help me find a Trademark for my eco-friendly products?
  [37mname=None, type=Trademark, scope=None, duration=None, renewal=None, cost_estimate=None, industry=Eco-friendly products, enforceability=None[0m
Sure! What specific features are you looking for in a Trademark?
I'm interested in a National Trademark, ideally for 10 years, and renewable.
  [37mname=None, type=Trademark, scope=National, duration=10, renewal=True, cost_estimate=None, industry=Eco-friendly products, enforceability=None[0m
I have a few options: "Sustainable Product Logo" and "Eco-Friendly Brand Name" both fit your criteria. Would you like details on either?
Yes, can you tell me about the cost estimate for "Eco-Friendly Brand Name"?
  [37mname=Eco-Friendly Brand Name, type=Trademark, scope=National, duration=10, renewal=True, cost_estimate=None, industry=Eco-friendly products, enforceability=None[0m
The cost estimate for "Eco-Friendly Brand Name" is $550.
That sounds reasonable! What about the enforceability of that Trademark?
  [37mname=Eco-Friendly Brand Name, type=Trademark, scope=National, duration=10, renewal=True, cost_estimate=550, industry=None, enforceability=None[0m
The enforceability of "Eco-Friendly Brand Name" is rated as Medium.
Medium enforceability works for me. I think I'll go with "Eco-Friendly Brand Name." Thanks for your help!
  [37mname=Eco-Friendly Brand Name, type=Trademark, scope=National, duration=10, renewal=True, cost_estimate=550.0, industry=None, enforceability=Medium[0m
You're welcome! Great choice with "Eco-Friendly Brand Name!"
----------------------------------------------------------------------------------------------------
Thanks! Now, can you help me find some Compliance Measures for the construction industry?
  [37mname=None, industry=Construction, regulation=None, geography=None, compliance_type=None, risk_level=None, cost_sensitivity=None, implementation_timeframe=None, complexity=None, technology_integration=None[0m
Sure! What specific criteria or characteristics are you looking for in Compliance Measures for the construction industry?
I'm focusing on mandatory compliance with EPA regulations in the United States.
  [37mname=None, industry=Construction, regulation=EPA, geography=USA, compliance_type=Mandatory, risk_level=None, cost_sensitivity=None, implementation_timeframe=None, complexity=None, technology_integration=None[0m
The "Environmental Protection Agency (EPA) Regulations" is a perfect fit for your criteria. Would you like more details?
Yes, please! What is the implementation timeframe for the EPA regulations?
  [37mname=Environmental Protection Agency (EPA) Regulations, industry=Construction, regulation=EPA, geography=USA, compliance_type=Mandatory, risk_level=None, cost_sensitivity=None, implementation_timeframe=None, complexity=None, technology_integration=None[0m
The implementation timeframe for the EPA regulations is 6 months.
That aligns well! What about the complexity of implementing these regulations?
  [37mname=Environmental Protection Agency (EPA) Regulations, industry=Construction, regulation=EPA, geography=USA, compliance_type=Mandatory, risk_level=None, cost_sensitivity=None, implementation_timeframe=6 months, complexity=None, technology_integration=None[0m
The complexity of implementing the EPA regulations is rated as Complex.
Complex implementation might be challenging. Are there any alternatives with moderate complexity?
  [37mname=Environmental Protection Agency (EPA) Regulations, industry=Construction, regulation=EPA, geography=USA, compliance_type=Mandatory, risk_level=None, cost_sensitivity=None, implementation_timeframe=6 months, complexity=Complex, technology_integration=None[0m
Yes, the "California Consumer Privacy Act (CCPA)" has moderate complexity and is mandatory for construction. Would you like more details on that?
Yes, I’d love to hear more about the CCPA! What are the compliance costs?
  [37mname=California Consumer Privacy Act (CCPA), industry=Construction, regulation=EPA, geography=USA, compliance_type=Mandatory, risk_level=None, cost_sensitivity=None, implementation_timeframe=6 months, complexity=Moderate, technology_integration=None[0m
The compliance cost sensitivity for the CCPA is rated as Medium.
That sounds manageable! What about technology integration for the CCPA?
  [37mname=California Consumer Privacy Act (CCPA), industry=Construction, regulation=EPA, geography=USA, compliance_type=Mandatory, risk_level=None, cost_sensitivity=Medium, implementation_timeframe=6 months, complexity=Moderate, technology_integration=None[0m
Technology integration for the CCPA is optional.
Optional technology integration is a plus! I think I’ll go with the CCPA for compliance. Thanks for your assistance!
  [37mname=California Consumer Privacy Act (CCPA), industry=Construction, regulation=EPA, geography=USA, compliance_type=Mandatory, risk_level=None, cost_sensitivity=Medium, implementation_timeframe=6 months, complexity=Moderate, technology_integration=Optional[0m
You're welcome! Great choice with the CCPA for compliance!
====================================================================================================
----------------------------------------------------------------------------------------------------
I'm looking for an LLC in Tucson, AZ.
  [37mname=None, entity_type=LLC, location=Tucson, AZ, industry=None, annual_revenue=None, number_of_employees=None, compliance_status=None[0m
I found one: E-commerce Ventures LLC in Tucson, AZ. Interested?
Yes, what’s their annual revenue and number of employees?
  [37mname=E-commerce Ventures LLC, entity_type=LLC, location=Tucson, AZ, industry=None, annual_revenue=None, number_of_employees=None, compliance_status=None[0m
Their annual revenue is 2 million, and they have 30 employees.
That sounds great! Is their compliance status compliant?
  [37mname=E-commerce Ventures LLC, entity_type=LLC, location=Tucson, AZ, industry=None, annual_revenue=2 million, number_of_employees=30, compliance_status=Compliant[0m
Yes, their compliance status is compliant.
Perfect! I’d like to go ahead with E-commerce Ventures LLC then.
  [37mname=E-commerce Ventures LLC, entity_type=LLC, location=Tucson, AZ, industry=None, annual_revenue=2 million, number_of_employees=30, compliance_status=Compliant[0m
Great choice! E-commerce Ventures LLC it is!
----------------------------------------------------------------------------------------------------
Thanks! Now, can you help me find a suitable copyright protection?
  [37mname=None, type=Copyright, scope=None, duration=None, renewal=None, cost_estimate=None, industry=E-commerce, enforceability=None[0m
Sure! What type of work are you looking to protect with copyright?
I want to protect some original music compositions.
  [37mname=None, type=Copyright, scope=None, duration=None, renewal=None, cost_estimate=None, industry=Music, enforceability=None[0m
Do you prefer national or international protection for your music compositions?
I prefer international protection for my music compositions.
  [37mname=None, type=Copyright, scope=International, duration=None, renewal=None, cost_estimate=None, industry=Music, enforceability=None[0m
I have a couple of options: a Music Composition Copyright with international scope for 70 years at $1000, or another for $1200. Which one sounds better?
The first option at $1000 sounds better to me!
  [37mname=None, type=Copyright, scope=International, duration=70, renewal=None, cost_estimate=1000, industry=Music, enforceability=None[0m
Great choice! You’ll go with the Music Composition Copyright for $1000.
----------------------------------------------------------------------------------------------------
Thanks! Now, could you help me find some Compliance Measures for the healthcare industry?
  [37mname=None, industry=Healthcare, regulation=None, geography=None, compliance_type=None, risk_level=None, cost_sensitivity=None, implementation_timeframe=None, complexity=None, technology_integration=None[0m
Sure! Are you looking for mandatory or voluntary compliance measures in healthcare?
I'm looking for voluntary compliance measures in healthcare.
  [37mname=None, industry=Healthcare, regulation=None, geography=None, compliance_type=Voluntary, risk_level=None, cost_sensitivity=None, implementation_timeframe=None, complexity=None, technology_integration=None[0m
The only voluntary option I have is Data Protection Compliance. Interested in that?
Yes, can you tell me more about the implementation timeframe for that?
  [37mname=Data Protection Compliance, industry=Healthcare, regulation=None, geography=None, compliance_type=Voluntary, risk_level=None, cost_sensitivity=None, implementation_timeframe=None, complexity=None, technology_integration=None[0m
The implementation timeframe for Data Protection Compliance is 12 months.
That fits perfectly! What about the complexity of implementing it?
  [37mname=Data Protection Compliance, industry=Healthcare, regulation=None, geography=None, compliance_type=Voluntary, risk_level=None, cost_sensitivity=None, implementation_timeframe=12 months, complexity=None, technology_integration=None[0m
The complexity of implementing Data Protection Compliance is simple.
Sounds good! Is technology integration required for this compliance measure?
  [37mname=Data Protection Compliance, industry=Healthcare, regulation=None, geography=None, compliance_type=Voluntary, risk_level=None, cost_sensitivity=None, implementation_timeframe=12 months, complexity=Simple, technology_integration=Not Needed[0m
No, technology integration is optional for Data Protection Compliance.
Awesome! I’d like to proceed with the Data Protection Compliance then.
  [37mname=Data Protection Compliance, industry=Healthcare, regulation=None, geography=None, compliance_type=Voluntary, risk_level=None, cost_sensitivity=None, implementation_timeframe=12 months, complexity=Simple, technology_integration=Optional[0m
Great choice! You’re all set with Data Protection Compliance!
====================================================================================================
----------------------------------------------------------------------------------------------------
Hey, I'm looking for a business entity in the Food & Beverage industry with about 15 employees and a compliant status. What can you suggest?
  [37mname=None, entity_type=None, location=None, industry=Food & Beverage, annual_revenue=None, number_of_employees=15, compliance_status=Compliant[0m
You might consider the "Healthy Delights Partnership" in Austin, TX; it has 15 employees and is compliant.
That sounds interesting! Can you tell me more about its compliance status?
  [37mname=Healthy Delights Partnership, entity_type=Partnership, location=Austin, TX, industry=Food & Beverage, annual_revenue=None, number_of_employees=15, compliance_status=Compliant[0m
Actually, the "Healthy Delights Partnership" is compliant, meaning it meets all necessary regulations and requirements.
Great! What type of entity is the "Healthy Delights Partnership"?
  [37mname=Healthy Delights Partnership, entity_type=Partnership, location=Austin, TX, industry=Food & Beverage, annual_revenue=None, number_of_employees=15, compliance_status=Compliant[0m
It's a Partnership entity type.
Perfect! Are there any specific benefits to choosing a Partnership for my business?
  [37mname=Healthy Delights Partnership, entity_type=Partnership, location=Austin, TX, industry=Food & Beverage, annual_revenue=None, number_of_employees=15, compliance_status=Compliant[0m
Partnerships offer shared responsibility, easier tax filing, and flexibility in management.
Sounds good! I think I'm leaning towards the Partnership. Should I proceed with this option?
  [37mname=Healthy Delights Partnership, entity_type=Partnership, location=Austin, TX, industry=Food & Beverage, annual_revenue=None, number_of_employees=15, compliance_status=Compliant[0m
If you're comfortable with it, the "Healthy Delights Partnership" seems like a great choice!
Awesome, let's go with the "Healthy Delights Partnership"! Thanks for your help!
  [37mname=Healthy Delights Partnership, entity_type=Partnership, location=Austin, TX, industry=Food & Beverage, annual_revenue=None, number_of_employees=15, compliance_status=Compliant[0m
You're welcome! Best of luck with your new partnership!
----------------------------------------------------------------------------------------------------
Thanks! Now, I need help finding a suitable Patent for my technology business. Any suggestions?
  [37mname=None, type=Patent, scope=None, duration=None, renewal=None, cost_estimate=None, industry=Technology, enforceability=None[0m
Sure! What specific features or requirements are you looking for in a patent?
I'm interested in a National Patent with a duration of 10 years.
  [37mname=None, type=Patent, scope=National, duration=10, renewal=None, cost_estimate=None, industry=Technology, enforceability=None[0m
I recommend the "Global Tech Solution" patent; it’s a National patent with a 10-year duration and is renewable.
That sounds promising! What’s the estimated cost for the "Global Tech Solution" patent?
  [37mname=Global Tech Solution, type=Patent, scope=National, duration=10, renewal=True, cost_estimate=None, industry=None, enforceability=None[0m
The estimated cost for the "Global Tech Solution" patent is $7,000.
Perfect, that fits my budget! How enforceable is this patent?
  [37mname=Global Tech Solution, type=Patent, scope=National, duration=10, renewal=True, cost_estimate=7000, industry=None, enforceability=None[0m
The enforceability of the "Global Tech Solution" patent is rated as Medium.
That works for me! I think I’ll go with the "Global Tech Solution" patent. Thanks for your assistance!
  [37mname=Global Tech Solution, type=Patent, scope=National, duration=10, renewal=True, cost_estimate=7000, industry=Technology, enforceability=Medium[0m
You're welcome! Great choice with the "Global Tech Solution" patent!
----------------------------------------------------------------------------------------------------
Thanks! Now, I need to find some Compliance Measures for my food business. Any recommendations?
  [37mname=None, industry=Food & Beverage, regulation=None, geography=None, compliance_type=None, risk_level=None, cost_sensitivity=None, implementation_timeframe=None, complexity=None, technology_integration=None[0m
Sure! What specific compliance requirements or characteristics are you looking for?
I'm looking for measures related to HACCP compliance in the Food & Beverage industry.
  [37mname=None, industry=Food & Beverage, regulation=HACCP, geography=None, compliance_type=None, risk_level=None, cost_sensitivity=None, implementation_timeframe=None, complexity=None, technology_integration=None[0m
I recommend the "Hygiene Standards" compliance measure; it focuses on HACCP compliance in the Food & Beverage industry.
That sounds good! What’s the implementation timeframe for the "Hygiene Standards" compliance measure?
  [37mname=Hygiene Standards, industry=Food & Beverage, regulation=HACCP, geography=None, compliance_type=None, risk_level=None, cost_sensitivity=None, implementation_timeframe=None, complexity=None, technology_integration=None[0m
The implementation timeframe for the "Hygiene Standards" compliance measure is 6 months.
Great! What’s the complexity level for implementing the "Hygiene Standards" compliance measure?
  [37mname=Hygiene Standards, industry=Food & Beverage, regulation=HACCP, geography=None, compliance_type=None, risk_level=None, cost_sensitivity=None, implementation_timeframe=6 months, complexity=None, technology_integration=None[0m
The complexity level for implementing the "Hygiene Standards" compliance measure is rated as Complex.
Okay, I can manage that! Is technology integration required for this compliance measure?
  [37mname=Hygiene Standards, industry=Food & Beverage, regulation=None, geography=None, compliance_type=None, risk_level=None, cost_sensitivity=None, implementation_timeframe=6 months, complexity=Complex, technology_integration=None[0m
Technology integration for the "Hygiene Standards" compliance measure is optional.
That’s convenient! I think I’ll go with the "Hygiene Standards" compliance measure. Thank you!
  [37mname=Hygiene Standards, industry=Food & Beverage, regulation=None, geography=None, compliance_type=None, risk_level=None, cost_sensitivity=None, implementation_timeframe=6 months, complexity=Complex, technology_integration=Optional[0m
You're welcome! Great choice with the "Hygiene Standards" compliance measure!
====================================================================================================
----------------------------------------------------------------------------------------------------
I'm looking for a partnership in Denver, CO.
  [37mname=None, entity_type=Partnership, location=Denver, CO, industry=None, annual_revenue=None, number_of_employees=None, compliance_status=None[0m
I have two partnerships in Denver, CO: one in construction and one in renovation. Which industry interests you?
I'm interested in the renovation industry.
  [37mname=None, entity_type=Partnership, location=Denver, CO, industry=Renovation, annual_revenue=None, number_of_employees=None, compliance_status=None[0m
Great choice! The Home Renovation Partnership is located in Denver, CO. Its compliance status is unknown. Does that work for you?
Yes, that works for me! What about its annual revenue and number of employees?
  [37mname=None, entity_type=Partnership, location=Denver, CO, industry=Renovation, annual_revenue=None, number_of_employees=None, compliance_status=Unknown[0m
It has an annual revenue of 4 million and employs 30 people. Would you like to proceed with this partnership?
Yes, let's proceed with the Home Renovation Partnership!
  [37mname=None, entity_type=Partnership, location=Denver, CO, industry=Renovation, annual_revenue=4 million, number_of_employees=30, compliance_status=Unknown[0m
Awesome choice! You've selected the Home Renovation Partnership. Good luck with your venture!
----------------------------------------------------------------------------------------------------
Thanks! Now, I need help finding a trademark for my automotive brand.
  [37mname=None, type=Trademark, scope=None, duration=None, renewal=None, cost_estimate=None, industry=Automotive, enforceability=None[0m
Sure! What specific characteristics or requirements do you have for the trademark?
I prefer a national scope and a duration of 15 years.
  [37mname=None, type=Trademark, scope=National, duration=15, renewal=None, cost_estimate=None, industry=Automotive, enforceability=None[0m
I have a trademark option that fits: Trademark I, with a national scope and a duration of 15 years. Would you like to know more about it?
Yes, please tell me more about Trademark I!
  [37mname=Trademark I, type=Trademark, scope=National, duration=15, renewal=None, cost_estimate=None, industry=Automotive, enforceability=None[0m
Trademark I costs $7,500, is renewable, and has medium enforceability. Does that sound good to you?
That sounds great! Let's go with Trademark I.
  [37mname=Trademark I, type=Trademark, scope=National, duration=15, renewal=True, cost_estimate=7500, industry=Automotive, enforceability=Medium[0m
You've chosen Trademark I for your automotive brand! Congratulations and best of luck!
----------------------------------------------------------------------------------------------------
Thanks! Now I need your help to find compliance measures for my construction project.
  [37mname=None, industry=Construction, regulation=None, geography=USA, compliance_type=None, risk_level=None, cost_sensitivity=None, implementation_timeframe=None, complexity=None, technology_integration=None[0m
Sure! What specific requirements or characteristics do you have for the compliance measures?
I'm looking for voluntary compliance measures related to NEPA in Canada.
  [37mname=None, industry=Construction, regulation=NEPA, geography=Canada, compliance_type=Voluntary, risk_level=None, cost_sensitivity=None, implementation_timeframe=None, complexity=None, technology_integration=None[0m
I have one option for you: Environmental Assessments, which is a voluntary compliance measure under NEPA in Canada. Does that work for you?
Yes, that works for me! What are the associated costs?
  [37mname=Environmental Assessments, industry=Construction, regulation=NEPA, geography=Canada, compliance_type=Voluntary, risk_level=None, cost_sensitivity=None, implementation_timeframe=None, complexity=None, technology_integration=None[0m
The cost sensitivity for Environmental Assessments is medium. Are you ready to proceed with this compliance measure?
Yes, let's proceed with Environmental Assessments!
  [37mname=Environmental Assessments, industry=Construction, regulation=NEPA, geography=Canada, compliance_type=Voluntary, risk_level=None, cost_sensitivity=Medium, implementation_timeframe=None, complexity=None, technology_integration=None[0m
You've selected Environmental Assessments for your construction project! Good luck with everything!
====================================================================================================
----------------------------------------------------------------------------------------------------
I'm looking for a non-profit in Orlando, FL, focused on health.
  [37mname=None, entity_type=Non-Profit, location=Orlando, FL, industry=Health, annual_revenue=None, number_of_employees=None, compliance_status=None[0m
The Wellness Initiative in Orlando, FL, is a health-focused non-profit. Would you like more details?
Yes, please share more details about The Wellness Initiative.
  [37mname=The Wellness Initiative, entity_type=Non-Profit, location=Orlando, FL, industry=Health, annual_revenue=None, number_of_employees=None, compliance_status=None[0m
The Wellness Initiative has an annual revenue of 1.8M and 20 employees, but its compliance status is unknown. Does that work for you?
That sounds good, but can you tell me more about its compliance status?
  [37mname=The Wellness Initiative, entity_type=Non-Profit, location=Orlando, FL, industry=Health, annual_revenue=1.8M, number_of_employees=20, compliance_status=Unknown[0m
Unfortunately, I don't have more details on its compliance status; it's listed as unknown. Would you like to consider other options?
Yes, let's explore other non-profits in Orlando, FL, with known compliance status.
  [37mname=None, entity_type=Non-Profit, location=Orlando, FL, industry=Health, annual_revenue=1.8M, number_of_employees=20, compliance_status=None[0m
The only other non-profit in Miami, FL, is the Health & Wellness Charity, which is compliant. Would you like to know more about it?
Yes, please tell me more about the Health & Wellness Charity.
  [37mname=None, entity_type=Non-Profit, location=Orlando, FL, industry=Health, annual_revenue=1.8M, number_of_employees=20, compliance_status=Unknown[0m
The Health & Wellness Charity has an annual revenue of 1.2M and 10 employees, and it's located in Miami, FL. Does that interest you?
It's a bit smaller than I wanted; can we find a compliant non-profit in Orlando with similar revenue and employees?
  [37mname=None, entity_type=Non-Profit, location=Orlando, FL, industry=Health, annual_revenue=None, number_of_employees=None, compliance_status=Compliant[0m
I don't have other compliant non-profits in Orlando with similar revenue; would you like to consider options in nearby areas instead?
Yes, let's look for compliant non-profits in nearby areas.
  [37mname=None, entity_type=Non-Profit, location=Orlando, FL, industry=Health, annual_revenue=None, number_of_employees=None, compliance_status=Compliant[0m
The Health & Wellness Charity in Miami is compliant, but it’s the only option. Would you like to explore other business types instead?
Sure, let's explore other business types besides non-profits.
  [37mname=None, entity_type=Non-Profit, location=Orlando, FL, industry=Health, annual_revenue=None, number_of_employees=None, compliance_status=None[0m
What type of business entity are you interested in—LLC, Corporation, Partnership, or Sole Proprietorship?
I'm interested in an LLC.
  [37mname=None, entity_type=LLC, location=None, industry=None, annual_revenue=None, number_of_employees=None, compliance_status=None[0m
There are several LLCs available, like Innovative Startups LLC in Boston and E-commerce Solutions LLC in Phoenix. Which one sounds better to you?
Can you tell me more about Innovative Startups LLC in Boston?
  [37mname=None, entity_type=LLC, location=None, industry=None, annual_revenue=None, number_of_employees=None, compliance_status=None[0m
Innovative Startups LLC has an annual revenue of 3M, 25 employees, and is compliant. Does that meet your needs?
That’s a bit higher in revenue; can we find an LLC closer to my original criteria?
  [37mname=None, entity_type=LLC, location=None, industry=None, annual_revenue=None, number_of_employees=None, compliance_status=None[0m
Tech Innovations LLC in San Francisco has an annual revenue of 1M and 10 employees. Would you like to know more about it?
Yes, please share more details about Tech Innovations LLC.
  [37mname=None, entity_type=LLC, location=None, industry=None, annual_revenue=None, number_of_employees=None, compliance_status=None[0m
Tech Innovations LLC is compliant, has an annual revenue of 1M, and employs 10 people. Does that fit what you're looking for?
It's still lower in revenue; can we find an LLC with around 1.8M in revenue?
  [37mname=None, entity_type=LLC, location=None, industry=None, annual_revenue=None, number_of_employees=None, compliance_status=None[0m
Unfortunately, I don’t have any LLCs with around 1.8M in revenue. Would you like to adjust your criteria or explore other options?
Yes, let’s adjust to consider LLCs with a revenue range of 1M to 2M.
  [37mname=None, entity_type=LLC, location=None, industry=None, annual_revenue=1M to 2M, number_of_employees=None, compliance_status=Compliant[0m
E-commerce Solutions LLC fits that range with a revenue of 2.5M and 40 employees. Would you like more details on it?
Yes, please provide more details about E-commerce Solutions LLC.
  [37mname=None, entity_type=LLC, location=None, industry=None, annual_revenue=1M to 2M, number_of_employees=None, compliance_status=Compliant[0m
E-commerce Solutions LLC is compliant, located in Phoenix, AZ, and has an annual revenue of 2.5M with 40 employees. Does that sound good to you?
It’s a bit larger than I wanted; can we find an LLC closer to 1.8M in revenue?
  [37mname=None, entity_type=LLC, location=None, industry=None, annual_revenue=1M to 2M, number_of_employees=None, compliance_status=Compliant[0m
I don't have any LLCs closer to 1.8M in revenue; would you like to consider other types of business entities again?
Yes, let's explore other types of business entities again.
  [37mname=None, entity_type=LLC, location=None, industry=None, annual_revenue=1M to 2M, number_of_employees=None, compliance_status=Compliant[0m
Would you prefer to look at Corporations, Partnerships, or Sole Proprietorships?
Let's look at Corporations.
  [37mname=None, entity_type=Corporation, location=None, industry=None, annual_revenue=None, number_of_employees=None, compliance_status=None[0m
There are a couple of Corporations available: Finance Experts Corp in Chicago and Green Solutions Corp in New York. Which one interests you?
Can you tell me more about Finance Experts Corp in Chicago?
  [37mname=None, entity_type=Corporation, location=None, industry=None, annual_revenue=None, number_of_employees=None, compliance_status=None[0m
Finance Experts Corp has an annual revenue of 10M, 100 employees, and is compliant. Does that meet your needs?
That's significantly higher than I wanted; can we find a Corporation closer to 1.8M in revenue?
  [37mname=None, entity_type=LLC, location=None, industry=None, annual_revenue=1M to 2M, number_of_employees=None, compliance_status=Compliant[0m
I don't have any Corporations around 1.8M in revenue. Would you like to adjust your criteria or look at other types again?
Let’s adjust my criteria to consider Corporations with a revenue range of 5M to 10M instead.
  [37mname=None, entity_type=Corporation, location=None, industry=None, annual_revenue=5M to 10M, number_of_employees=None, compliance_status=None[0m
Finance Experts Corp fits that range with a revenue of 10M and 100 employees. Would you like to go with it?
Yes, let's go with Finance Experts Corp!
  [37mname=Finance Experts Corp, entity_type=Corporation, location=Chicago, industry=None, annual_revenue=5M to 10M, number_of_employees=100, compliance_status=Compliant[0m
Great choice! Finance Experts Corp it is. If you need any further assistance, just let me know!
----------------------------------------------------------------------------------------------------
Thanks! Now, I need help finding suitable Intellectual Property protections. Can we start with copyright options?
  [37mname=None, type=Copyright, scope=None, duration=None, renewal=None, cost_estimate=None, industry=None, enforceability=None[0m
Sure! We have several copyright options available. Are you looking for national or international protection?
I'm looking for national protection.
  [37mname=None, type=Copyright, scope=National, duration=None, renewal=None, cost_estimate=None, industry=None, enforceability=None[0m
We have the Mobile App Copyright and Artistic Work Copyright available for national protection. Would you like more details on either?
Can you tell me more about the Artistic Work Copyright?
  [37mname=None, type=Copyright, scope=National, duration=None, renewal=None, cost_estimate=None, industry=None, enforceability=None[0m
The Artistic Work Copyright offers national protection for 70 years, costs around 1,200 dollars, and has high enforceability. Does that interest you?
Yes, that sounds perfect! Let's go with the Artistic Work Copyright.
  [37mname=Artistic Work Copyright, type=Copyright, scope=National, duration=70, renewal=None, cost_estimate=1200.0, industry=None, enforceability=High[0m
Awesome choice! The Artistic Work Copyright is yours. If you need anything else, just let me know!
----------------------------------------------------------------------------------------------------
Thanks! Now, I need help finding suitable Compliance Measures for the healthcare industry.
  [37mname=None, industry=Healthcare, regulation=None, geography=None, compliance_type=None, risk_level=None, cost_sensitivity=None, implementation_timeframe=None, complexity=None, technology_integration=None[0m
Sure! Are you looking for mandatory compliance measures or voluntary ones in the healthcare industry?
I'm looking for mandatory compliance measures.
  [37mname=None, industry=Healthcare, regulation=None, geography=None, compliance_type=Mandatory, risk_level=None, cost_sensitivity=None, implementation_timeframe=None, complexity=None, technology_integration=None[0m
We have HIPAA Compliance and FISMA Compliance as mandatory options in the healthcare industry. Would you like details on either?
Can you provide more details on HIPAA Compliance?
  [37mname=HIPAA, industry=Healthcare, regulation=HIPAA, geography=USA, compliance_type=Mandatory, risk_level=None, cost_sensitivity=None, implementation_timeframe=None, complexity=None, technology_integration=None[0m
HIPAA Compliance is mandatory, applies to healthcare, has a high risk level, costs highly sensitive, and takes about 3 months to implement. Does that work for you?
Yes, that works for me! Let's go with HIPAA Compliance.
  [37mname=HIPAA, industry=Healthcare, regulation=HIPAA, geography=None, compliance_type=Mandatory, risk_level=High, cost_sensitivity=High, implementation_timeframe=3 months, complexity=None, technology_integration=None[0m
Great choice! HIPAA Compliance is confirmed. If you need any further assistance, just let me know!
====================================================================================================
----------------------------------------------------------------------------------------------------
I'm looking for a business entity in Los Angeles, CA, with a compliant status.
  [37mname=None, entity_type=None, location=Los Angeles, CA, industry=None, annual_revenue=None, number_of_employees=None, compliance_status=Compliant[0m
I have a couple of options for you in Los Angeles; do you prefer a non-profit or an LLC?
I'm leaning towards an LLC.
  [37mname=None, entity_type=LLC, location=Los Angeles, CA, industry=None, annual_revenue=None, number_of_employees=None, compliance_status=Compliant[0m
Great choice! There's "Creative Minds LLC" with a compliant status; would you like to know more about it?
Yes, please tell me more about "Creative Minds LLC."
  [37mname=Creative Minds LLC, entity_type=LLC, location=Los Angeles, CA, industry=None, annual_revenue=None, number_of_employees=None, compliance_status=Compliant[0m
"Creative Minds LLC" is located in Los Angeles, CA, operates in the Arts & Culture industry, has an annual revenue of 550K, and employs 5 people.
That sounds interesting! How does its annual revenue compare to my preference of 450K?
  [37mname=Creative Minds LLC, entity_type=LLC, location=Los Angeles, CA, industry=Arts & Culture, annual_revenue=550K, number_of_employees=5, compliance_status=Compliant[0m
"Creative Minds LLC" has an annual revenue of 550K, which is higher than your preference of 450K. Would you like to proceed with this option?
Yes, I think I’d like to proceed with "Creative Minds LLC."
  [37mname=Creative Minds LLC, entity_type=LLC, location=Los Angeles, CA, industry=Arts & Culture, annual_revenue=550K, number_of_employees=5, compliance_status=Compliant[0m
Awesome choice! "Creative Minds LLC" it is. If you need any more assistance, just let me know!
----------------------------------------------------------------------------------------------------
Thanks! Now, can you help me find suitable copyright protections?
  [37mname=None, type=Copyright, scope=None, duration=None, renewal=None, cost_estimate=None, industry=Arts & Culture, enforceability=None[0m
Sure! What type of creative work are you looking to protect with copyright?
I'm looking to protect artwork in the visual arts category.
  [37mname=None, type=Copyright, scope=None, duration=None, renewal=None, cost_estimate=None, industry=Arts & Culture, enforceability=None[0m
For visual arts, I recommend the "Visual Art Copyright" or "Artistic Work Copyright." Do you have a preference for national or international protection?
I'm looking for international protection.
  [37mname=Visual Art Copyright, type=Copyright, scope=International, duration=None, renewal=None, cost_estimate=None, industry=Visual Arts, enforceability=None[0m
The "Visual Art Copyright" and "Artistic Work Copyright" both offer international protection. Would you like to go with one of these?
I prefer the "Visual Art Copyright."
  [37mname=Visual Art Copyright, type=Copyright, scope=International, duration=None, renewal=None, cost_estimate=None, industry=Visual Arts, enforceability=None[0m
Great choice! The "Visual Art Copyright" offers international protection for 70 years at an estimated cost of $600. Shall we proceed with that?
----------------------------------------------------------------------------------------------------
Yes, let's proceed with that. Now, can you help me find compliance measures for the California Consumer Privacy Act?
  [37mname=None, industry=Arts & Culture, regulation=California Consumer Privacy Act, geography=USA, compliance_type=Mandatory, risk_level=None, cost_sensitivity=None, implementation_timeframe=None, complexity=None, technology_integration=None[0m
Absolutely! Are you looking for mandatory or voluntary compliance measures for the California Consumer Privacy Act?
I'm specifically looking for mandatory compliance measures.
  [37mname=None, industry=Arts & Culture, regulation=California Consumer Privacy Act, geography=USA, compliance_type=Mandatory, risk_level=None, cost_sensitivity=None, implementation_timeframe=None, complexity=None, technology_integration=None[0m
The "CCPA Compliance" is a mandatory measure for the California Consumer Privacy Act. Would you like to proceed with that?
Yes, let's proceed with "CCPA Compliance."
  [37mname=CCPA Compliance, industry=None, regulation=California Consumer Privacy Act, geography=USA, compliance_type=Mandatory, risk_level=None, cost_sensitivity=None, implementation_timeframe=None, complexity=None, technology_integration=None[0m
Perfect! We'll proceed with "CCPA Compliance." If you need further assistance, just let me know!
====================================================================================================
----------------------------------------------------------------------------------------------------
I'm looking for business entities in Chicago, IL.
  [37mname=None, entity_type=None, location=Chicago, IL, industry=None, annual_revenue=None, number_of_employees=None, compliance_status=None[0m
Great! Are you interested in a specific type of entity, like a corporation or LLC?
I don't have a specific preference for the entity type.
  [37mname=None, entity_type=None, location=Chicago, IL, industry=None, annual_revenue=None, number_of_employees=None, compliance_status=None[0m
Okay! In Chicago, we have Finance Solutions Inc and Finance Experts Corp. Would you like to know more about either?
Can you tell me about Finance Solutions Inc?
  [37mname=None, entity_type=None, location=Chicago, IL, industry=None, annual_revenue=None, number_of_employees=None, compliance_status=None[0m
Sure! Finance Solutions Inc is a corporation, has an annual revenue of 9 million, employs 90 people, and is compliant.
What about Finance Experts Corp?
  [37mname=Finance Solutions Inc, entity_type=Corporation, location=Chicago, IL, industry=None, annual_revenue=9 million, number_of_employees=90, compliance_status=Compliant[0m
Finance Experts Corp is also a corporation, with an annual revenue of 10 million, 100 employees, and it's compliant as well.
Since I'm looking for non-compliant entities, do you have any options like that?
  [37mname=None, entity_type=None, location=Chicago, IL, industry=None, annual_revenue=None, number_of_employees=None, compliance_status=Non-Compliant[0m
Yes, in Chicago, we have Finance Experts LLC, which is non-compliant. Would you like more details on that?
Yes, please share more details about Finance Experts LLC.
  [37mname=None, entity_type=None, location=Chicago, IL, industry=None, annual_revenue=None, number_of_employees=None, compliance_status=Non-Compliant[0m
Finance Experts LLC has an annual revenue of 10 million, employs 100 people, and is located in Chicago, IL.
That sounds like a good fit! Can you help me with the next steps to proceed with Finance Experts LLC?
  [37mname=Finance Experts LLC, entity_type=LLC, location=Chicago, IL, industry=None, annual_revenue=10 million, number_of_employees=100, compliance_status=Non-Compliant[0m
You'll need to consult with a legal advisor to handle the registration and compliance process for Finance Experts LLC.
Great, I'll arrange a meeting with a legal advisor. Thanks for your help!
  [37mname=Finance Experts LLC, entity_type=LLC, location=Chicago, IL, industry=None, annual_revenue=10 million, number_of_employees=100, compliance_status=Non-Compliant[0m
You're welcome! Good luck with your business!
Thank you! I appreciate it!
  [37mname=Finance Experts LLC, entity_type=LLC, location=Chicago, IL, industry=None, annual_revenue=10 million, number_of_employees=100, compliance_status=Non-Compliant[0m
Anytime! Have a wonderful day!
You too! Take care!
  [37mname=Finance Experts LLC, entity_type=LLC, location=Chicago, IL, industry=None, annual_revenue=10 million, number_of_employees=100, compliance_status=Non-Compliant[0m
Thanks! You take care as well!
----------------------------------------------------------------------------------------------------
I appreciate that! Now, can you help me find suitable Intellectual Property Protections?
  [37mname=None, type=None, scope=None, duration=None, renewal=None, cost_estimate=None, industry=None, enforceability=None[0m
Of course! What type of intellectual property are you looking to protect?
I'm interested in copyright protection for my application code.
  [37mname=None, type=Copyright, scope=None, duration=None, renewal=None, cost_estimate=None, industry=None, enforceability=None[0m
Got it! Are you looking for national or international protection for your application code?
I'm looking for international protection.
  [37mname=None, type=Copyright, scope=International, duration=None, renewal=None, cost_estimate=None, industry=None, enforceability=None[0m
I have a couple of options: there's the Software Code Copyright and the Application Code Copyright, both offering international protection. Would you like details on either?
Can you tell me more about the Application Code Copyright?
  [37mname=Application Code Copyright, type=Copyright, scope=International, duration=None, renewal=None, cost_estimate=None, industry=None, enforceability=None[0m
The Application Code Copyright offers international protection, lasts for 65 years, costs around $2500, and is enforceable at a high level.
That sounds perfect! Can you confirm if it's renewable?
  [37mname=Application Code Copyright, type=Copyright, scope=International, duration=65, renewal=True, cost_estimate=2500, industry=None, enforceability=High[0m
No, the Application Code Copyright is not renewable. Would you still like to proceed with it?
Yes, I’d like to proceed with the Application Code Copyright!
  [37mname=Application Code Copyright, type=Copyright, scope=International, duration=65, renewal=False, cost_estimate=2500, industry=None, enforceability=High[0m
Great choice! Make sure to consult a legal advisor to help with the application process.
----------------------------------------------------------------------------------------------------
Thanks! Now, can you help me find suitable Compliance Measures for my tech business?
  [37mname=None, industry=Tech, regulation=None, geography=International, compliance_type=Mandatory, risk_level=None, cost_sensitivity=None, implementation_timeframe=None, complexity=None, technology_integration=None[0m
Sure! What specific compliance requirements or criteria are you looking for?
I'm focused on GDPR compliance for the European Union.
  [37mname=None, industry=None, regulation=GDPR, geography=EU, compliance_type=Mandatory, risk_level=None, cost_sensitivity=None, implementation_timeframe=None, complexity=None, technology_integration=None[0m
I have a couple of options for GDPR compliance. Would you prefer the GDPR Data Protection Impact Assessment or the GDPR Compliance measure?
Can you tell me more about the GDPR Compliance measure?
  [37mname=GDPR Compliance, industry=None, regulation=GDPR, geography=EU, compliance_type=Mandatory, risk_level=None, cost_sensitivity=None, implementation_timeframe=None, complexity=None, technology_integration=None[0m
The GDPR Compliance measure is mandatory, has a risk level of medium, costs medium sensitivity, takes about 3 months to implement, and requires technology integration.
That sounds like a good fit! Can you help me with the next steps to implement the GDPR Compliance measure?
  [37mname=GDPR Compliance, industry=None, regulation=GDPR, geography=EU, compliance_type=Mandatory, risk_level=Medium, cost_sensitivity=Medium, implementation_timeframe=3 months, complexity=None, technology_integration=Required[0m
You'll need to consult with a legal advisor to guide you through the implementation process for GDPR Compliance.
Got it! I'll set up a meeting with a legal advisor. Thanks for your assistance!
  [37mname=None, industry=Tech, regulation=GDPR, geography=EU, compliance_type=Mandatory, risk_level=Medium, cost_sensitivity=Medium, implementation_timeframe=3 months, complexity=None, technology_integration=Required[0m
You're welcome! Good luck with your compliance efforts!
====================================================================================================
----------------------------------------------------------------------------------------------------
I'm looking for a corporation with an annual revenue of around 4.5 million and compliant status. Any suggestions?
  [37mname=None, entity_type=Corporation, location=None, industry=None, annual_revenue=4.5 million, number_of_employees=None, compliance_status=Compliant[0m
You might want to consider Eco Solutions Inc; it fits your criteria perfectly!
Great! Can you tell me more about Eco Solutions Inc's industry?
  [37mname=Eco Solutions Inc, entity_type=Corporation, location=None, industry=None, annual_revenue=4.5 million, number_of_employees=None, compliance_status=Compliant[0m
Eco Solutions Inc operates in the Environmental Services industry.
That sounds promising! Is there anything notable about their compliance status?
  [37mname=Eco Solutions Inc, entity_type=Corporation, location=None, industry=Environmental Services, annual_revenue=4.5 million, number_of_employees=None, compliance_status=Compliant[0m
Yes, Eco Solutions Inc has a compliant status, meaning they meet all legal requirements.
Perfect! Are there any specific advantages to choosing Eco Solutions Inc over other corporations?
  [37mname=Eco Solutions Inc, entity_type=Corporation, location=None, industry=Environmental Services, annual_revenue=4.5 million, number_of_employees=None, compliance_status=Compliant[0m
Choosing Eco Solutions Inc could offer strong growth potential in the growing environmental sector.
That sounds appealing! I'm leaning towards Eco Solutions Inc. Should I proceed with this choice?
  [37mname=Eco Solutions Inc, entity_type=Corporation, location=None, industry=Environmental Services, annual_revenue=4.5 million, number_of_employees=None, compliance_status=Compliant[0m
If it aligns with your goals, Eco Solutions Inc seems like a solid choice!
Awesome! I’ll go with Eco Solutions Inc then. Thank you for your help!
  [37mname=Eco Solutions Inc, entity_type=Corporation, location=None, industry=Environmental Services, annual_revenue=4.5 million, number_of_employees=None, compliance_status=Compliant[0m
You're welcome! Best of luck with Eco Solutions Inc!
----------------------------------------------------------------------------------------------------
Thanks! Now, I need help finding suitable copyright protections for my entertainment business. Any ideas?
  [37mname=None, type=Copyright, scope=None, duration=None, renewal=None, cost_estimate=None, industry=Entertainment, enforceability=None[0m
Sure! What specific type of content are you looking to protect in the entertainment industry?
I'm looking to protect original music and films.
  [37mname=None, type=Copyright, scope=None, duration=None, renewal=None, cost_estimate=None, industry=Entertainment, enforceability=None[0m
Great! For music, you could consider the Music Album Copyright, and for films, the Film Copyright. Would you like details on both?
Yes, please! What are the key details for the Film Copyright?
  [37mname=None, type=Copyright, scope=None, duration=None, renewal=None, cost_estimate=None, industry=Entertainment, enforceability=None[0m
The Film Copyright has an international scope, lasts 70 years, costs around $1200, and has high enforceability.
That sounds good, but the cost is a bit high for me. Is there a more affordable option?
  [37mname=None, type=Copyright, scope=International, duration=70, renewal=None, cost_estimate=1200, industry=Entertainment, enforceability=High[0m
You might consider the Music Composition Copyright; it costs about $800 and also has international scope with high enforceability.
The Music Composition Copyright sounds like a better fit! Does it cover both music and lyrics?
  [37mname=Music Composition Copyright, type=Copyright, scope=International, duration=70, renewal=None, cost_estimate=800, industry=Entertainment, enforceability=High[0m
Yes, the Music Composition Copyright covers both music and lyrics.
Perfect! I’ll go with the Music Composition Copyright. Thanks for your assistance!
  [37mname=Music Composition Copyright, type=Copyright, scope=International, duration=70, renewal=None, cost_estimate=800, industry=Entertainment, enforceability=High[0m
You're welcome! Great choice with the Music Composition Copyright!
----------------------------------------------------------------------------------------------------
Thanks! Now, I need help finding Compliance Measures for my healthcare business. Any suggestions?
  [37mname=None, industry=Healthcare, regulation=HIPAA, geography=None, compliance_type=Mandatory, risk_level=None, cost_sensitivity=None, implementation_timeframe=None, complexity=None, technology_integration=None[0m
Sure! What specific compliance criteria are you looking for in your healthcare business?
I'm focused on mandatory compliance with HIPAA in the United States.
  [37mname=None, industry=Healthcare, regulation=HIPAA, geography=USA, compliance_type=Mandatory, risk_level=None, cost_sensitivity=None, implementation_timeframe=None, complexity=None, technology_integration=None[0m
HIPAA Compliance is mandatory for healthcare in the U.S. and focuses on patient privacy and data security. Would you like more details?
Yes, what are the key steps to ensure HIPAA Compliance?
  [37mname=None, industry=Healthcare, regulation=HIPAA, geography=USA, compliance_type=Mandatory, risk_level=None, cost_sensitivity=None, implementation_timeframe=None, complexity=None, technology_integration=None[0m
Key steps include conducting risk assessments, implementing privacy policies, training employees, and ensuring secure data handling.
That sounds manageable! How long does it typically take to implement these steps?
  [37mname=None, industry=Healthcare, regulation=HIPAA, geography=USA, compliance_type=Mandatory, risk_level=None, cost_sensitivity=None, implementation_timeframe=None, complexity=None, technology_integration=None[0m
Implementing HIPAA Compliance typically takes about 3 to 6 months.
That's within my timeframe! Are there any specific technologies I should consider for compliance?
  [37mname=None, industry=Healthcare, regulation=HIPAA, geography=USA, compliance_type=Mandatory, risk_level=None, cost_sensitivity=None, implementation_timeframe=3 to 6 months, complexity=None, technology_integration=None[0m
You should consider secure data storage solutions, encryption software, and access control systems for HIPAA compliance.
Got it! I’ll look into those technologies. Is there a particular cost range I should expect for these solutions?
  [37mname=None, industry=Healthcare, regulation=HIPAA, geography=USA, compliance_type=Mandatory, risk_level=None, cost_sensitivity=None, implementation_timeframe=3 to 6 months, complexity=None, technology_integration=Required[0m
Costs can vary widely, but expect to spend anywhere from $1,000 to $10,000 depending on the technology and complexity.
Thanks for the estimate! I feel ready to move forward with HIPAA Compliance.
  [37mname=None, industry=Healthcare, regulation=HIPAA, geography=USA, compliance_type=Mandatory, risk_level=None, cost_sensitivity=None, implementation_timeframe=3 to 6 months, complexity=None, technology_integration=Required[0m
That’s great to hear! Best of luck with your HIPAA Compliance journey!
Thank you! I appreciate all your help!
  [37mname=None, industry=Healthcare, regulation=HIPAA, geography=USA, compliance_type=Mandatory, risk_level=None, cost_sensitivity=None, implementation_timeframe=3 to 6 months, complexity=None, technology_integration=Required[0m
You're very welcome! I'm glad I could help!
Thanks again! I’ll reach out if I need more assistance.
  [37mname=None, industry=Healthcare, regulation=HIPAA, geography=USA, compliance_type=Mandatory, risk_level=None, cost_sensitivity=None, implementation_timeframe=3 to 6 months, complexity=None, technology_integration=Required[0m
Sounds good! Feel free to reach out anytime!
====================================================================================================
----------------------------------------------------------------------------------------------------
I'm looking for a corporation in the e-commerce industry with around 2.5 million in annual revenue.
  [37mname=None, entity_type=Corporation, location=None, industry=e-commerce, annual_revenue=2.5 million, number_of_employees=None, compliance_status=None[0m
I have one option: E-commerce Solutions Inc. with 2.5 million in revenue. Would you like to know more?
Yes, please tell me more about E-commerce Solutions Inc.
  [37mname=E-commerce Solutions Inc., entity_type=Corporation, location=None, industry=E-commerce, annual_revenue=2.5 million, number_of_employees=None, compliance_status=None[0m
E-commerce Solutions Inc. is located in Phoenix, AZ, has 40 employees, but its compliance status is non-compliant. Does that work for you?
The non-compliant status is a concern; do you have any compliant options?
  [37mname=E-commerce Solutions Inc., entity_type=Corporation, location=Phoenix, AZ, industry=E-commerce, annual_revenue=2.5 million, number_of_employees=40, compliance_status=Non-Compliant[0m
The only compliant corporation in e-commerce is E-commerce Solutions LLC, which has 2.5 million in revenue. Interested in that one?
Yes, I'm interested in E-commerce Solutions LLC. What more can you tell me about it?
  [37mname=E-commerce Solutions LLC, entity_type=LLC, location=Phoenix, AZ, industry=E-commerce, annual_revenue=2.5 million, number_of_employees=40, compliance_status=Compliant[0m
E-commerce Solutions LLC is based in Phoenix, AZ, has 40 employees, and is compliant. Would you like to proceed with this choice?
Yes, let's proceed with E-commerce Solutions LLC!
  [37mname=E-commerce Solutions LLC, entity_type=LLC, location=Phoenix, AZ, industry=E-commerce, annual_revenue=2.5 million, number_of_employees=40, compliance_status=Compliant[0m
Great choice! E-commerce Solutions LLC it is! If you need further assistance, just let me know.
----------------------------------------------------------------------------------------------------
Thanks! Now I need help finding a suitable patent. Can you assist with that?
  [37mname=None, type=Patent, scope=None, duration=None, renewal=None, cost_estimate=None, industry=E-commerce, enforceability=None[0m
Of course! What specific features are you looking for in a patent?
I'm looking for a national patent with a duration of 20 years and high enforceability.
  [37mname=None, type=Patent, scope=National, duration=20, renewal=None, cost_estimate=None, industry=E-commerce, enforceability=High[0m
I have two options: the "Software Algorithm Patent" and the "Innovative Widget Patent." Which one interests you?
I'm interested in the "Software Algorithm Patent." What can you tell me about it?
  [37mname=Software Algorithm Patent, type=Patent, scope=National, duration=20, renewal=None, cost_estimate=None, industry=E-commerce, enforceability=High[0m
The "Software Algorithm Patent" has a national scope, lasts for 20 years, costs about $7,500, and has high enforceability. Ready to proceed with it?
Yes, let's proceed with the "Software Algorithm Patent"!
  [37mname=Software Algorithm Patent, type=Patent, scope=National, duration=20, renewal=None, cost_estimate=7500, industry=None, enforceability=High[0m
Excellent choice! The "Software Algorithm Patent" is all set. If you need anything else, just let me know!
----------------------------------------------------------------------------------------------------
I need help finding suitable Compliance Measures for HIPAA. Can you assist with that?
  [37mname=None, industry=E-commerce, regulation=HIPAA, geography=USA, compliance_type=Mandatory, risk_level=None, cost_sensitivity=None, implementation_timeframe=None, complexity=None, technology_integration=None[0m
Sure! Are you looking for specific factors like risk level, implementation timeframe, or cost sensitivity for HIPAA compliance?
Yes, I need to ensure it meets high risk level and complex implementation.
  [37mname=None, industry=E-commerce, regulation=HIPAA, geography=None, compliance_type=Mandatory, risk_level=High, cost_sensitivity=None, implementation_timeframe=None, complexity=Complex, technology_integration=None[0m
I have two options for HIPAA compliance: one with high risk and complex implementation takes one year, the other is 6 months. Which one would you prefer?
I'd prefer the one that takes 6 months. What details can you share about it?
  [37mname=None, industry=E-commerce, regulation=HIPAA, geography=USA, compliance_type=Mandatory, risk_level=High, cost_sensitivity=None, implementation_timeframe=6 months, complexity=Complex, technology_integration=None[0m
The HIPAA Compliance with a 6-month implementation is mandatory, has high risk, and requires technology integration. Ready to proceed with this option?
Yes, let's proceed with the HIPAA Compliance that has a 6-month implementation!
  [37mname=None, industry=E-commerce, regulation=HIPAA, geography=USA, compliance_type=Mandatory, risk_level=High, cost_sensitivity=None, implementation_timeframe=6 months, complexity=Complex, technology_integration=Required[0m
Great choice! The HIPAA Compliance with a 6-month implementation is all set. If you need anything else, just let me know!
====================================================================================================
Generating dialogues for data/DOTS/train/0246__site_features__navigational_elements__security_enhancements
----------------------------------------------------------------------------------------------------
Hey! So, you're looking for a content feature with medium complexity and importance, right?
  [37mname=None, feature_type=Content, complexity=Medium, importance=Medium, budget=None, time_to_implement=None, compatibility=None, integration_level=None[0m
Yes, that's correct! Do you have any budget or time constraints in mind?
I'm thinking around 40 days for implementation, but budget-wise, I'm flexible. How about you?
  [37mname=None, feature_type=Content, complexity=Medium, importance=Medium, budget=None, time_to_implement=40, compatibility=None, integration_level=None[0m
Great! We have a few options. Would you prefer features that are compatible with both mobile and desktop?
Yes, compatibility with both mobile and desktop is ideal for us. What options do you have in mind?
  [37mname=None, feature_type=Content, complexity=Medium, importance=Medium, budget=None, time_to_implement=40, compatibility=Both, integration_level=None[0m
There's a "Content Localization" option with medium complexity and importance, fitting your criteria perfectly. Would you like to go with that?
That sounds perfect! Let's go with the "Content Localization" feature.
  [37mname=Content Localization, feature_type=Content, complexity=Medium, importance=Medium, budget=None, time_to_implement=40, compatibility=Both, integration_level=None[0m
Awesome choice! Just to confirm, you’re selecting the "Content Localization" feature with medium complexity and importance.
----------------------------------------------------------------------------------------------------
Yes, that's right! Now, can you help me find a dropdown navigation element that meets our criteria?
  [37mname=None, style=dropdown, user_experience=medium, responsive=True, accessibility=None, animation=None, color_scheme=None, fixed_position=None, multi_language_support=None, search_integration=None[0m
Sure! Are you looking for a simple or advanced user experience for the dropdown navigation?
I'm looking for a simple user experience for the dropdown navigation.
  [37mname=None, style=dropdown, user_experience=simple, responsive=None, accessibility=None, animation=None, color_scheme=None, fixed_position=None, multi_language_support=None, search_integration=None[0m
Got it! The "Dropdown Navigation" option fits that, but it lacks accessibility. Would you like to consider the "Basic Dropdown Navigation" instead, which has accessibility?
Yes, let's go with the "Basic Dropdown Navigation" that includes accessibility.
  [37mname=Basic Dropdown Navigation, style=dropdown, user_experience=simple, responsive=None, accessibility=True, animation=None, color_scheme=None, fixed_position=None, multi_language_support=None, search_integration=None[0m
Great choice! Just to confirm, you're selecting the "Basic Dropdown Navigation" with accessibility.
----------------------------------------------------------------------------------------------------
Yes, that's confirmed! Now, can you help me find a suitable Intrusion Detection System?
  [37mname=None, type=Intrusion Detection System, compliance=None, version=None, vendor=None, cost_range=None, implementation_time=None, support_level=None, user_rating=None, deployment_type=None[0m
Absolutely! Do you have any specific compliance requirements for the Intrusion Detection System?
Yes, it must comply with ISO 27001. What options do you have?
  [37mname=None, type=Intrusion Detection System, compliance=ISO 27001, version=None, vendor=None, cost_range=None, implementation_time=None, support_level=None, user_rating=None, deployment_type=None[0m
We have two options: "Intrusion Detection System" from Vendor A and another from Vendor C, both compliant with ISO 27001. Would you like more details on either?
Can you share more details about the one from Vendor A?
  [37mname=None, type=Intrusion Detection System, compliance=ISO 27001, version=None, vendor=Vendor A, cost_range=None, implementation_time=None, support_level=None, user_rating=None, deployment_type=None[0m
Sure! The "Intrusion Detection System" from Vendor A has version 3.0, costs are high, implementation time is long, with premium support, and a user rating of 4.7. Interested?
That sounds great! I’d like to go with the Intrusion Detection System from Vendor A.
  [37mname=Intrusion Detection System, type=Intrusion Detection System, compliance=ISO 27001, version=3.0, vendor=Vendor A, cost_range=High, implementation_time=Long, support_level=Premium, user_rating=4.7, deployment_type=None[0m
Awesome choice! Just to confirm, you're selecting the Intrusion Detection System from Vendor A.
====================================================================================================
----------------------------------------------------------------------------------------------------
Hey! What kind of content features are you thinking about for your site?
  [37mname=None, feature_type=None, complexity=None, importance=None, budget=None, time_to_implement=None, compatibility=None, integration_level=None[0m
I'm considering a Content Management System; what are your thoughts on that?
A CMS sounds great! Are you looking for something user-friendly for both mobile and desktop?
  [37mname=None, feature_type=Content, complexity=None, importance=None, budget=None, time_to_implement=None, compatibility=Both, integration_level=None[0m
Yes, compatibility with both mobile and desktop is essential.
Got it! Do you have any specific budget range in mind for the CMS implementation?
  [37mname=None, feature_type=Content, complexity=None, importance=None, budget=None, time_to_implement=None, compatibility=Both, integration_level=None[0m
I'm thinking around $2000 for the budget.
Perfect! With that budget, we can explore some solid options. How important is the integration with your existing systems?
  [37mname=Content Management System, feature_type=Content, complexity=None, importance=None, budget=2000, time_to_implement=None, compatibility=Both, integration_level=None[0m
Integration is quite important; I'd prefer something that's integrated.
Understood! So, a fully integrated CMS it is. Any thoughts on how soon you’d like this implemented?
  [37mname=None, feature_type=Content, complexity=None, importance=None, budget=2000, time_to_implement=None, compatibility=Both, integration_level=Integrated[0m
I’d like to have it implemented in about 60 days if possible.
Great timeline! I think we can find a suitable CMS that meets your needs within that timeframe. Let's proceed with that!
  [37mname=None, feature_type=Content, complexity=None, importance=None, budget=2000, time_to_implement=60, compatibility=Both, integration_level=Integrated[0m
Sounds good! What options do we have for a fully integrated CMS?
We can consider options like WordPress with plugins, Drupal, or Joomla. Which one interests you the most?
  [37mname=None, feature_type=Content, complexity=None, importance=None, budget=2000, time_to_implement=60, compatibility=Both, integration_level=Integrated[0m
I'm leaning towards WordPress; it seems user-friendly and versatile.
WordPress is an excellent choice! It’s user-friendly and has great content features. Ready to move forward with that?
  [37mname=Content Management System, feature_type=Content, complexity=None, importance=None, budget=2000, time_to_implement=60, compatibility=Both, integration_level=Integrated[0m
Yes, I'm ready to move forward with WordPress!
Awesome! I’ll get started on the setup and integration for WordPress. Excited to work on this with you!
  [37mname=Content Management System, feature_type=Content, complexity=None, importance=None, budget=2000, time_to_implement=60, compatibility=Both, integration_level=Integrated[0m
Me too! Looking forward to seeing it all come together!
Absolutely! I’ll keep you updated on the progress. Let’s make it great!
  [37mname=Content Management System, feature_type=Content, complexity=None, importance=Critical, budget=2000, time_to_implement=60, compatibility=Both, integration_level=Integrated[0m
Sounds perfect! Thanks for your help!
You're welcome! Happy to help!
  [37mname=Content Management System, feature_type=Content, complexity=None, importance=Critical, budget=2000, time_to_implement=60, compatibility=Both, integration_level=Integrated[0m
Thanks again! Talk soon!
Talk soon! Take care!
  [37mname=Content Management System, feature_type=Content, complexity=None, importance=None, budget=2000, time_to_implement=60, compatibility=Both, integration_level=Integrated[0m
You too! Bye!
----------------------------------------------------------------------------------------------------
Let’s dive into the navigational elements! What style of navigation are you envisioning for your site?
  [37mname=None, style=None, user_experience=None, responsive=True, accessibility=None, animation=None, color_scheme=None, fixed_position=None, multi_language_support=None, search_integration=None[0m
I'm thinking about a horizontal navigation style.
Great choice! A horizontal navigation style works well for user experience. How advanced do you want the navigation to be?
  [37mname=None, style=horizontal, user_experience=None, responsive=None, accessibility=None, animation=None, color_scheme=None, fixed_position=None, multi_language_support=None, search_integration=None[0m
I’d prefer something advanced to enhance user experience.
Got it! An advanced navigation will provide more features. Do you want it to be responsive for different screen sizes?
  [37mname=None, style=horizontal, user_experience=advanced, responsive=True, accessibility=None, animation=None, color_scheme=None, fixed_position=None, multi_language_support=None, search_integration=None[0m
Yes, responsiveness is definitely a must!
Perfect! I'll ensure it's responsive. How important is accessibility for you?
  [37mname=None, style=horizontal, user_experience=advanced, responsive=True, accessibility=None, animation=None, color_scheme=None, fixed_position=None, multi_language_support=None, search_integration=None[0m
Accessibility is very important; I want everyone to navigate easily.
Absolutely, I'll prioritize accessibility. What about animation for the navigation—do you have a preference?
  [37mname=None, style=horizontal, user_experience=advanced, responsive=True, accessibility=True, animation=None, color_scheme=None, fixed_position=None, multi_language_support=None, search_integration=None[0m
I think a subtle slide animation would work nicely.
A slide animation sounds great! Now, what color scheme are you leaning towards?
  [37mname=None, style=horizontal, user_experience=advanced, responsive=True, accessibility=True, animation=slide, color_scheme=None, fixed_position=None, multi_language_support=None, search_integration=None[0m
I'm leaning towards a light color scheme.
A light color scheme it is! Do you want the navigation to have a fixed position when scrolling?
  [37mname=None, style=horizontal, user_experience=advanced, responsive=True, accessibility=True, animation=slide, color_scheme=light, fixed_position=None, multi_language_support=None, search_integration=None[0m
Yes, a fixed position would be ideal for easy access.
Got it! A fixed position will enhance accessibility. Do you need multi-language support for the navigation?
  [37mname=None, style=horizontal, user_experience=advanced, responsive=True, accessibility=True, animation=slide, color_scheme=light, fixed_position=True, multi_language_support=None, search_integration=None[0m
Yes, multi-language support would be beneficial.
Great! I'll include multi-language support. Lastly, would you like to integrate a search feature within the navigation?
  [37mname=None, style=horizontal, user_experience=advanced, responsive=True, accessibility=True, animation=slide, color_scheme=light, fixed_position=True, multi_language_support=True, search_integration=None[0m
Yes, integrating a search feature would be very helpful!
Perfect! So to summarize, we’ll have a horizontal, advanced, responsive navigation with accessibility, slide animation, a light color scheme, fixed position, multi-language support, and a search feature. Sounds good?
  [37mname=None, style=horizontal, user_experience=advanced, responsive=True, accessibility=True, animation=slide, color_scheme=light, fixed_position=True, multi_language_support=True, search_integration=True[0m
That sounds perfect! I'm excited to see it all come together!
----------------------------------------------------------------------------------------------------
I’m excited too! Now, let’s talk about security enhancements. What are your thoughts on using an Intrusion Detection System?
  [37mname=None, type=Intrusion Detection System, compliance=None, version=None, vendor=None, cost_range=None, implementation_time=None, support_level=None, user_rating=None, deployment_type=None[0m
An Intrusion Detection System sounds like a solid choice for security!
Absolutely! Do you have a preferred vendor or brand for the Intrusion Detection System?
  [37mname=None, type=Intrusion Detection System, compliance=None, version=None, vendor=None, cost_range=None, implementation_time=None, support_level=None, user_rating=None, deployment_type=None[0m
I don't have a specific vendor in mind; I'm open to suggestions.
Got it! How about we consider "SecureWatch IDS"? They have a good reputation. What do you think?
  [37mname=None, type=Intrusion Detection System, compliance=None, version=None, vendor=SecureWatch IDS, cost_range=None, implementation_time=None, support_level=None, user_rating=None, deployment_type=None[0m
"SecureWatch IDS" sounds like a great option!
Awesome! It’s an Intrusion Detection System with a solid user rating. Are you okay with an on-premises deployment?
  [37mname=SecureWatch IDS, type=Intrusion Detection System, compliance=None, version=None, vendor=SecureWatch, cost_range=None, implementation_time=None, support_level=None, user_rating=None, deployment_type=On-Premises[0m
Yes, on-premises deployment works for me!
====================================================================================================
----------------------------------------------------------------------------------------------------
Hey there! What specific features do you envision for the Basic Content Management System?
  [37mname=None, feature_type=None, complexity=None, importance=None, budget=None, time_to_implement=None, compatibility=None, integration_level=None[0m
I'm looking for something that's user-friendly, allows easy content updates, and supports both desktop and mobile.
Got it! How important is it for you to have analytics integrated into this system?
  [37mname=None, feature_type=Content, complexity=None, importance=None, budget=None, time_to_implement=None, compatibility=Both, integration_level=None[0m
It's quite important; I'd like to track user engagement and content performance.
Understood! Would you prefer a standalone analytics tool or something more integrated with the CMS?
  [37mname=None, feature_type=Content, complexity=None, importance=High, budget=None, time_to_implement=None, compatibility=Both, integration_level=Integrated[0m
I would prefer something more integrated with the CMS for seamless tracking.
Great choice! Do you have a specific budget range in mind for this integration?
  [37mname=None, feature_type=Analytics, complexity=None, importance=High, budget=None, time_to_implement=None, compatibility=Both, integration_level=Integrated[0m
Yes, I’d like to keep it under $2000 if possible.
Perfect! Lastly, how quickly do you need this system up and running?
  [37mname=None, feature_type=Content, complexity=None, importance=High, budget=2000.0, time_to_implement=None, compatibility=Both, integration_level=Integrated[0m
Ideally, within the next 60 days would be great.
Thanks for the info! Based on your criteria, I recommend a CMS like WordPress with integrated analytics plugins, which are user-friendly and fit your budget. How does that sound?
  [37mname=None, feature_type=Content, complexity=None, importance=High, budget=2000.0, time_to_implement=60, compatibility=Both, integration_level=Integrated[0m
That sounds good, but I'm specifically looking at the Basic Content Management System from the options you provided.
Got it! The Basic Content Management System can be customized with integrated analytics, and it meets your timeline and budget. Shall we proceed with that option?
  [37mname=Basic Content Management System, feature_type=Content, complexity=None, importance=High, budget=2000.0, time_to_implement=60, compatibility=Both, integration_level=Integrated[0m
Yes, let's go ahead with the Basic Content Management System!
Awesome! I'll start working on the setup for the Basic Content Management System right away. Thanks!
  [37mname=Basic Content Management System, feature_type=Content, complexity=None, importance=High, budget=2000.0, time_to_implement=60, compatibility=Both, integration_level=Integrated[0m
You're welcome! Looking forward to seeing it in action!
----------------------------------------------------------------------------------------------------
Absolutely! Now, let's talk about the navigation elements. Do you have a preference for a specific style, like vertical or horizontal?
  [37mname=None, style=horizontal, user_experience=simple, responsive=True, accessibility=None, animation=None, color_scheme=None, fixed_position=None, multi_language_support=None, search_integration=None[0m
I prefer a horizontal navigation style for a cleaner look.
Great choice! Would you like the navigation to be responsive for different screen sizes?
  [37mname=None, style=horizontal, user_experience=None, responsive=True, accessibility=None, animation=None, color_scheme=None, fixed_position=None, multi_language_support=None, search_integration=None[0m
Yes, definitely! It should be responsive for mobile users.
Perfect! How about accessibility? Should it adhere to accessibility standards?
  [37mname=None, style=horizontal, user_experience=None, responsive=True, accessibility=True, animation=None, color_scheme=None, fixed_position=None, multi_language_support=None, search_integration=None[0m
Yes, it should absolutely adhere to accessibility standards.
Got it! What about animation styles? Do you prefer any specific animation for the navigation?
  [37mname=None, style=horizontal, user_experience=None, responsive=True, accessibility=True, animation=None, color_scheme=None, fixed_position=None, multi_language_support=None, search_integration=None[0m
I prefer a simple animation, like a fade effect.
Sounds good! Now, do you have a color scheme preference, like dark or light?
  [37mname=None, style=horizontal, user_experience=None, responsive=True, accessibility=True, animation=fade, color_scheme=None, fixed_position=None, multi_language_support=None, search_integration=None[0m
I’d like a light color scheme for a fresh look.
Great choice! Should the navigation be fixed in position when scrolling, or is that not necessary?
  [37mname=None, style=horizontal, user_experience=None, responsive=True, accessibility=True, animation=fade, color_scheme=light, fixed_position=None, multi_language_support=None, search_integration=None[0m
A fixed position would be nice for easy access while scrolling.
Understood! Lastly, do you need multi-language support or a search integration in the navigation?
  [37mname=None, style=horizontal, user_experience=None, responsive=True, accessibility=True, animation=fade, color_scheme=light, fixed_position=True, multi_language_support=None, search_integration=None[0m
Yes, having search integration would be helpful, but multi-language support isn't necessary.
Perfect! So to summarize, we’ll go with a horizontal, responsive navigation that adheres to accessibility standards, has a fade animation, uses a light color scheme, is fixed in position, and includes search integration. Does that sound good?
  [37mname=None, style=horizontal, user_experience=None, responsive=True, accessibility=True, animation=fade, color_scheme=light, fixed_position=True, multi_language_support=None, search_integration=True[0m
That sounds perfect! Let's go with that!
----------------------------------------------------------------------------------------------------
Awesome! Now, let's discuss security. What are your main concerns regarding site security?
  [37mname=None, type=None, compliance=None, version=None, vendor=None, cost_range=Medium, implementation_time=Moderate, support_level=None, user_rating=None, deployment_type=None[0m
My main concerns are protecting user data and preventing unauthorized access.
Got it! Are you looking for a specific type of security enhancement, like an Intrusion Detection System?
  [37mname=None, type=Intrusion Detection System, compliance=None, version=None, vendor=None, cost_range=None, implementation_time=None, support_level=None, user_rating=None, deployment_type=None[0m
Yes, an Intrusion Detection System would be ideal for monitoring threats.
Great choice! Do you have a preference for a specific vendor for the Intrusion Detection System?
  [37mname=None, type=Intrusion Detection System, compliance=None, version=None, vendor=None, cost_range=None, implementation_time=None, support_level=None, user_rating=None, deployment_type=None[0m
I don't have a specific vendor in mind; I'm open to recommendations.
Thanks! Would you prefer a high-cost option that offers more features, or are you looking for something more budget-friendly?
  [37mname=None, type=Intrusion Detection System, compliance=None, version=None, vendor=None, cost_range=None, implementation_time=None, support_level=None, user_rating=None, deployment_type=None[0m
I’d prefer a budget-friendly option that still offers good features.
Understood! How important is compliance with standards like GDPR for you?
  [37mname=None, type=Intrusion Detection System, compliance=GDPR, version=None, vendor=None, cost_range=Low, implementation_time=None, support_level=None, user_rating=None, deployment_type=None[0m
Compliance with GDPR is very important for us.
Got it! Do you have a timeline in mind for implementing the Intrusion Detection System?
  [37mname=None, type=Intrusion Detection System, compliance=GDPR, version=None, vendor=None, cost_range=Low, implementation_time=None, support_level=None, user_rating=None, deployment_type=None[0m
I’d like to implement it within the next 30 days.
Perfect! Would you prefer a cloud-based solution, or is an on-premises option acceptable?
  [37mname=None, type=Intrusion Detection System, compliance=GDPR, version=None, vendor=None, cost_range=Low, implementation_time=Moderate, support_level=None, user_rating=None, deployment_type=Cloud[0m
A cloud-based solution would be preferable for easier management.
Great! Lastly, how important is customer support level for you—Basic, Standard, or Premium?
  [37mname=None, type=Intrusion Detection System, compliance=GDPR, version=None, vendor=None, cost_range=Low, implementation_time=Moderate, support_level=None, user_rating=None, deployment_type=Cloud[0m
I would prefer a Premium support level for better assistance.
Awesome! To summarize, we're looking for a cloud-based Intrusion Detection System, compliant with GDPR, budget-friendly, to be implemented within 30 days, with Premium support. Does that sound right?
  [37mname=None, type=Intrusion Detection System, compliance=GDPR, version=None, vendor=None, cost_range=Low, implementation_time=Moderate, support_level=Premium, user_rating=None, deployment_type=Cloud[0m
Yes, that sounds exactly right!
====================================================================================================
----------------------------------------------------------------------------------------------------
Hey! So, you're looking for a high-complexity analytics feature, right?
  [37mname=None, feature_type=Analytics, complexity=High, importance=None, budget=None, time_to_implement=None, compatibility=None, integration_level=None[0m
Actually, I'm looking for something more on the medium complexity side. Any suggestions?
Sure! How about a user behavior tracking tool? Would that fit your needs?
  [37mname=None, feature_type=Analytics, complexity=Medium, importance=None, budget=None, time_to_implement=None, compatibility=None, integration_level=None[0m
I’m thinking more towards A/B testing or something similar. Do you have that?
Absolutely! A/B testing tools are great for analytics. Do you have a specific budget in mind for that?
  [37mname=A/B Testing, feature_type=Analytics, complexity=Medium, importance=None, budget=None, time_to_implement=None, compatibility=None, integration_level=None[0m
Yes, I’d like to keep it under $1500. What do you recommend?
I recommend considering a tool like Google Optimize; it's great for A/B testing and fits within your budget. What do you think?
  [37mname=A/B Testing Tool, feature_type=Analytics, complexity=Medium, importance=None, budget=1500.0, time_to_implement=None, compatibility=None, integration_level=None[0m
I was looking for a specific feature from the list. Is there an A/B testing framework available?
Yes, you could look into Optimizely; it offers a robust A/B testing framework. Would that work for you?
  [37mname=Optimizely, feature_type=Analytics, complexity=Medium, importance=None, budget=1500, time_to_implement=None, compatibility=None, integration_level=None[0m
I meant from the list we have. Is there an A/B Testing Framework available there?
Got it! Unfortunately, the list doesn't specifically mention an A/B testing framework. Would you like to adjust any criteria to find something suitable?
  [37mname=None, feature_type=Analytics, complexity=Medium, importance=None, budget=1500, time_to_implement=None, compatibility=None, integration_level=None[0m
How about medium complexity features in analytics? What do you have?
For medium complexity in analytics, consider features like funnel analysis or cohort analysis tools. Would either of those interest you?
  [37mname=None, feature_type=Analytics, complexity=Medium, importance=None, budget=1500, time_to_implement=None, compatibility=None, integration_level=None[0m
I’m looking specifically at the list. Do you have a medium complexity analytics feature from that?
From the list, we could look at a traffic analysis tool; it typically falls under medium complexity. Would that be suitable?
  [37mname=None, feature_type=Analytics, complexity=Medium, importance=None, budget=1500, time_to_implement=None, compatibility=None, integration_level=None[0m
I’m looking for the "A/B Testing Framework" specifically from the list. Is that available?
I see! Unfortunately, the "A/B Testing Framework" isn't listed among the site features we have. Would you like to consider other analytics options?
  [37mname=A/B Testing Framework, feature_type=Analytics, complexity=Medium, importance=None, budget=1500, time_to_implement=None, compatibility=None, integration_level=None[0m
What about any low complexity analytics features? What do you have?
For low complexity, we could consider basic website traffic tracking tools. Does that sound good to you?
  [37mname=None, feature_type=Analytics, complexity=Medium, importance=None, budget=1500, time_to_implement=None, compatibility=None, integration_level=None[0m
Is there a specific low complexity analytics feature from the list?
Yes, a simple visitor count feature is available in the list for low complexity analytics. Would that work for you?
  [37mname=A/B Testing Framework, feature_type=Analytics, complexity=Medium, importance=None, budget=1500, time_to_implement=None, compatibility=None, integration_level=None[0m
I’m looking for the "User Analytics" feature from the list. Can you tell me about that?
The "User Analytics" feature typically provides insights into user behavior and engagement on your site. Are you interested in implementing that?
  [37mname=User Analytics, feature_type=Analytics, complexity=Low, importance=None, budget=1500.0, time_to_implement=None, compatibility=None, integration_level=None[0m
Yes, that sounds great! What’s the budget and time to implement it?
The budget for "User Analytics" can be around $1500, and it usually takes about 30 days to implement. Does that fit your plan?
  [37mname=User Analytics, feature_type=Analytics, complexity=Medium, importance=None, budget=1500, time_to_implement=30, compatibility=None, integration_level=None[0m
Yes, that works for me! Let's go with "User Analytics."
----------------------------------------------------------------------------------------------------
Great! Now, let's talk about the navigation elements. Do you have a preference for a specific style?
  [37mname=None, style=None, user_experience=None, responsive=None, accessibility=None, animation=None, color_scheme=None, fixed_position=None, multi_language_support=None, search_integration=None[0m
I prefer a horizontal style for the navigation. What options do we have?
For horizontal navigation, we can consider options like a top menu bar or a mega menu. Which one do you prefer?
  [37mname=None, style=horizontal, user_experience=None, responsive=None, accessibility=None, animation=None, color_scheme=None, fixed_position=None, multi_language_support=None, search_integration=None[0m
I think a mega menu would be a great choice! What features does it have?
A mega menu allows for multiple columns of links, dropdowns for categories, and can include images or icons. Does that sound good to you?
  [37mname=None, style=horizontal, user_experience=None, responsive=None, accessibility=None, animation=None, color_scheme=None, fixed_position=None, multi_language_support=None, search_integration=None[0m
Yes, that sounds perfect! Is it responsive as well?
Yes, the mega menu can be designed to be fully responsive for different screen sizes. Would you like to proceed with that?
  [37mname=None, style=horizontal, user_experience=None, responsive=True, accessibility=None, animation=None, color_scheme=None, fixed_position=None, multi_language_support=None, search_integration=None[0m
Absolutely! Let's go with the responsive mega menu.
----------------------------------------------------------------------------------------------------
Awesome! Now, let’s find a suitable security enhancement. Are you familiar with any specific security features you’d like to include?
  [37mname=None, type=None, compliance=None, version=None, vendor=None, cost_range=None, implementation_time=None, support_level=None, user_rating=None, deployment_type=None[0m
I’m looking for a firewall solution. What do you have available?
We can consider options like a cloud-based firewall solution. Would you like one that meets PCI-DSS compliance?
  [37mname=None, type=Firewall, compliance=PCI-DSS, version=None, vendor=None, cost_range=Medium, implementation_time=Moderate, support_level=None, user_rating=None, deployment_type=Cloud[0m
Yes, PCI-DSS compliance is important. What options do you have?
I recommend looking into the SecureVision firewall; it meets PCI-DSS compliance and has a good user rating. Does that work for you?
  [37mname=SecureVision, type=Firewall, compliance=PCI-DSS, version=None, vendor=None, cost_range=Medium, implementation_time=Moderate, support_level=None, user_rating=None, deployment_type=Cloud[0m
What’s the cost range and implementation time for SecureVision?
SecureVision typically falls within a medium cost range and has a moderate implementation time of about 2-4 weeks. Does that fit your schedule?
  [37mname=SecureVision, type=Firewall, compliance=PCI-DSS, version=None, vendor=None, cost_range=Medium, implementation_time=Moderate, support_level=None, user_rating=None, deployment_type=Cloud[0m
Yes, that fits perfectly! Let’s go with SecureVision for the firewall.
====================================================================================================
----------------------------------------------------------------------------------------------------
Hey! So, I see you're interested in a UI feature—what specific functionality are you looking for?
  [37mname=None, feature_type=UI, complexity=None, importance=None, budget=None, time_to_implement=None, compatibility=None, integration_level=None[0m
I'm looking for something that enhances user experience but isn't too complex.
Got it! How about a customizable dashboard for users? It’s medium complexity and great for enhancing experience. What do you think?
  [37mname=None, feature_type=UI, complexity=Medium, importance=None, budget=None, time_to_implement=None, compatibility=None, integration_level=None[0m
That sounds interesting, but do you have any specific options in mind?
Yes! We could consider features like drag-and-drop widgets or personalized content recommendations. Do either of those resonate with you?
  [37mname=None, feature_type=UI, complexity=Medium, importance=None, budget=None, time_to_implement=None, compatibility=None, integration_level=None[0m
I like the idea of personalized content recommendations; do we have any features that offer that?
Absolutely! There are several plugins and tools available for personalized content recommendations. Would you prefer a standalone solution or something that integrates with your existing systems?
  [37mname=Personalized Content Recommendations, feature_type=UI, complexity=Medium, importance=None, budget=None, time_to_implement=None, compatibility=None, integration_level=Standalone[0m
I think an integrated solution would be better for seamless functionality.
Great choice! We can look into options like Algolia or Optimizely for integrated recommendations. Does that fit within your budget of $1200?
  [37mname=Personalized Content Recommendations, feature_type=UI, complexity=Medium, importance=None, budget=1200, time_to_implement=None, compatibility=None, integration_level=Integrated[0m
That might be a bit over budget; could you suggest something more affordable?
Sure! We can explore options like Simple Analytics or even a custom solution using existing data. Would you like me to find specific tools that fit your budget?
  [37mname=Personalized Content Recommendations, feature_type=UI, complexity=Medium, importance=None, budget=1200, time_to_implement=None, compatibility=None, integration_level=Integrated[0m
Yes, please! That would be really helpful.
Alright! I’ll check out some affordable integrated solutions for personalized content recommendations and get back to you shortly.
  [37mname=Personalized Content Recommendations, feature_type=UI, complexity=Medium, importance=None, budget=1200, time_to_implement=None, compatibility=None, integration_level=Integrated[0m
Sounds good! Thank you!
You're welcome! I'll follow up with some options soon.
  [37mname=Personalized Content Recommendations, feature_type=UI, complexity=Medium, importance=None, budget=1200, time_to_implement=None, compatibility=None, integration_level=Integrated[0m
Looking forward to it!
Me too! Talk soon!
  [37mname=Personalized Content Recommendations, feature_type=UI, complexity=Medium, importance=None, budget=1200, time_to_implement=None, compatibility=None, integration_level=Integrated[0m
Talk soon!
Take care!
  [37mname=Personalized Content Recommendations, feature_type=UI, complexity=Medium, importance=None, budget=1200, time_to_implement=None, compatibility=None, integration_level=Integrated[0m
You too!
Thanks! Bye!
  [37mname=Personalized Content Recommendations, feature_type=UI, complexity=Medium, importance=None, budget=1200, time_to_implement=None, compatibility=None, integration_level=Integrated[0m
Bye!
Goodbye!
  [37mname=Personalized Content Recommendations, feature_type=UI, complexity=Medium, importance=None, budget=1200, time_to_implement=None, compatibility=None, integration_level=Integrated[0m
Goodbye!
Goodbye!
  [37mname=Personalized Content Recommendations, feature_type=UI, complexity=Medium, importance=None, budget=1200, time_to_implement=None, compatibility=None, integration_level=Integrated[0m
Goodbye!
Goodbye!
  [37mname=Personalized Content Recommendations, feature_type=UI, complexity=Medium, importance=None, budget=1200, time_to_implement=None, compatibility=None, integration_level=Integrated[0m
Goodbye!
Goodbye!
  [37mname=Personalized Content Recommendations, feature_type=UI, complexity=Medium, importance=None, budget=1200, time_to_implement=None, compatibility=None, integration_level=Integrated[0m
Goodbye!
Goodbye!
  [37mname=Personalized Content Recommendations, feature_type=UI, complexity=Medium, importance=None, budget=1200, time_to_implement=None, compatibility=None, integration_level=Integrated[0m
Goodbye!
Goodbye!
  [37mname=Personalized Content Recommendations, feature_type=UI, complexity=Medium, importance=None, budget=1200, time_to_implement=None, compatibility=None, integration_level=Integrated[0m
Goodbye!
Goodbye!
  [37mname=Personalized Content Recommendations, feature_type=UI, complexity=Medium, importance=None, budget=1200, time_to_implement=None, compatibility=None, integration_level=Integrated[0m
Goodbye!
Goodbye!
  [37mname=Personalized Content Recommendations, feature_type=UI, complexity=Medium, importance=None, budget=1200, time_to_implement=None, compatibility=None, integration_level=Integrated[0m
Goodbye!
Goodbye!
  [37mname=Personalized Content Recommendations, feature_type=UI, complexity=Medium, importance=None, budget=1200, time_to_implement=None, compatibility=None, integration_level=Integrated[0m
Goodbye!
Goodbye!
  [37mname=Personalized Content Recommendations, feature_type=UI, complexity=Medium, importance=None, budget=1200, time_to_implement=None, compatibility=None, integration_level=Integrated[0m
Goodbye!
Goodbye!
  [37mname=Personalized Content Recommendations, feature_type=UI, complexity=Medium, importance=None, budget=1200, time_to_implement=None, compatibility=None, integration_level=Integrated[0m
Goodbye!
Goodbye!
  [37mname=Personalized Content Recommendations, feature_type=UI, complexity=Medium, importance=None, budget=1200, time_to_implement=None, compatibility=None, integration_level=Integrated[0m
Goodbye!
Goodbye!
  [37mname=Personalized Content Recommendations, feature_type=UI, complexity=Medium, importance=None, budget=1200, time_to_implement=None, compatibility=None, integration_level=Integrated[0m
Goodbye!
Goodbye!
  [37mname=Personalized Content Recommendations, feature_type=UI, complexity=Medium, importance=None, budget=1200, time_to_implement=None, compatibility=None, integration_level=Integrated[0m
Goodbye!
Goodbye!
  [37mname=Personalized Content Recommendations, feature_type=UI, complexity=Medium, importance=None, budget=1200, time_to_implement=None, compatibility=None, integration_level=Integrated[0m
Goodbye!
Goodbye!
  [37mname=Personalized Content Recommendations, feature_type=UI, complexity=Medium, importance=None, budget=1200, time_to_implement=None, compatibility=None, integration_level=Integrated[0m
Goodbye!
Goodbye!
  [37mname=Personalized Content Recommendations, feature_type=UI, complexity=Medium, importance=None, budget=1200, time_to_implement=None, compatibility=None, integration_level=Integrated[0m
Goodbye!
Goodbye!
  [37mname=Personalized Content Recommendations, feature_type=UI, complexity=Medium, importance=None, budget=1200, time_to_implement=None, compatibility=None, integration_level=Integrated[0m
Goodbye!
Goodbye!
  [37mname=Personalized Content Recommendations, feature_type=UI, complexity=Medium, importance=None, budget=1200, time_to_implement=None, compatibility=None, integration_level=Integrated[0m
Goodbye!
----------------------------------------------------------------------------------------------------
Before we wrap up, can you help me with your thoughts on a vertical navigation style?
  [37mname=None, style=vertical, user_experience=simple, responsive=None, accessibility=None, animation=None, color_scheme=None, fixed_position=None, multi_language_support=None, search_integration=None[0m
Vertical navigation can be great for user experience, especially on wider screens. What do you think?
I agree! It keeps the layout clean and organized. Are you okay with a light color scheme for it?
  [37mname=None, style=vertical, user_experience=simple, responsive=None, accessibility=None, animation=None, color_scheme=light, fixed_position=None, multi_language_support=None, search_integration=None[0m
A light color scheme sounds nice! It can enhance readability.
Perfect! And how do you feel about integrating a search feature within the navigation?
  [37mname=None, style=vertical, user_experience=simple, responsive=None, accessibility=None, animation=None, color_scheme=light, fixed_position=None, multi_language_support=None, search_integration=True[0m
Integrating a search feature would be very useful for users!
Awesome! So we have a vertical navigation with a light color scheme, accessibility features, and search integration. Sounds good?
  [37mname=None, style=vertical, user_experience=simple, responsive=None, accessibility=None, animation=None, color_scheme=light, fixed_position=None, multi_language_support=None, search_integration=True[0m
That sounds great! Let's go with that!
----------------------------------------------------------------------------------------------------
Fantastic! Now, shifting gears, we need to find a suitable security enhancement. Are you familiar with any specific security solutions?
  [37mname=None, type=None, compliance=None, version=None, vendor=None, cost_range=Medium, implementation_time=None, support_level=None, user_rating=None, deployment_type=None[0m
I have some ideas, but I’d love to hear your recommendations first!
Sure! I'm looking for something that meets GDPR compliance and has a premium support level. Any preferences on deployment type?
  [37mname=None, type=None, compliance=GDPR, version=None, vendor=None, cost_range=None, implementation_time=None, support_level=Premium, user_rating=None, deployment_type=None[0m
I prefer a cloud deployment for flexibility and ease of access.
Great choice! I’ll focus on cloud-based security solutions that comply with GDPR and offer premium support. How do you feel about the implementation time?
  [37mname=None, type=None, compliance=GDPR, version=None, vendor=None, cost_range=None, implementation_time=None, support_level=Premium, user_rating=None, deployment_type=Cloud[0m
I’d prefer a short implementation time to get things up and running quickly.
Got it! I’ll prioritize cloud solutions that are GDPR compliant, have premium support, and offer short implementation times. How does a user rating of 4.5 or higher sound?
  [37mname=None, type=None, compliance=GDPR, version=None, vendor=None, cost_range=None, implementation_time=Short, support_level=Premium, user_rating=4.5, deployment_type=Cloud[0m
A user rating of 4.5 or higher sounds perfect!
Awesome! I’ll find cloud-based security enhancements that meet all these criteria. I'll share the best options shortly!
  [37mname=None, type=None, compliance=GDPR, version=None, vendor=None, cost_range=None, implementation_time=Short, support_level=Premium, user_rating=4.5, deployment_type=Cloud[0m
Sounds great! Looking forward to it!
Me too! I'll get back to you with some solid options soon!
  [37mname=None, type=None, compliance=GDPR, version=None, vendor=None, cost_range=None, implementation_time=Short, support_level=Premium, user_rating=4.5, deployment_type=Cloud[0m
Thank you! Talk soon!
You're welcome! Talk soon!
  [37mname=None, type=None, compliance=GDPR, version=None, vendor=None, cost_range=None, implementation_time=Short, support_level=Premium, user_rating=4.5, deployment_type=Cloud[0m
Talk soon!
Take care!
  [37mname=None, type=None, compliance=GDPR, version=None, vendor=None, cost_range=Low, implementation_time=Short, support_level=Premium, user_rating=4.5, deployment_type=Cloud[0m
You too!
Thanks! Bye!
  [37mname=None, type=None, compliance=GDPR, version=None, vendor=None, cost_range=None, implementation_time=Short, support_level=Premium, user_rating=4.5, deployment_type=Cloud[0m
Bye!
Goodbye!
  [37mname=None, type=None, compliance=GDPR, version=None, vendor=None, cost_range=Low, implementation_time=Short, support_level=Premium, user_rating=4.5, deployment_type=Cloud[0m
Goodbye!
Goodbye!
  [37mname=None, type=None, compliance=GDPR, version=None, vendor=None, cost_range=None, implementation_time=Short, support_level=Premium, user_rating=4.5, deployment_type=Cloud[0m
Goodbye!
Goodbye!
  [37mname=None, type=None, compliance=GDPR, version=None, vendor=None, cost_range=Low, implementation_time=Short, support_level=Premium, user_rating=4.5, deployment_type=Cloud[0m
Goodbye!
Goodbye!
  [37mname=None, type=None, compliance=GDPR, version=None, vendor=None, cost_range=None, implementation_time=Short, support_level=Premium, user_rating=4.5, deployment_type=Cloud[0m
Goodbye!
Goodbye!
  [37mname=None, type=None, compliance=GDPR, version=None, vendor=None, cost_range=None, implementation_time=Short, support_level=Premium, user_rating=4.5, deployment_type=Cloud[0m
Goodbye!
Goodbye!
  [37mname=None, type=None, compliance=GDPR, version=None, vendor=None, cost_range=None, implementation_time=Short, support_level=Premium, user_rating=4.5, deployment_type=Cloud[0m
Goodbye!
Goodbye!
  [37mname=None, type=None, compliance=GDPR, version=None, vendor=None, cost_range=None, implementation_time=Short, support_level=Premium, user_rating=4.5, deployment_type=Cloud[0m
Goodbye!
Goodbye!
  [37mname=None, type=None, compliance=GDPR, version=None, vendor=None, cost_range=Medium, implementation_time=Short, support_level=Premium, user_rating=4.5, deployment_type=Cloud[0m
Goodbye!
Goodbye!
  [37mname=None, type=None, compliance=GDPR, version=None, vendor=None, cost_range=None, implementation_time=Short, support_level=Premium, user_rating=4.5, deployment_type=Cloud[0m
Goodbye!
Goodbye!
  [37mname=None, type=None, compliance=GDPR, version=None, vendor=None, cost_range=Low, implementation_time=Short, support_level=Premium, user_rating=4.5, deployment_type=Cloud[0m
Goodbye!
Goodbye!
  [37mname=None, type=None, compliance=GDPR, version=None, vendor=None, cost_range=None, implementation_time=Short, support_level=Premium, user_rating=4.5, deployment_type=Cloud[0m
Goodbye!
Goodbye!
  [37mname=None, type=None, compliance=GDPR, version=None, vendor=None, cost_range=None, implementation_time=Short, support_level=Premium, user_rating=4.5, deployment_type=Cloud[0m
Goodbye!
Goodbye!
  [37mname=None, type=None, compliance=GDPR, version=None, vendor=None, cost_range=Low, implementation_time=Short, support_level=Premium, user_rating=4.5, deployment_type=Cloud[0m
Goodbye!
Goodbye!
  [37mname=None, type=None, compliance=GDPR, version=None, vendor=None, cost_range=None, implementation_time=Short, support_level=Premium, user_rating=4.5, deployment_type=Cloud[0m
Goodbye!
Goodbye!
  [37mname=None, type=None, compliance=GDPR, version=None, vendor=None, cost_range=Low, implementation_time=Short, support_level=Premium, user_rating=4.5, deployment_type=Cloud[0m
Goodbye!
Goodbye!
  [37mname=None, type=None, compliance=GDPR, version=None, vendor=None, cost_range=None, implementation_time=Short, support_level=Premium, user_rating=4.5, deployment_type=Cloud[0m
Goodbye!
Goodbye!
  [37mname=None, type=None, compliance=GDPR, version=None, vendor=None, cost_range=None, implementation_time=Short, support_level=Premium, user_rating=4.5, deployment_type=Cloud[0m
Goodbye!
Goodbye!
  [37mname=None, type=None, compliance=GDPR, version=None, vendor=None, cost_range=None, implementation_time=Short, support_level=Premium, user_rating=4.5, deployment_type=Cloud[0m
Goodbye!
Goodbye!
  [37mname=None, type=None, compliance=GDPR, version=None, vendor=None, cost_range=None, implementation_time=Short, support_level=Premium, user_rating=4.5, deployment_type=Cloud[0m
Goodbye!
Goodbye!
  [37mname=None, type=None, compliance=GDPR, version=None, vendor=None, cost_range=Low, implementation_time=Short, support_level=Premium, user_rating=4.5, deployment_type=Cloud[0m
Goodbye!
Goodbye!
  [37mname=None, type=None, compliance=GDPR, version=None, vendor=None, cost_range=None, implementation_time=Short, support_level=Premium, user_rating=4.5, deployment_type=Cloud[0m
Goodbye!
====================================================================================================
----------------------------------------------------------------------------------------------------
Hey there! What kind of content features are you thinking about for the site?
  [37mname=None, feature_type=None, complexity=None, importance=None, budget=None, time_to_implement=None, compatibility=None, integration_level=None[0m
I’m considering a content management system; what options do you have?
We could look into options like WordPress or Drupal; do you have a preference for one of those?
  [37mname=None, feature_type=Content, complexity=None, importance=None, budget=None, time_to_implement=None, compatibility=None, integration_level=None[0m
I prefer something more advanced, like an integrated solution. What do you suggest?
How about using a headless CMS like Contentful or Strapi? They offer advanced features and integration capabilities.
  [37mname=None, feature_type=Content, complexity=None, importance=None, budget=None, time_to_implement=None, compatibility=None, integration_level=Integrated[0m
That sounds great! Do you have any specific budget or time constraints in mind?
Yes, we have a budget of around $3000 and an implementation time of about 80 days. Does that work for you?
  [37mname=None, feature_type=Content, complexity=High, importance=None, budget=3000, time_to_implement=80, compatibility=None, integration_level=Integrated[0m
Yes, that fits! The "Advanced Content Management System" option is a perfect match.
Awesome! I'll go ahead and finalize the Advanced Content Management System for your site.
  [37mname=Advanced Content Management System, feature_type=Content, complexity=None, importance=None, budget=3000, time_to_implement=80, compatibility=None, integration_level=Integrated[0m
Perfect, thank you! Looking forward to seeing it implemented!
----------------------------------------------------------------------------------------------------
Great! Now, for the navigation, do you prefer a vertical layout that keeps it simple?
  [37mname=None, style=vertical, user_experience=simple, responsive=None, accessibility=None, animation=None, color_scheme=None, fixed_position=None, multi_language_support=None, search_integration=None[0m
I’m leaning towards something more advanced, maybe a horizontal layout with more features. What do you recommend?
Since we’re aiming for simplicity, how about we stick with a vertical layout but add essential features to enhance usability?
  [37mname=None, style=horizontal, user_experience=advanced, responsive=None, accessibility=None, animation=None, color_scheme=None, fixed_position=None, multi_language_support=None, search_integration=None[0m
That could work! What essential features do you think we should include?
We could include clear categories, quick links, and a responsive design to ensure smooth navigation across devices.
  [37mname=None, style=horizontal, user_experience=advanced, responsive=None, accessibility=None, animation=None, color_scheme=None, fixed_position=None, multi_language_support=None, search_integration=None[0m
Sounds good! Would you like to incorporate any accessibility features as well?
Absolutely, we should ensure it meets accessibility standards for all users.
  [37mname=None, style=vertical, user_experience=advanced, responsive=True, accessibility=True, animation=None, color_scheme=None, fixed_position=None, multi_language_support=None, search_integration=None[0m
Great choice! Do you have a preferred style or color scheme in mind for the navigation?
I recommend a dark color scheme to match the overall aesthetic of the site. How does that sound?
  [37mname=None, style=horizontal, user_experience=advanced, responsive=True, accessibility=True, animation=None, color_scheme=dark, fixed_position=None, multi_language_support=None, search_integration=None[0m
That sounds perfect! Are you interested in any animations for the navigation?
I think we should keep it simple with no animations for a cleaner look. What do you think?
  [37mname=None, style=vertical, user_experience=advanced, responsive=True, accessibility=True, animation=none, color_scheme=dark, fixed_position=None, multi_language_support=None, search_integration=None[0m
I agree, no animations will keep it clean! Should we consider multi-language support?
Since we’re keeping it simple, we can skip multi-language support for now. Does that work for you?
  [37mname=None, style=horizontal, user_experience=advanced, responsive=True, accessibility=True, animation=none, color_scheme=dark, fixed_position=None, multi_language_support=False, search_integration=None[0m
That works for me! How about integrating a search feature within the navigation?
I suggest we can also skip the search integration to maintain simplicity. Sound good?
  [37mname=None, style=horizontal, user_experience=advanced, responsive=None, accessibility=True, animation=none, color_scheme=dark, fixed_position=None, multi_language_support=False, search_integration=False[0m
Sounds good! So, to recap, we're going with a vertical, dark-themed navigation that's responsive, accessible, and simple.
----------------------------------------------------------------------------------------------------
Exactly! Now, let's talk about security enhancements; do you have any specific features in mind?
  [37mname=None, type=None, compliance=None, version=None, vendor=None, cost_range=None, implementation_time=None, support_level=None, user_rating=None, deployment_type=None[0m
I’m looking for something that offers strong compliance and a good user rating. What do you suggest?
I recommend an Intrusion Detection System from Check Point; it has great compliance and a user rating of 4.9.
  [37mname=None, type=Intrusion Detection System, compliance=None, version=None, vendor=Check Point, cost_range=None, implementation_time=None, support_level=None, user_rating=4.9, deployment_type=None[0m
That sounds promising! What’s the cost range and implementation time for Check Point?
It's in the high cost range and has a long implementation time. Does that fit your budget and timeline?
  [37mname=Check Point, type=Intrusion Detection System, compliance=None, version=None, vendor=Check Point, cost_range=High, implementation_time=Long, support_level=None, user_rating=4.9, deployment_type=None[0m
That might be a stretch for our budget and timeline. Any alternatives that are more budget-friendly?
We could look into other vendors that offer Intrusion Detection Systems with a medium cost range and moderate implementation time. Would that work for you?
  [37mname=None, type=Intrusion Detection System, compliance=None, version=None, vendor=Check Point, cost_range=Medium, implementation_time=Moderate, support_level=None, user_rating=4.9, deployment_type=None[0m
Yes, that sounds more suitable! Do you have any specific options in mind?
How about exploring options like Cisco or Fortinet? They have solid security features and are generally more budget-friendly.
  [37mname=None, type=Intrusion Detection System, compliance=None, version=None, vendor=Cisco, cost_range=Medium, implementation_time=Moderate, support_level=None, user_rating=4.9, deployment_type=None[0m
I like that! Which one has better compliance and user ratings?
Fortinet typically has strong compliance and good user ratings; would you like to go with that?
  [37mname=None, type=Intrusion Detection System, compliance=PCI-DSS, version=None, vendor=Fortinet, cost_range=Medium, implementation_time=Moderate, support_level=None, user_rating=4.9, deployment_type=None[0m
Yes, let's go with Fortinet! What’s the final overview of its features?
Fortinet offers an Intrusion Detection System with PCI-DSS compliance, a user rating around 4.5, moderate implementation time, and a medium cost range.
  [37mname=Fortinet, type=Intrusion Detection System, compliance=PCI-DSS, version=None, vendor=Fortinet, cost_range=Medium, implementation_time=Moderate, support_level=None, user_rating=4.5, deployment_type=None[0m
Perfect! I'm happy with Fortinet as our security enhancement. Thank you!
====================================================================================================
----------------------------------------------------------------------------------------------------
Hey! So, you're looking for a high-complexity analytics feature, right?
  [37mname=None, feature_type=Analytics, complexity=High, importance=None, budget=None, time_to_implement=None, compatibility=None, integration_level=None[0m
Actually, I'm looking for a critical importance feature. Do you have any in mind?
Yes, I have a few ideas for critical importance analytics features; do you have a specific budget in mind?
  [37mname=None, feature_type=Analytics, complexity=None, importance=Critical, budget=None, time_to_implement=None, compatibility=None, integration_level=None[0m
I'm thinking of a budget around $2000. What do you suggest?
With a $2000 budget, we could explore advanced tracking and reporting tools; does desktop compatibility work for you?
  [37mname=None, feature_type=Analytics, complexity=High, importance=Critical, budget=2000, time_to_implement=None, compatibility=Desktop, integration_level=None[0m
Yes, desktop compatibility works for me! What options do we have?
We can look into tools like Google Analytics 4 or Mixpanel; would you prefer something that is partially integrated with your existing systems?
  [37mname=None, feature_type=Analytics, complexity=High, importance=Critical, budget=2000, time_to_implement=None, compatibility=Desktop, integration_level=Partially Integrated[0m
Yes, a partially integrated solution sounds good. What features fit that criteria?
You might consider a tool like Heap Analytics, which offers partial integration and advanced analytics; does that sound suitable?
  [37mname=None, feature_type=Analytics, complexity=High, importance=Critical, budget=2000, time_to_implement=None, compatibility=Desktop, integration_level=Partially Integrated[0m
Heap Analytics sounds interesting! Can you tell me more about its features?
Heap Analytics provides automatic event tracking, user segmentation, and detailed funnel analysis; does that cover what you're looking for?
  [37mname=Heap Analytics, feature_type=Analytics, complexity=High, importance=Critical, budget=2000, time_to_implement=None, compatibility=Desktop, integration_level=Partially Integrated[0m
Yes, that covers my needs! Let's go with Heap Analytics.
----------------------------------------------------------------------------------------------------
Great! Now, let's find the right navigational elements; do you prefer a specific layout style?
  [37mname=None, style=None, user_experience=None, responsive=None, accessibility=None, animation=None, color_scheme=None, fixed_position=None, multi_language_support=None, search_integration=None[0m
I prefer a horizontal layout style. What options do we have?
For a horizontal layout, we can consider a simple top navigation bar; does that fit your vision?
  [37mname=None, style=horizontal, user_experience=None, responsive=None, accessibility=None, animation=None, color_scheme=None, fixed_position=None, multi_language_support=None, search_integration=None[0m
Yes, a simple top navigation bar fits perfectly! What options do you recommend?
I recommend using Bootstrap's Navbar or a custom CSS solution for flexibility; do you have a preference for one over the other?
  [37mname=None, style=horizontal, user_experience=simple, responsive=None, accessibility=None, animation=None, color_scheme=None, fixed_position=None, multi_language_support=None, search_integration=None[0m
I prefer using Bootstrap's Navbar for its ease of use. What do you think?
Bootstrap's Navbar is a solid choice for ease of use and responsiveness; shall we proceed with that?
  [37mname=None, style=horizontal, user_experience=simple, responsive=None, accessibility=None, animation=None, color_scheme=None, fixed_position=None, multi_language_support=None, search_integration=None[0m
Yes, let's proceed with Bootstrap's Navbar!
----------------------------------------------------------------------------------------------------
Awesome! Now, let’s find a suitable security enhancement; do you have any specific types in mind?
  [37mname=None, type=None, compliance=None, version=None, vendor=None, cost_range=None, implementation_time=None, support_level=None, user_rating=None, deployment_type=None[0m
I'm looking for a firewall solution. What do you recommend?
I recommend checking out Fortinet's Firewall; it’s reliable and well-rated. Does that sound good to you?
  [37mname=Fortinet's Firewall, type=Firewall, compliance=None, version=None, vendor=Fortinet, cost_range=Medium, implementation_time=None, support_level=None, user_rating=None, deployment_type=None[0m
Actually, I have a specific list of options. Can you suggest something from that?
Sure! What options do you have on your list?
  [37mname=None, type=Firewall, compliance=None, version=None, vendor=None, cost_range=None, implementation_time=None, support_level=None, user_rating=None, deployment_type=None[0m
I have options like Basic Firewall, Web Application Firewall, and Next-Gen Firewall. Any thoughts?
I suggest going with the Next-Gen Firewall for enhanced security features; does that work for you?
  [37mname=None, type=Firewall, compliance=None, version=None, vendor=Fortinet, cost_range=Medium, implementation_time=None, support_level=None, user_rating=None, deployment_type=None[0m
Yes, the Next-Gen Firewall sounds great! Let's go with that.
====================================================================================================
----------------------------------------------------------------------------------------------------
Hey there! So, we're looking at some analytics features—do you have a specific one in mind?
  [37mname=None, feature_type=Analytics, complexity=None, importance=None, budget=None, time_to_implement=None, compatibility=None, integration_level=None[0m
What kind of analytics features are you considering?
I'm thinking about user behavior tracking and performance analytics; do those sound good to you?
  [37mname=None, feature_type=Analytics, complexity=None, importance=None, budget=None, time_to_implement=None, compatibility=None, integration_level=None[0m
User behavior tracking is available, but what about performance analytics specifically?
Performance analytics can include site speed monitoring and conversion tracking—would either of those be useful for you?
  [37mname=None, feature_type=Analytics, complexity=None, importance=None, budget=None, time_to_implement=None, compatibility=None, integration_level=None[0m
We have site speed optimization, but conversion tracking isn't listed. Would you like to consider site speed optimization?
Site speed optimization sounds great! How important is it for you to have it integrated with existing systems?
  [37mname=Site Speed Optimization, feature_type=Analytics, complexity=None, importance=None, budget=None, time_to_implement=None, compatibility=None, integration_level=Integrated[0m
Integration is important; we have site speed optimization as partially integrated. Would that work for you?
Partially integrated is okay, but I prefer fully integrated. Can we explore any options for that?
  [37mname=Site Speed Optimization, feature_type=Analytics, complexity=None, importance=None, budget=None, time_to_implement=None, compatibility=None, integration_level=Integrated[0m
We have SEO optimization as fully integrated; would that be a good alternative for you?
SEO optimization could work! How high do you consider its importance compared to analytics?
  [37mname=Site Speed Optimization, feature_type=Analytics, complexity=None, importance=High, budget=None, time_to_implement=None, compatibility=None, integration_level=Partially Integrated[0m
SEO optimization is high in importance, while analytics features vary. Do you prefer focusing more on SEO or analytics?
I think focusing on SEO might be beneficial for overall site performance. Shall we go with that?
  [37mname=SEO optimization, feature_type=SEO, complexity=None, importance=High, budget=None, time_to_implement=None, compatibility=None, integration_level=Partially Integrated[0m
Absolutely! Let’s go with SEO optimization then.
----------------------------------------------------------------------------------------------------
Great! Now, let’s find a navigational element. How do you feel about a vertical style?
  [37mname=None, style=vertical, user_experience=None, responsive=None, accessibility=None, animation=None, color_scheme=None, fixed_position=None, multi_language_support=None, search_integration=None[0m
Vertical style could work; do you prefer advanced user experience or something simpler?
I prefer an advanced user experience for better functionality. Does that sound good to you?
  [37mname=None, style=vertical, user_experience=advanced, responsive=None, accessibility=None, animation=None, color_scheme=None, fixed_position=None, multi_language_support=None, search_integration=None[0m
That sounds great! Would you like it to be responsive as well?
Yes, responsiveness is key! Should we also ensure it's accessible for all users?
  [37mname=None, style=vertical, user_experience=advanced, responsive=True, accessibility=True, animation=None, color_scheme=None, fixed_position=None, multi_language_support=None, search_integration=None[0m
Definitely! Accessibility is important. Are you okay with no specific animation style?
I’d prefer a fade animation to enhance the user experience—how does that sound?
  [37mname=None, style=vertical, user_experience=advanced, responsive=True, accessibility=True, animation=fade, color_scheme=None, fixed_position=None, multi_language_support=None, search_integration=None[0m
A fade animation sounds good! Let’s find a responsive, advanced, accessible vertical menu with fade animation.
----------------------------------------------------------------------------------------------------
Awesome! Now, let’s shift gears to security. Are you looking for antivirus solutions specifically?
  [37mname=None, type=Antivirus, compliance=None, version=None, vendor=None, cost_range=None, implementation_time=None, support_level=None, user_rating=None, deployment_type=None[0m
Antivirus solutions are available; do you have any specific compliance standards in mind?
Yes, I’m looking for something that meets GDPR compliance. Does that work for you?
  [37mname=None, type=Antivirus, compliance=GDPR, version=None, vendor=None, cost_range=None, implementation_time=None, support_level=None, user_rating=None, deployment_type=None[0m
Yes, we have several options that meet GDPR compliance. Do you have a budget range in mind?
I’m aiming for a medium cost range—does that fit within your options?
  [37mname=None, type=Antivirus, compliance=GDPR, version=None, vendor=None, cost_range=Medium, implementation_time=None, support_level=None, user_rating=None, deployment_type=None[0m
Yes, we have options in the medium cost range! Would you like to know about the user ratings for those?
Absolutely! I’d love to hear the user ratings for those antivirus options.
  [37mname=None, type=Antivirus, compliance=GDPR, version=None, vendor=None, cost_range=Medium, implementation_time=None, support_level=None, user_rating=None, deployment_type=None[0m
The user ratings for GDPR-compliant antivirus options are 4.4 and 4.5. Do you want to go with the one with the higher rating?
Yes, let’s go with the one with the 4.5 rating! What’s the vendor for that option?
  [37mname=None, type=Antivirus, compliance=GDPR, version=None, vendor=None, cost_range=Medium, implementation_time=None, support_level=None, user_rating=4.5, deployment_type=None[0m
The vendor for that option is McAfee. Shall we finalize McAfee Total Protection?
====================================================================================================
----------------------------------------------------------------------------------------------------
Hey! What kind of content features are you thinking about for the site?
  [37mname=None, feature_type=None, complexity=None, importance=None, budget=None, time_to_implement=None, compatibility=None, integration_level=None[0m
I'm considering features like a Content Management System or SEO Content Optimization. What do you think?
Both are great options! How important is it for you to have SEO capabilities integrated with the content?
  [37mname=None, feature_type=SEO, complexity=None, importance=None, budget=None, time_to_implement=None, compatibility=None, integration_level=None[0m
It's quite important to have SEO capabilities integrated; it helps with visibility. How about you?
I agree, SEO is crucial for visibility. Do you have a preference for a specific CMS, or are you open to suggestions?
  [37mname=None, feature_type=SEO, complexity=None, importance=High, budget=None, time_to_implement=None, compatibility=None, integration_level=Integrated[0m
I'm open to suggestions! What CMS options do you think would work well?
I recommend WordPress or Drupal; they both offer strong SEO features and are user-friendly. Do you have a preferred budget range for the CMS?
  [37mname=None, feature_type=SEO, complexity=None, importance=High, budget=None, time_to_implement=None, compatibility=None, integration_level=None[0m
I'd prefer to keep it under $3000. What options fit that budget?
Both WordPress and Drupal can fit comfortably within that budget, especially with basic setups. How does a WordPress setup sound to you?
  [37mname=Content Management System, feature_type=Content, complexity=None, importance=High, budget=3000, time_to_implement=None, compatibility=None, integration_level=Integrated[0m
A WordPress setup sounds perfect! What about the SEO optimization features?
For SEO, plugins like Yoast SEO or Rank Math work great with WordPress. Would you like to include one of these plugins?
  [37mname=SEO Content Optimization, feature_type=SEO, complexity=None, importance=High, budget=3000.0, time_to_implement=None, compatibility=None, integration_level=Integrated[0m
Yes, including Yoast SEO would be fantastic! What’s the next step?
The next step is to set up the WordPress site and install the Yoast SEO plugin. Shall we proceed with that?
  [37mname=Yoast SEO, feature_type=SEO, complexity=Medium, importance=High, budget=3000.0, time_to_implement=None, compatibility=None, integration_level=Integrated[0m
Yes, let's proceed with setting that up!
----------------------------------------------------------------------------------------------------
Great! Now, let’s talk about the navigation. Do you prefer a specific style for the menu?
  [37mname=None, style=horizontal, user_experience=simple, responsive=None, accessibility=None, animation=None, color_scheme=None, fixed_position=None, multi_language_support=None, search_integration=None[0m
I'm leaning towards a horizontal menu. What options do we have?
For a horizontal menu, we can use a standard top navigation bar or a sticky menu. Do you have a preference for that?
  [37mname=None, style=horizontal, user_experience=None, responsive=None, accessibility=None, animation=None, color_scheme=None, fixed_position=None, multi_language_support=None, search_integration=None[0m
I prefer a sticky menu for better accessibility. What do you recommend?
A sticky menu is a great choice! We can use a theme that supports it or customize one. Are you okay with a theme that has a fade animation for the menu?
  [37mname=None, style=horizontal, user_experience=None, responsive=None, accessibility=None, animation=fade, color_scheme=None, fixed_position=True, multi_language_support=None, search_integration=None[0m
Yes, a fade animation sounds good! What themes do you suggest?
I suggest themes like Astra or OceanWP; both support sticky menus and have nice fade animations. Do you have a color scheme in mind?
  [37mname=None, style=horizontal, user_experience=None, responsive=None, accessibility=True, animation=fade, color_scheme=None, fixed_position=True, multi_language_support=None, search_integration=None[0m
I'm thinking of a dark color scheme. Does that work with those themes?
Yes, both Astra and OceanWP support dark color schemes. Should we also enable multi-language support for the site?
  [37mname=None, style=horizontal, user_experience=None, responsive=None, accessibility=None, animation=fade, color_scheme=dark, fixed_position=True, multi_language_support=True, search_integration=None[0m
Yes, enabling multi-language support would be great! What options do we have for that?
We can use plugins like WPML or Polylang for multi-language support. Do you have a preference for one of those?
  [37mname=None, style=horizontal, user_experience=None, responsive=None, accessibility=None, animation=fade, color_scheme=dark, fixed_position=True, multi_language_support=True, search_integration=None[0m
I prefer WPML for its features. Shall we go with that?
Absolutely, WPML is a solid choice! Lastly, do you want to integrate a search feature in the navigation?
  [37mname=None, style=horizontal, user_experience=None, responsive=None, accessibility=None, animation=fade, color_scheme=dark, fixed_position=True, multi_language_support=True, search_integration=True[0m
Yes, integrating a search feature would be very helpful!
Perfect! We’ll include a search bar in the navigation. So, to summarize: a WordPress site with a sticky horizontal menu, Yoast SEO, dark color scheme, WPML, and a search feature. Sound good?
  [37mname=None, style=horizontal, user_experience=None, responsive=None, accessibility=True, animation=fade, color_scheme=dark, fixed_position=True, multi_language_support=True, search_integration=True[0m
That sounds perfect! I'm excited to get started!
----------------------------------------------------------------------------------------------------
Awesome! Now, let’s discuss security enhancements. Are you familiar with Intrusion Detection Systems?
  [37mname=None, type=Intrusion Detection System, compliance=None, version=None, vendor=None, cost_range=None, implementation_time=None, support_level=None, user_rating=None, deployment_type=None[0m
Yes, I'm familiar with Intrusion Detection Systems. What options do you recommend?
I recommend checking out Microsoft Defender for Identity; it aligns well with your criteria. Would you like to know more about its features?
  [37mname=None, type=Intrusion Detection System, compliance=None, version=None, vendor=Microsoft Defender for Identity, cost_range=None, implementation_time=None, support_level=None, user_rating=None, deployment_type=None[0m
Yes, I'd love to hear more about its features!
Microsoft Defender for Identity offers real-time threat detection, behavioral analytics, and integration with Azure. Does that sound like what you need?
  [37mname=Microsoft Defender for Identity, type=Intrusion Detection System, compliance=None, version=None, vendor=Microsoft, cost_range=None, implementation_time=None, support_level=None, user_rating=None, deployment_type=None[0m
That sounds great! What about its cost and implementation time?
It typically falls within a medium cost range and has a moderate implementation time. Are you comfortable with that?
  [37mname=Microsoft Defender for Identity, type=Intrusion Detection System, compliance=None, version=None, vendor=Microsoft, cost_range=Medium, implementation_time=Moderate, support_level=None, user_rating=None, deployment_type=None[0m
Yes, that works for me! Are there any other security options to consider?
Another option is AWS GuardDuty, which also provides strong intrusion detection. Would you like to compare it with Microsoft Defender?
  [37mname=Microsoft Defender for Identity, type=Intrusion Detection System, compliance=None, version=None, vendor=Microsoft, cost_range=Medium, implementation_time=Moderate, support_level=None, user_rating=None, deployment_type=None[0m
Yes, let's compare AWS GuardDuty with Microsoft Defender! What are its key features?
AWS GuardDuty offers threat detection, continuous monitoring, and integration with other AWS services. Do you have a preference for either platform based on these features?
  [37mname=None, type=Intrusion Detection System, compliance=None, version=None, vendor=Microsoft Defender for Identity, cost_range=Medium, implementation_time=Moderate, support_level=None, user_rating=None, deployment_type=Cloud[0m
I think I prefer Microsoft Defender for its integration with Azure. Is that a good choice?
Yes, Microsoft Defender is a solid choice, especially for Azure integration! Shall we finalize it as your security enhancement?
  [37mname=Microsoft Defender for Identity, type=Intrusion Detection System, compliance=None, version=None, vendor=Microsoft, cost_range=Medium, implementation_time=Moderate, support_level=None, user_rating=None, deployment_type=Cloud[0m
Yes, let's finalize Microsoft Defender as my security enhancement!
====================================================================================================
----------------------------------------------------------------------------------------------------
Hey! So, you're looking for a high-complexity analytics feature, right?
  [37mname=None, feature_type=Analytics, complexity=High, importance=None, budget=None, time_to_implement=None, compatibility=None, integration_level=None[0m
Actually, I'm looking for features with varying complexity; what do you have in mind?
Got it! For analytics, I can suggest some high-complexity options, but would you consider medium complexity as well?
  [37mname=None, feature_type=Analytics, complexity=None, importance=None, budget=None, time_to_implement=None, compatibility=None, integration_level=None[0m
Yes, medium complexity would work too! What options do you have?
For medium complexity, we could look at features like user behavior tracking and basic reporting tools. How does that sound?
  [37mname=None, feature_type=Analytics, complexity=Medium, importance=None, budget=None, time_to_implement=None, compatibility=None, integration_level=None[0m
That sounds good! Do you have specific budget and time constraints in mind?
Yes, we have a budget of $2000 and an estimated implementation time of around 40 days. Does that fit your plans?
  [37mname=None, feature_type=Analytics, complexity=Medium, importance=None, budget=2000, time_to_implement=40, compatibility=None, integration_level=None[0m
Yes, that fits well! Do you prefer features that are integrated or standalone?
I'm leaning towards partially integrated features to work well with our existing systems. What do you think?
  [37mname=None, feature_type=Analytics, complexity=Medium, importance=None, budget=2000, time_to_implement=40, compatibility=None, integration_level=Partially Integrated[0m
That makes sense! I can suggest "Advanced Analytics" which is high complexity, $2000 budget, and partially integrated. Would that work for you?
That sounds perfect! "Advanced Analytics" fits all our criteria. Let's go with that!
  [37mname=Advanced Analytics, feature_type=Analytics, complexity=Medium, importance=None, budget=2000, time_to_implement=40, compatibility=None, integration_level=Partially Integrated[0m
Great choice! "Advanced Analytics" it is! Thank you!
----------------------------------------------------------------------------------------------------
Awesome! Now, about the navigation elements, do you have a preference for any specific features?
  [37mname=None, style=None, user_experience=None, responsive=None, accessibility=None, animation=None, color_scheme=None, fixed_position=None, multi_language_support=None, search_integration=None[0m
Yes, I'm looking for responsive design and accessibility features. What options do we have?
We can go for a vertical navigation bar that’s fully responsive and meets accessibility standards. How does that sound?
  [37mname=None, style=vertical, user_experience=None, responsive=True, accessibility=True, animation=None, color_scheme=None, fixed_position=None, multi_language_support=None, search_integration=None[0m
That sounds great! Do you have a preference for the style, like sidebar or dropdown?
I'm thinking a vertical sidebar would work well for your needs. What do you think?
  [37mname=None, style=sidebar, user_experience=None, responsive=True, accessibility=True, animation=None, color_scheme=None, fixed_position=None, multi_language_support=None, search_integration=None[0m
A vertical sidebar sounds perfect! Any specific animation style you prefer?
I prefer no animation at all, just a clean and straightforward experience. Does that work for you?
  [37mname=None, style=sidebar, user_experience=None, responsive=True, accessibility=True, animation=none, color_scheme=None, fixed_position=None, multi_language_support=None, search_integration=None[0m
Yes, that works! I can suggest the "Sidebar Navigation" with no animation. Shall we go with that?
----------------------------------------------------------------------------------------------------
Perfect, let's finalize that! Now, can we also look for a suitable Intrusion Detection System?
  [37mname=Advanced Analytics, type=Intrusion Detection System, compliance=None, version=None, vendor=None, cost_range=Medium, implementation_time=Moderate, support_level=None, user_rating=None, deployment_type=None[0m
Absolutely! What specific features or criteria do you have in mind for the Intrusion Detection System?
I'm looking for a medium-cost, hybrid deployment type with standard support. How does that sound?
  [37mname=Advanced Analytics, type=Intrusion Detection System, compliance=None, version=None, vendor=None, cost_range=Medium, implementation_time=None, support_level=Standard, user_rating=None, deployment_type=Hybrid[0m
That sounds good! I recommend the "Network Intrusion Detection" which fits all your criteria. Would you like to go with that?
Yes, "Network Intrusion Detection" sounds great! Let's proceed with that choice!
  [37mname=Network Intrusion Detection, type=Intrusion Detection System, compliance=None, version=None, vendor=None, cost_range=Medium, implementation_time=None, support_level=Standard, user_rating=None, deployment_type=Hybrid[0m
Awesome choice! "Network Intrusion Detection" is finalized! Thank you!
====================================================================================================
Generating dialogues for data/DOTS/train/0250__actors__character_portrayals__rehearsal_techniques
----------------------------------------------------------------------------------------------------
Hey, can we start by looking for a Non-Union female actor with at least 5 years of experience?
  [37mname=None, experience=5, actor_type=None, availability=None, skills=None, age_range=None, gender=Female, union_status=Non-Union, language=None, location_preference=None, physical_traits=None[0m
Sure! How old do you want the actor to be?
I'm looking for someone between 30 and 35 years old.
  [37mname=None, experience=5, actor_type=None, availability=None, skills=None, age_range=(30, 35), gender=Female, union_status=Non-Union, language=None, location_preference=None, physical_traits=None[0m
Great! Do you have any specific skills in mind for the role?
Yes, I need the actor to be skilled in singing and acting.
  [37mname=None, experience=5, actor_type=None, availability=None, skills=['singing', 'acting'], age_range=(30, 35), gender=Female, union_status=Non-Union, language=None, location_preference=None, physical_traits=None[0m
I found a match: Hannah Montana, age 31, with 6 years of experience, skilled in singing and acting. Would you like to go with her?
That sounds promising! What’s her availability like?
  [37mname=None, experience=5, actor_type=None, availability=None, skills=['singing', 'acting'], age_range=(30, 35), gender=Female, union_status=Non-Union, language=None, location_preference=None, physical_traits=None[0m
Hannah Montana is available on November 4th and 6th. Does that work for you?
She’s available on the 4th, but we need her on the 7th too. Can we find someone else?
  [37mname=None, experience=5, actor_type=None, availability=None, skills=['singing', 'acting'], age_range=(30, 35), gender=Female, union_status=Non-Union, language=None, location_preference=None, physical_traits=None[0m
Sure! Let me check for other Non-Union female actors aged 30 to 35 with singing and acting skills. One moment! 

I found Diana Prince, age 30, with 8 years of experience, skilled in stunts and acting. Would you like to consider her?
Diana sounds interesting, but we need someone skilled in singing. Any other options?
  [37mname=None, experience=5, actor_type=None, availability=None, skills=['singing', 'acting'], age_range=(30, 35), gender=Female, union_status=Non-Union, language=None, location_preference=None, physical_traits=None[0m
Let's see... I also have Alice Johnson, age 28, with 5 years of experience, skilled in singing and dancing. She's Non-Union, but just below your age range. Would she work for you?
Alice is close, but I'd prefer to stick to the 30 to 35 age range. Any other candidates?
  [37mname=None, experience=5, actor_type=None, availability=None, skills=['singing', 'acting'], age_range=(30, 35), gender=Female, union_status=Non-Union, language=None, location_preference=None, physical_traits=None[0m
I understand! Unfortunately, there are no other Non-Union female actors in that age range with singing and acting skills. Would you like to adjust any criteria or consider Union actors?
Let’s consider Union actors then. Can you find any that fit the criteria?
  [37mname=None, experience=5, actor_type=None, availability=None, skills=['singing', 'acting'], age_range=(30, 35), gender=Female, union_status=Union, language=None, location_preference=None, physical_traits=None[0m
Sure! I found Fiona Gallagher, age 27, with 6 years of experience, skilled in acting and singing. Would you like to consider her?
Fiona sounds great! Even though she's below the age range, I’m open to considering her. What’s her availability?
  [37mname=None, experience=5, actor_type=None, availability=None, skills=['singing', 'acting'], age_range=(30, 35), gender=Female, union_status=Union, language=None, location_preference=None, physical_traits=None[0m
Fiona Gallagher is available on November 1st and 2nd. Does that work for your schedule?
Unfortunately, those dates won’t work for us. Can we look for more options?
  [37mname=None, experience=5, actor_type=None, availability=None, skills=['singing', 'acting'], age_range=(30, 35), gender=Female, union_status=Union, language=None, location_preference=None, physical_traits=None[0m
Of course! Let me check for more Union female actors aged 30 to 35 with singing skills. One moment! 

I found Hannah Montana, age 32, with 7 years of experience, skilled in singing, acting, and available on November 4th and 6th. Would you like to consider her?
Hannah sounds like a solid choice! But she’s available on the 6th, not the 7th. Can we find someone else?
  [37mname=None, experience=5, actor_type=None, availability=None, skills=['singing', 'acting'], age_range=(30, 35), gender=Female, union_status=Union, language=None, location_preference=None, physical_traits=None[0m
Sure! The only other Union option is Diana Prince, but she isn't skilled in singing. Would you like to adjust your criteria or keep looking?
Let’s adjust the criteria to include skilled dancers as well. Can you check for Union actors with singing or dancing skills?
  [37mname=None, experience=5, actor_type=None, availability=None, skills=['singing', 'acting'], age_range=(30, 35), gender=Female, union_status=Union, language=None, location_preference=None, physical_traits=None[0m
Got it! I found Hannah Montana again, age 32, skilled in singing, dancing, and acting, available on November 4th and 6th. Would she work for you?
Since she’s available on the 4th, let's go with Hannah!
  [37mname=Hannah Montana, experience=5, actor_type=None, availability=['November 4th'], skills=['singing', 'dancing', 'acting'], age_range=(30, 35), gender=Female, union_status=Union, language=None, location_preference=None, physical_traits=None[0m
Awesome choice! Hannah Montana it is!
----------------------------------------------------------------------------------------------------
Great! Now, can we find a Character Portrayal that fits a theatrical style?
  [37mname=None, style=Theatrical, emotion=None, background=None, age=None, gender=None, accent=None, physical_traits=None, rehearsal_technique=None, special_skills=Singing, Dancing, Acting[0m
Sure! Do you have any specific age range or emotional tone in mind for the theatrical character?
I’m looking for an angry character, ideally around 30 to 35 years old.
  [37mname=None, style=Theatrical, emotion=Angry, background=None, age=30, gender=None, accent=None, physical_traits=None, rehearsal_technique=None, special_skills=None[0m
I found Sarah Johnson, age 30, with a theatrical style and an angry emotional tone. Would you like to go with her?
Sarah sounds perfect! What’s her availability like?
  [37mname=Sarah Johnson, style=Theatrical, emotion=Angry, background=None, age=30, gender=None, accent=None, physical_traits=None, rehearsal_technique=None, special_skills=None[0m
Sarah Johnson is available on November 3rd and 5th. Do those dates work for you?
Unfortunately, we need her on the 7th. Can we keep looking?
  [37mname=None, style=Theatrical, emotion=Angry, background=None, age=30, gender=None, accent=None, physical_traits=None, rehearsal_technique=None, special_skills=None[0m
Sure! Let me check for other theatrical characters with an angry tone available on the 7th. One moment! 

I found Megan Smith, age 31, skilled in theatrical performance and available on the 7th. Would you like to consider her?
Megan sounds like a great fit! What else can you tell me about her?
  [37mname=Megan Smith, style=Theatrical, emotion=Angry, background=None, age=31, gender=None, accent=None, physical_traits=None, rehearsal_technique=None, special_skills=None[0m
Megan Smith is a stage actress with a musical theater background, has a vibrant energy, and is skilled in dancing. Would you like to proceed with her?
Yes, let’s go with Megan Smith! She sounds like a fantastic choice!
  [37mname=Megan Smith, style=Theatrical, emotion=Angry, background=None, age=31, gender=Female, accent=None, physical_traits=None, rehearsal_technique=None, special_skills=Dancing[0m
Great choice! Megan Smith it is!
----------------------------------------------------------------------------------------------------
Thanks! Now, can we look for a rehearsal technique focused on character work?
  [37mname=None, focus=character, duration=None, setting=None, intensity=None, interaction_level=None, experience_required=None, preparation_needed=None[0m
Absolutely! Do you have a preferred duration or intensity level for the rehearsal technique?
I’d like it to be around 60 minutes with medium intensity.
  [37mname=None, focus=character, duration=60, setting=None, intensity=medium, interaction_level=None, experience_required=None, preparation_needed=None[0m
I found "Character Analysis," which is 60 minutes long and has medium intensity. Would you like to go with that?
"Character Analysis" sounds perfect! Let’s go with that!
  [37mname=Character Analysis, focus=character, duration=60, setting=None, intensity=medium, interaction_level=None, experience_required=None, preparation_needed=None[0m
Awesome choice! "Character Analysis" it is!
====================================================================================================
----------------------------------------------------------------------------------------------------
Hey, do we have any union female actors available on November 5th and 6th?
  [37mname=None, experience=None, actor_type=None, availability=['November 5', 'November 6'], skills=None, age_range=None, gender=Female, union_status=Union, language=None, location_preference=None, physical_traits=None[0m
Yes, we have Hannah Montana and Hannah Montana available on those dates.
Great! How about their dancing and acting skills?
  [37mname=None, experience=None, actor_type=None, availability=['November 5', 'November 6'], skills=['dancing', 'acting'], age_range=None, gender=Female, union_status=Union, language=None, location_preference=None, physical_traits=None[0m
Hannah Montana has dancing and acting skills, while the other Hannah Montana has dancing and acting skills too.
Perfect! What about their age? Are they within the 30 to 35 range?
  [37mname=Hannah Montana, experience=None, actor_type=None, availability=['November 5', 'November 6'], skills=['dancing', 'acting'], age_range=(30, 35), gender=Female, union_status=Union, language=None, location_preference=None, physical_traits=None[0m
Yes, both Hannah Montanas are 32 and 33 years old, so they fit within that range.
Awesome! Which one is based in Los Angeles?
  [37mname=Hannah Montana, experience=None, actor_type=None, availability=['November 5', 'November 6'], skills=['dancing', 'acting'], age_range=(30, 35), gender=Female, union_status=Union, language=None, location_preference=Los Angeles, physical_traits=None[0m
Both Hannah Montanas are based in Los Angeles.
Fantastic! Let's go with Hannah Montana then.
  [37mname=Hannah Montana, experience=None, actor_type=None, availability=['November 5', 'November 6'], skills=['dancing', 'acting'], age_range=(30, 35), gender=Female, union_status=Union, language=None, location_preference=Los Angeles, physical_traits=None[0m
Great choice! Hannah Montana it is!
----------------------------------------------------------------------------------------------------
Thanks! Now, can you help me find a female actor who can portray a bodyguard?
  [37mname=Hannah Montana, style=None, emotion=None, background=None, age=32, gender=Female, accent=None, physical_traits=None, rehearsal_technique=None, special_skills=dancing, acting[0m
Sure! We have several options for a female bodyguard portrayal. What age range are you looking for?
I'm looking for someone around 29 years old.
  [37mname=Hannah Montana, style=None, emotion=None, background=None, age=29, gender=Female, accent=None, physical_traits=None, rehearsal_technique=None, special_skills=dancing, acting[0m
We have Roxy, who is 29 years old and portrays a bodyguard. Would you like to know more about her?
Yes, please tell me about her skills and experience!
  [37mname=Hannah Montana, style=None, emotion=None, background=None, age=32, gender=Female, accent=None, physical_traits=None, rehearsal_technique=None, special_skills=Dancing, Acting[0m
Roxy has martial arts skills and experience as a bodyguard to a famous singer.
That sounds perfect! Does she have a British accent?
  [37mname=Roxy, style=None, emotion=None, background=Experience as a bodyguard to a famous singer, age=29, gender=Female, accent=British, physical_traits=None, rehearsal_technique=None, special_skills=Martial arts[0m
No, Roxy has an American accent, not British. Would you like to consider another option?
Yes, let's look for another option with a British accent.
  [37mname=Roxy, style=None, emotion=None, background=Experience as a bodyguard to a famous singer, age=29, gender=Female, accent=American, physical_traits=None, rehearsal_technique=None, special_skills=Martial arts skills[0m
We have another Roxy who is 29 years old, has a British accent, and portrays a bodyguard. Would you like to go with her?
Absolutely! Let's go with the British-accented Roxy.
  [37mname=Roxy, style=None, emotion=None, background=Experience as a bodyguard to a famous singer, age=29, gender=Female, accent=British, physical_traits=None, rehearsal_technique=None, special_skills=Martial arts[0m
Great choice! The British-accented Roxy it is!
----------------------------------------------------------------------------------------------------
Thanks! Now, can you help me find a rehearsal technique focused on character work?
  [37mname=None, focus=character, duration=None, setting=None, intensity=None, interaction_level=None, experience_required=None, preparation_needed=None[0m
Sure! Are you looking for a specific duration or intensity for the character-focused rehearsal technique?
I prefer a low intensity and around 30 minutes duration.
  [37mname=None, focus=character, duration=30, setting=None, intensity=low, interaction_level=None, experience_required=None, preparation_needed=None[0m
I recommend "Character Exploration," which is low intensity and lasts 30 minutes. Would you like to go with that?
That sounds perfect! Let's go with "Character Exploration."
  [37mname=Character Exploration, focus=character, duration=30, setting=None, intensity=low, interaction_level=None, experience_required=None, preparation_needed=None[0m
Great choice! "Character Exploration" it is!
====================================================================================================
----------------------------------------------------------------------------------------------------
Do we have any female actors around 40 to 45 with at least 10 years of experience?
  [37mname=None, experience=10, actor_type=None, availability=None, skills=None, age_range=(40, 45), gender=Female, union_status=None, language=None, location_preference=None, physical_traits=None[0m
Yes, we have Alice Johnson, who is 39 with 11 years of experience. Would you like to know more about her?
Is she available on November 1st?
  [37mname=Alice Johnson, experience=11, actor_type=None, availability=['November 1'], skills=None, age_range=(40, 45), gender=Female, union_status=None, language=None, location_preference=None, physical_traits=None[0m
No, Alice Johnson is only available on November 2nd. Would you like to consider someone else?
Yes, can you find another female actor in that age range with similar experience?
  [37mname=None, experience=10, actor_type=None, availability=None, skills=None, age_range=(40, 45), gender=Female, union_status=None, language=None, location_preference=None, physical_traits=None[0m
Jane Smith is 42 with 12 years of experience and is available on November 1st. Would you like to learn more about her?
Does she have skills in acting and directing?
  [37mname=Jane Smith, experience=12, actor_type=None, availability=['November 1st'], skills=['acting', 'directing'], age_range=(40, 45), gender=Female, union_status=None, language=None, location_preference=None, physical_traits=None[0m
Yes, Jane Smith has skills in both acting and directing. Would you like to proceed with her?
Yes, let's go with Jane Smith!
  [37mname=Jane Smith, experience=12, actor_type=None, availability=['November 1st'], skills=['acting', 'directing'], age_range=(40, 45), gender=Female, union_status=None, language=None, location_preference=None, physical_traits=None[0m
Great choice! I'll note Jane Smith for you.
----------------------------------------------------------------------------------------------------
Thanks! Now, can you help me find a female actor around 35 with a background in thrillers?
  [37mname=Jane Smith, style=None, emotion=None, background=thrillers, age=35, gender=Female, accent=None, physical_traits=None, rehearsal_technique=None, special_skills=acting, directing[0m
Sure! Lila is 35 with a background in thrillers. Would you like more details on her?
Does she have experience with dramatic roles?
  [37mname=Jane Smith, style=None, emotion=None, background=Thrillers, age=35, gender=Female, accent=None, physical_traits=None, rehearsal_technique=None, special_skills=Acting, Directing[0m
Yes, Lila has experience with dramatic roles. Would you like to proceed with her?
Yes, let's proceed with Lila!
  [37mname=None, style=None, emotion=None, background=thrillers, age=35, gender=Female, accent=None, physical_traits=None, rehearsal_technique=None, special_skills=acting, directing[0m
Awesome choice! I'll note Lila for you.
Thanks! Can you also check if she has a Southern accent?
  [37mname=None, style=None, emotion=None, background=thrillers, age=35, gender=Female, accent=Southern, physical_traits=None, rehearsal_technique=None, special_skills=acting, directing[0m
Yes, Lila has a Southern accent. Would you like any more information?
No, that’s perfect! I’m all set with Lila.
  [37mname=None, style=None, emotion=None, background=thrillers, age=35, gender=Female, accent=Southern, physical_traits=None, rehearsal_technique=None, special_skills=acting, directing[0m
Great! I'm glad I could help.
----------------------------------------------------------------------------------------------------
Thanks! Now, can you help me find a rehearsal technique focused on character exploration?
  [37mname=None, focus=character, duration=None, setting=None, intensity=None, interaction_level=None, experience_required=None, preparation_needed=None[0m
Sure! We have "Character Exploration" with a focus on character. Would you like more details?
What’s the duration for that technique?
  [37mname=Character Exploration, focus=character, duration=None, setting=None, intensity=None, interaction_level=None, experience_required=None, preparation_needed=None[0m
The duration for "Character Exploration" is 60 minutes. Would you like to proceed with this technique?
Yes, let's go with "Character Exploration"!
  [37mname=Character Exploration, focus=character, duration=60, setting=None, intensity=None, interaction_level=None, experience_required=None, preparation_needed=None[0m
Perfect! I'll note "Character Exploration" for you.
====================================================================================================
----------------------------------------------------------------------------------------------------
Hey, do we have any male actors with at least five years of experience?
  [37mname=None, experience=5, actor_type=None, availability=None, skills=None, age_range=None, gender=Male, union_status=None, language=None, location_preference=None, physical_traits=None[0m
Yes, we have several male actors with at least five years of experience. What age range are you considering?
I’m looking for actors between 30 and 40 years old.
  [37mname=None, experience=5, actor_type=None, availability=None, skills=None, age_range=(30, 40), gender=Male, union_status=None, language=None, location_preference=None, physical_traits=None[0m
Great! We have Charlie Brown, George Lucas, and Bob Smith in that age range. Do you have a specific role type in mind for them?
I’m specifically looking for a lead role.
  [37mname=None, experience=5, actor_type=Lead, availability=None, skills=None, age_range=(30, 40), gender=Male, union_status=None, language=None, location_preference=None, physical_traits=None[0m
Unfortunately, none of those actors fit as leads. Would you consider Diana Prince, who is a lead and 30 years old?
I prefer to stick with male actors for this role. Any other leads?
  [37mname=None, experience=5, actor_type=Lead, availability=None, skills=None, age_range=(30, 40), gender=Male, union_status=None, language=None, location_preference=None, physical_traits=None[0m
There are no male lead actors in that age range available. Would you like to consider supporting roles instead?
Let’s hold off on supporting roles for now; I really want to find a lead. Can we check availability for any other male leads?
  [37mname=None, experience=5, actor_type=Lead, availability=None, skills=None, age_range=(30, 40), gender=Male, union_status=None, language=None, location_preference=None, physical_traits=None[0m
The only male lead we have is Charlie Brown, but he doesn't fit the age range you specified. Would you like to adjust the criteria?
Alright, let’s widen the age range to 30 to 45 years. Any leads in that range?
  [37mname=None, experience=5, actor_type=Lead, availability=None, skills=None, age_range=(30, 45), gender=Male, union_status=None, language=None, location_preference=None, physical_traits=None[0m
Yes, Diana Prince is still available, and now Charlie Brown fits as well. Would you like to go with one of them?
I’d prefer to stick with a male actor, so let’s go with Charlie Brown.
  [37mname=None, experience=5, actor_type=Lead, availability=None, skills=None, age_range=(30, 45), gender=Male, union_status=None, language=None, location_preference=None, physical_traits=None[0m
Charlie Brown it is! He’s a lead with 10 years of experience. Would you like to discuss rehearsal techniques next?
----------------------------------------------------------------------------------------------------
Yes, let’s discuss rehearsal techniques. Do we have any actors skilled in Stanislavski?
  [37mname=Charlie Brown, style=None, emotion=None, background=None, age=30, gender=Male, accent=None, physical_traits=None, rehearsal_technique=Stanislavski, special_skills=None[0m
Yes, we have Charlie Brown skilled in Stanislavski. Would you like to know more about his background or special skills?
Yes, please share more about his background first.
  [37mname=Charlie Brown, style=None, emotion=None, background=None, age=35, gender=Male, accent=None, physical_traits=None, rehearsal_technique=Stanislavski, special_skills=None[0m
Charlie Brown has a background as a former police officer turned private investigator. Would you like to know about his special skills next?
Yes, what special skills does Charlie Brown have?
  [37mname=Charlie Brown, style=None, emotion=None, background=Former police officer turned private investigator, age=35, gender=Male, accent=None, physical_traits=None, rehearsal_technique=Stanislavski, special_skills=None[0m
Charlie Brown's special skills include deductive reasoning. Does that meet your needs for the role?
Yes, that fits perfectly! Let’s go with Charlie Brown for the role.
  [37mname=Charlie Brown, style=None, emotion=None, background=Former police officer turned private investigator, age=35, gender=Male, accent=None, physical_traits=None, rehearsal_technique=Stanislavski, special_skills=Deductive reasoning[0m
Awesome choice! Charlie Brown will be perfect for the role. Thank you!
----------------------------------------------------------------------------------------------------
Great! Now, can we find a rehearsal technique that focuses on character work?
  [37mname=None, focus=character, duration=None, setting=None, intensity=None, interaction_level=None, experience_required=None, preparation_needed=None[0m
Sure! We have several techniques focused on character work. Would you prefer a group or individual setting?
I’m looking for an individual setting for the rehearsal technique.
  [37mname=None, focus=character, duration=None, setting=individual, intensity=None, interaction_level=None, experience_required=None, preparation_needed=None[0m
In that case, "Monologue Practice" and "Character Study" are great options. Would you like to know more about one of them?
Yes, tell me more about "Character Study."
  [37mname=Character Study, focus=character, duration=None, setting=individual, intensity=None, interaction_level=None, experience_required=None, preparation_needed=None[0m
"Character Study" focuses on character development, lasts 60 minutes, and is suitable for intermediate experience. Would you like to go with this technique?
That sounds perfect! Let’s go with "Character Study."
  [37mname=Character Study, focus=character, duration=60, setting=individual, intensity=None, interaction_level=None, experience_required=intermediate, preparation_needed=None[0m
Great choice! "Character Study" is set for your rehearsal. Thank you!
====================================================================================================
----------------------------------------------------------------------------------------------------
Hey, do we have any female actors with at least five years of experience?
  [37mname=None, experience=5, actor_type=None, availability=None, skills=None, age_range=None, gender=Female, union_status=None, language=None, location_preference=None, physical_traits=None[0m
Yes, we have several female actors with at least five years of experience. What specific traits are you looking for?
I'm interested in someone around 30 to 35 years old, ideally with brown hair and about 5'6" tall.
  [37mname=None, experience=5, actor_type=None, availability=None, skills=None, age_range=(30, 35), gender=Female, union_status=None, language=None, location_preference=None, physical_traits={'height': '5\'6"', 'hair_color': 'brown'}[0m
I found Hannah Montana, age 32, with brown hair and 5'6" tall. Does she fit your needs?
That sounds great! Is she available on November 4th and 7th?
  [37mname=Hannah Montana, experience=5, actor_type=None, availability=['November 4', 'November 7'], skills=None, age_range=(30, 35), gender=Female, union_status=None, language=None, location_preference=None, physical_traits={'height': '5\'6"', 'hair_color': 'brown'}[0m
Hannah Montana is available on November 4th, but not on the 7th. Would you like to consider her for the 4th?
Let's hold off on her for now; I need someone available on both dates. Any other options?
  [37mname=None, experience=5, actor_type=None, availability=None, skills=None, age_range=(30, 35), gender=Female, union_status=None, language=None, location_preference=None, physical_traits={'height': '5\'6"', 'hair color': 'brown'}[0m
How about Fiona Gallagher? She's 27, available on November 1st and 2nd, but not on the dates you mentioned. Would you like to explore more options?
I appreciate that, but I really need someone available on the 4th and 7th. Do we have any other candidates?
  [37mname=None, experience=5, actor_type=None, availability=['November 4th', 'November 7th'], skills=None, age_range=(30, 35), gender=Female, union_status=None, language=None, location_preference=None, physical_traits={'height': '5\'6"', 'hair color': 'brown'}[0m
Jessica Jones is available on November 2nd and 5th, but not on the 4th and 7th. Would you like to keep looking?
Yes, please! I'm looking for someone available on both November 4th and 7th.
  [37mname=None, experience=5, actor_type=None, availability=['November 4th', 'November 7th'], skills=None, age_range=(30, 35), gender=Female, union_status=None, language=None, location_preference=None, physical_traits={'height': '5\'6"', 'hair color': 'brown'}[0m
I see that Hannah Montana is available on the 4th, but unfortunately, I don't have anyone available on both the 4th and 7th. Would you like to adjust your criteria?
How about we relax the availability a bit and consider someone who can do the 4th and is flexible on the 7th?
  [37mname=None, experience=5, actor_type=None, availability=['November 4th'], skills=None, age_range=(30, 35), gender=Female, union_status=None, language=None, location_preference=None, physical_traits={'height': '5\'6"', 'hair color': 'brown'}[0m
In that case, Hannah Montana is available on the 4th, and she might be flexible on the 7th. Would you like to proceed with her?
Yes, let's go with Hannah Montana! Please confirm her for the role.
  [37mname=Hannah Montana, experience=5, actor_type=None, availability=['November 4th'], skills=None, age_range=(30, 35), gender=Female, union_status=None, language=None, location_preference=None, physical_traits={'height': '5\'6"', 'hair_color': 'brown'}[0m
Great choice! I'll confirm Hannah Montana for the role. Thank you!
----------------------------------------------------------------------------------------------------
Thanks! Now, do we have any other female actors who fit a bubbly college student vibe?
  [37mname=Hannah Montana, style=None, emotion=None, background=None, age=32, gender=Female, accent=None, physical_traits=brown hair, 5'6" tall, rehearsal_technique=None, special_skills=None[0m
Yes, we have Megan Smith, who is a bubbly college student. Would you like to know more about her?
Yes, please! What’s her age and availability?
  [37mname=Hannah Montana, style=None, emotion=None, background=None, age=32, gender=Female, accent=None, physical_traits=Brown hair, 5'6" tall, rehearsal_technique=None, special_skills=None[0m
Megan Smith is 30 years old, and she's available on November 1st and 2nd. Does she interest you?
She sounds promising, but I need someone available on the 4th and 7th. Any other options?
  [37mname=Hannah Montana, style=None, emotion=None, background=None, age=32, gender=Female, accent=None, physical_traits=brown hair, 5'6" tall, rehearsal_technique=None, special_skills=None[0m
Samantha Green is also a bubbly character, but she’s only available on the 4th. Would you like to consider her?
I’ll need someone who can also do the 7th. Let's keep looking!
  [37mname=Hannah Montana, style=None, emotion=None, background=None, age=32, gender=Female, accent=None, physical_traits=brown hair, 5'6" tall, rehearsal_technique=None, special_skills=None[0m
Understood! Unfortunately, I don't have anyone who fits that exact availability. Would you like to adjust your criteria or explore other character types?
Let’s adjust the criteria to prioritize the 4th and consider flexibility for the 7th. Any other options?
  [37mname=Hannah Montana, style=None, emotion=None, background=None, age=32, gender=Female, accent=None, physical_traits=brown hair, 5'6" tall, rehearsal_technique=None, special_skills=None[0m
In that case, we can consider Samantha Green, who is available on the 4th and might be flexible on the 7th. Would you like to go with her?
Yes, let’s proceed with Samantha Green! Please confirm her for the role.
  [37mname=Samantha Green, style=None, emotion=None, background=None, age=30, gender=Female, accent=None, physical_traits=Bubbly character, rehearsal_technique=None, special_skills=None[0m
Awesome choice! I'll confirm Samantha Green for the role. Thank you!
----------------------------------------------------------------------------------------------------
Great! Now, can we find a rehearsal technique focused on improvisation?
  [37mname=None, focus=improvisation, duration=None, setting=None, intensity=None, interaction_level=None, experience_required=None, preparation_needed=None[0m
Sure! We have several options for improvisation techniques. Are you looking for group settings or individual ones?
I prefer individual settings for the rehearsal technique. What do you have?
  [37mname=None, focus=improvisation, duration=None, setting=individual, intensity=None, interaction_level=None, experience_required=None, preparation_needed=None[0m
For individual settings, we have "Improvisational Scenes," which focuses on improvisation and has a duration of 60 minutes. Would that work for you?
That sounds perfect! Does it require any preparation?
  [37mname=Improvisational Scenes, focus=improvisation, duration=60, setting=individual, intensity=None, interaction_level=None, experience_required=None, preparation_needed=None[0m
No preparation is needed for "Improvisational Scenes." Would you like to confirm this technique?
Yes, let’s confirm "Improvisational Scenes"! Thank you!
  [37mname=Improvisational Scenes, focus=improvisation, duration=60, setting=individual, intensity=None, interaction_level=None, experience_required=None, preparation_needed=none[0m
You're all set with "Improvisational Scenes"! Thank you!
====================================================================================================
----------------------------------------------------------------------------------------------------
Hey, do we have any female actors with at least 10 years of experience?
  [37mname=None, experience=10, actor_type=None, availability=None, skills=None, age_range=None, gender=Female, union_status=None, language=None, location_preference=None, physical_traits=None[0m
Yes, we have Alice Johnson with 11 years and Jane Smith with 12 years of experience.
Great! Are either of them available on November 2nd?
  [37mname=None, experience=10, actor_type=None, availability=['November 2nd'], skills=None, age_range=None, gender=Female, union_status=None, language=None, location_preference=None, physical_traits=None[0m
Alice Johnson is available on November 2nd, but Jane Smith is not.
Perfect! Does Alice have skills in acting and improvisation?
  [37mname=Alice Johnson, experience=11, actor_type=None, availability=['November 2nd'], skills=['acting', 'improvisation'], age_range=None, gender=Female, union_status=None, language=None, location_preference=None, physical_traits=None[0m
Alice Johnson has skills in acting and writing, but not improvisation.
Hmm, would you say improvisation is a must for this role?
  [37mname=Alice Johnson, experience=11, actor_type=None, availability=['November 2nd'], skills=['acting', 'writing'], age_range=None, gender=Female, union_status=None, language=None, location_preference=None, physical_traits=None[0m
It depends on the role's requirements; do you think improvisation is essential?
I think it could really enhance her performance, but let's keep looking. Any other female actors with improvisation skills?
  [37mname=Alice Johnson, experience=11, actor_type=None, availability=['November 2nd'], skills=['acting', 'writing'], age_range=None, gender=Female, union_status=None, language=None, location_preference=None, physical_traits=None[0m
Yes, we have Fiona Gallagher with 6 years of experience, and she has skills in acting and singing, but not improvisation.
How about her availability on November 2nd?
  [37mname=Alice Johnson, experience=11, actor_type=None, availability=['November 2nd'], skills=['acting', 'writing'], age_range=None, gender=Female, union_status=None, language=None, location_preference=None, physical_traits=None[0m
Fiona Gallagher is available on November 1st and 2nd.
That’s good! Is she within the age range of 30 to 40?
  [37mname=Alice Johnson, experience=11, actor_type=None, availability=['November 2nd'], skills=['acting', 'writing'], age_range=(30, 40), gender=Female, union_status=None, language=None, location_preference=None, physical_traits=None[0m
Fiona Gallagher is 27, so she’s not within that age range.
Alright, let's stick with Alice then. Is she a union member?
  [37mname=Alice Johnson, experience=11, actor_type=None, availability=['November 2'], skills=['acting', 'writing'], age_range=None, gender=Female, union_status=None, language=None, location_preference=None, physical_traits=None[0m
Yes, Alice Johnson is a union member.
Awesome! Does she speak English fluently?
  [37mname=Alice Johnson, experience=11, actor_type=None, availability=['November 2'], skills=['acting', 'writing'], age_range=None, gender=Female, union_status=Union, language=['English'], location_preference=None, physical_traits=None[0m
Yes, Alice Johnson speaks English fluently.
Great! What about her location? Is she based in San Francisco?
  [37mname=Alice Johnson, experience=11, actor_type=None, availability=['November 2'], skills=['acting', 'writing'], age_range=None, gender=Female, union_status=Union, language=['English'], location_preference=San Francisco, physical_traits=None[0m
No, Alice Johnson is based in San Francisco; she is actually located in New York.
Got it. Would she be willing to travel to San Francisco for the role?
  [37mname=Alice Johnson, experience=11, actor_type=None, availability=['November 2'], skills=['acting', 'writing'], age_range=None, gender=Female, union_status=Union, language=['English'], location_preference=New York, physical_traits=None[0m
I can't confirm her willingness to travel; you might need to ask her directly.
Understood! One last thing—does she meet the physical traits we’re looking for, like height and hair color?
  [37mname=Alice Johnson, experience=11, actor_type=None, availability=['November 2'], skills=['acting', 'writing'], age_range=None, gender=Female, union_status=Union, language=['English'], location_preference=New York, physical_traits=None[0m
Alice Johnson is 5'6" with brown hair; what specific traits are you looking for?
We were hoping for someone around 5'5" with blonde hair. Shall we consider adjusting our criteria?
  [37mname=Alice Johnson, experience=11, actor_type=None, availability=['November 2'], skills=['acting', 'writing'], age_range=None, gender=Female, union_status=Union, language=['English'], location_preference=New York, physical_traits={'height': '5\'6"', 'hair_color': 'brown'}[0m
Adjusting your criteria could help; would you like to explore more actors that fit those traits?
Yes, let’s expand our search! Can you suggest any other female actors with similar experience and skills?
  [37mname=Alice Johnson, experience=11, actor_type=None, availability=['November 2'], skills=['acting', 'writing'], age_range=None, gender=Female, union_status=Union, language=['English'], location_preference=New York, physical_traits={'height': '5\'6"', 'hair_color': 'brown'}[0m
We have Hannah Montana, who has 7 years of experience and skills in singing, dancing, and acting.
Does Hannah Montana have improvisation skills?
  [37mname=Alice Johnson, experience=11, actor_type=None, availability=['November 2'], skills=['acting', 'writing'], age_range=None, gender=Female, union_status=Union, language=['English'], location_preference=New York, physical_traits={'height': '5\'6"', 'hair color': 'brown'}[0m
No, Hannah Montana does not have improvisation skills.
Okay, but is she available on November 2nd?
  [37mname=Alice Johnson, experience=11, actor_type=None, availability=['November 2nd'], skills=['acting', 'writing'], age_range=None, gender=Female, union_status=Union, language=['English'], location_preference=New York, physical_traits={'height': '5\'6"', 'hair_color': 'brown'}[0m
No, Hannah Montana is available on November 4th and 6th, but not on November 2nd.
Alright, let's go back to Alice. Can you check if she’s willing to travel to San Francisco?
  [37mname=Alice Johnson, experience=11, actor_type=None, availability=['November 2'], skills=['acting', 'writing'], age_range=None, gender=Female, union_status=Union, language=['English'], location_preference=New York, physical_traits={'height': '5\'6"', 'hair_color': 'brown'}[0m
I can't check her willingness to travel; you'd need to reach out to her for that information.
Got it! I’ll reach out to Alice and see if she can travel. Thanks for your help!
  [37mname=Alice Johnson, experience=11, actor_type=None, availability=['November 2'], skills=['acting', 'writing'], age_range=None, gender=Female, union_status=Union, language=['English'], location_preference=New York, physical_traits={'height': '5\'6"', 'hair color': 'brown'}[0m
You're welcome! Good luck with your search!
Thanks! Talk soon!
  [37mname=Alice Johnson, experience=11, actor_type=None, availability=['November 2'], skills=['acting', 'writing'], age_range=None, gender=Female, union_status=Union, language=['English'], location_preference=New York, physical_traits={'height': '5\'6"', 'hair color': 'brown'}[0m
Talk soon!
Bye!
  [37mname=Alice Johnson, experience=11, actor_type=None, availability=['November 2'], skills=['acting', 'writing'], age_range=None, gender=Female, union_status=Union, language=['English'], location_preference=New York, physical_traits={'height': '5\'6"', 'hair color': 'brown'}[0m
Bye!
Take care!
  [37mname=Alice Johnson, experience=11, actor_type=None, availability=['November 2'], skills=['acting', 'writing'], age_range=None, gender=Female, union_status=Union, language=['English'], location_preference=New York, physical_traits={'height': '5\'6"', 'hair color': 'brown'}[0m
You too!
Thanks!
  [37mname=Alice Johnson, experience=11, actor_type=None, availability=['November 2'], skills=['acting', 'writing'], age_range=None, gender=Female, union_status=Union, language=['English'], location_preference=New York, physical_traits={'height': '5\'6"', 'hair color': 'brown'}[0m
You're welcome!
Appreciate it!
  [37mname=Alice Johnson, experience=11, actor_type=None, availability=['November 2'], skills=['acting', 'writing'], age_range=None, gender=Female, union_status=Union, language=['English'], location_preference=New York, physical_traits={'height': '5\'6"', 'hair color': 'brown'}[0m
Anytime!
Great!
  [37mname=Alice Johnson, experience=11, actor_type=None, availability=['November 2'], skills=['acting', 'writing'], age_range=None, gender=Female, union_status=Union, language=['English'], location_preference=New York, physical_traits={'height': '5\'6"', 'hair color': 'brown'}[0m
Glad to hear that!
Absolutely!
  [37mname=Alice Johnson, experience=11, actor_type=None, availability=['November 2'], skills=['acting', 'writing'], age_range=None, gender=Female, union_status=Union, language=['English'], location_preference=New York, physical_traits={'height': '5\'6"', 'hair color': 'brown'}[0m
Awesome!
For sure!
  [37mname=Alice Johnson, experience=11, actor_type=None, availability=['November 2'], skills=['acting', 'writing'], age_range=None, gender=Female, union_status=Union, language=['English'], location_preference=New York, physical_traits={'height': '5\'6"', 'hair color': 'brown'}[0m
Definitely!
Exactly!
  [37mname=Alice Johnson, experience=11, actor_type=None, availability=['November 2'], skills=['acting', 'writing'], age_range=None, gender=Female, union_status=Union, language=['English'], location_preference=New York, physical_traits={'height': '5\'6"', 'hair color': 'brown'}[0m
Exactly!
Right on!
  [37mname=Alice Johnson, experience=11, actor_type=None, availability=['November 2'], skills=['acting', 'writing'], age_range=None, gender=Female, union_status=Union, language=['English'], location_preference=New York, physical_traits={'height': '5\'6"', 'hair color': 'brown'}[0m
Right on!
You got it!
  [37mname=Alice Johnson, experience=11, actor_type=None, availability=['November 2'], skills=['acting', 'writing'], age_range=None, gender=Female, union_status=Union, language=['English'], location_preference=New York, physical_traits={'height': '5\'6"', 'hair color': 'brown'}[0m
You got it!
Absolutely!
  [37mname=Alice Johnson, experience=11, actor_type=None, availability=['November 2'], skills=['acting', 'writing'], age_range=None, gender=Female, union_status=Union, language=['English'], location_preference=New York, physical_traits={'height': '5\'6"', 'hair color': 'brown'}[0m
Absolutely!
----------------------------------------------------------------------------------------------------
Perfect! Now, can you help me find any female actors who fit the age of 34?
  [37mname=Alice Johnson, style=None, emotion=None, background=None, age=34, gender=Female, accent=None, physical_traits=5'6" with brown hair, rehearsal_technique=None, special_skills=Acting, Writing[0m
Yes, we have a female actor named Cunning Strategist who is 34 years old.
That sounds promising! Does she have the skills in chess?
  [37mname=Alice Johnson, style=None, emotion=None, background=None, age=34, gender=Female, accent=None, physical_traits=5'6" with brown hair, rehearsal_technique=None, special_skills=acting, writing[0m
Yes, she is a chess master and has skills in strategy.
Awesome! What about her availability on November 2nd?
  [37mname=Alice Johnson, style=None, emotion=None, background=None, age=34, gender=Female, accent=None, physical_traits=5'6" with brown hair, rehearsal_technique=None, special_skills=Acting, Writing[0m
I don't have her availability details for November 2nd; you would need to check with her directly.
Understood! I’ll check with her. Thanks for the info!
  [37mname=Alice Johnson, style=None, emotion=None, background=None, age=34, gender=Female, accent=None, physical_traits=5'6" with brown hair, rehearsal_technique=None, special_skills=Acting, Writing[0m
You're welcome! Good luck!
Thanks! Talk soon!
  [37mname=Alice Johnson, style=None, emotion=None, background=None, age=34, gender=Female, accent=None, physical_traits=5'6" with brown hair, rehearsal_technique=None, special_skills=Acting, Writing[0m
Talk soon!
Bye!
  [37mname=Alice Johnson, style=None, emotion=None, background=None, age=34, gender=Female, accent=None, physical_traits=5'6" with brown hair, rehearsal_technique=None, special_skills=Acting, Writing[0m
Bye!
Take care!
  [37mname=Alice Johnson, style=None, emotion=None, background=None, age=34, gender=Female, accent=None, physical_traits=5'6" with brown hair, rehearsal_technique=None, special_skills=Acting, Writing[0m
You too!
Thanks!
  [37mname=Alice Johnson, style=None, emotion=None, background=None, age=34, gender=Female, accent=None, physical_traits=5'6" with brown hair, rehearsal_technique=None, special_skills=Acting, Writing[0m
You're welcome!
Appreciate it!
  [37mname=Alice Johnson, style=None, emotion=None, background=None, age=34, gender=Female, accent=None, physical_traits=5'6" with brown hair, rehearsal_technique=None, special_skills=acting, writing[0m
Anytime!
Great!
  [37mname=Alice Johnson, style=None, emotion=None, background=None, age=34, gender=Female, accent=None, physical_traits=5'6" with brown hair, rehearsal_technique=None, special_skills=Acting, Writing[0m
Glad to hear that!
Absolutely!
  [37mname=Alice Johnson, style=None, emotion=None, background=None, age=34, gender=Female, accent=None, physical_traits=5'6" with brown hair, rehearsal_technique=None, special_skills=Acting, Writing[0m
Awesome!
For sure!
  [37mname=Alice Johnson, style=None, emotion=None, background=None, age=34, gender=Female, accent=None, physical_traits=5'6" with brown hair, rehearsal_technique=None, special_skills=Acting, Writing[0m
Definitely!
Exactly!
  [37mname=Alice Johnson, style=None, emotion=None, background=None, age=34, gender=Female, accent=None, physical_traits=5'6" with brown hair, rehearsal_technique=None, special_skills=Acting, Writing[0m
Exactly!
Right on!
  [37mname=Alice Johnson, style=None, emotion=None, background=None, age=34, gender=Female, accent=None, physical_traits=5'6" with brown hair, rehearsal_technique=None, special_skills=Acting, Writing[0m
Right on!
You got it!
  [37mname=Alice Johnson, style=None, emotion=None, background=None, age=34, gender=Female, accent=None, physical_traits=5'6" with brown hair, rehearsal_technique=None, special_skills=Acting, Writing[0m
You got it!
Absolutely!
  [37mname=Alice Johnson, style=None, emotion=None, background=None, age=34, gender=Female, accent=None, physical_traits=5'6" with brown hair, rehearsal_technique=None, special_skills=Acting, Writing[0m
Absolutely!
Perfect!
  [37mname=Alice Johnson, style=None, emotion=None, background=None, age=34, gender=Female, accent=None, physical_traits=5'6" with brown hair, rehearsal_technique=None, special_skills=Acting, Writing[0m
Perfect!
Now, can you tell me if Cunning Strategist has any specific physical traits?
  [37mname=Alice Johnson, style=None, emotion=None, background=None, age=34, gender=Female, accent=None, physical_traits=5'6" with brown hair, rehearsal_technique=None, special_skills=Acting, Writing[0m
Yes, Cunning Strategist has a slim build, medium-length hair, and sharp features.
Great! Does she have a specific accent?
  [37mname=Cunning Strategist, style=None, emotion=None, background=None, age=34, gender=Female, accent=None, physical_traits=Slim build, medium-length hair, sharp features, rehearsal_technique=None, special_skills=Chess master, skills in strategy[0m
No, Cunning Strategist does not have a specific accent.
Got it! Is she a union member?
  [37mname=Cunning Strategist, style=None, emotion=None, background=None, age=34, gender=Female, accent=None, physical_traits=Slim build, medium-length hair, sharp features, rehearsal_technique=None, special_skills=Chess master, skills in strategy[0m
I don't have information on whether Cunning Strategist is a union member; you'd need to check that.
Understood! I’ll find out. Thanks for your help!
  [37mname=Cunning Strategist, style=None, emotion=None, background=None, age=34, gender=Female, accent=None, physical_traits=Slim build, medium-length hair, sharp features, rehearsal_technique=None, special_skills=Chess master, skills in strategy[0m
You're welcome! Good luck!
Thanks! Talk soon!
  [37mname=Alice Johnson, style=None, emotion=None, background=None, age=34, gender=Female, accent=None, physical_traits=5'6", brown hair, rehearsal_technique=None, special_skills=acting, writing[0m
Talk soon!
Bye!
  [37mname=Alice Johnson, style=None, emotion=None, background=None, age=34, gender=Female, accent=None, physical_traits=5'6", brown hair, rehearsal_technique=None, special_skills=acting, writing[0m
Bye!
Take care!
  [37mname=Alice Johnson, style=None, emotion=None, background=None, age=34, gender=Female, accent=None, physical_traits=5'6", brown hair, rehearsal_technique=None, special_skills=acting, writing[0m
You too!
Thanks!
  [37mname=Alice Johnson, style=None, emotion=None, background=None, age=34, gender=Female, accent=None, physical_traits=5'6", brown hair, rehearsal_technique=None, special_skills=acting, writing[0m
You're welcome!
Appreciate it!
  [37mname=Cunning Strategist, style=None, emotion=None, background=None, age=34, gender=Female, accent=None, physical_traits=slim build, medium-length hair, sharp features, rehearsal_technique=None, special_skills=chess master, strategy[0m
Anytime!
Great!
  [37mname=Alice Johnson, style=None, emotion=None, background=None, age=34, gender=Female, accent=None, physical_traits=5'6", brown hair, rehearsal_technique=None, special_skills=acting, writing[0m
Glad to hear that!
Absolutely!
  [37mname=Alice Johnson, style=None, emotion=None, background=None, age=34, gender=Female, accent=None, physical_traits=5'6", brown hair, rehearsal_technique=None, special_skills=acting, writing[0m
Awesome!
For sure!
  [37mname=Cunning Strategist, style=None, emotion=None, background=None, age=34, gender=Female, accent=None, physical_traits=Slim build, medium-length hair, sharp features, rehearsal_technique=None, special_skills=Chess master, skills in strategy[0m
Definitely!
Exactly!
  [37mname=Alice Johnson, style=None, emotion=None, background=None, age=34, gender=Female, accent=None, physical_traits=5'6", brown hair, rehearsal_technique=None, special_skills=acting, writing[0m
Exactly!
----------------------------------------------------------------------------------------------------
Right! Can we start looking for rehearsal techniques focused on character work?
  [37mname=None, focus=character, duration=None, setting=None, intensity=None, interaction_level=None, experience_required=None, preparation_needed=None[0m
Sure! Are you looking for specific duration or intensity levels for the character work techniques?
Yes, I prefer around 60 minutes and high intensity.
  [37mname=None, focus=character, duration=60, setting=None, intensity=high, interaction_level=None, experience_required=None, preparation_needed=None[0m
Got it! We have "Character Deep Dive" and "Voice and Movement" that fit those criteria. Would you like more details on either?
Yes, tell me more about "Character Deep Dive."
  [37mname=Character Deep Dive, focus=character, duration=60, setting=None, intensity=high, interaction_level=None, experience_required=None, preparation_needed=None[0m
"Character Deep Dive" focuses on character development, lasts 60 minutes, is high intensity, and is typically done in a group setting.
That sounds perfect! What kind of preparation is needed for "Character Deep Dive"?
  [37mname=Character Deep Dive, focus=character, duration=60, setting=group, intensity=high, interaction_level=None, experience_required=None, preparation_needed=None[0m
It requires some preparation, such as background research on the character.
Great! Does it require intermediate experience?
  [37mname=Character Deep Dive, focus=character, duration=60, setting=group, intensity=high, interaction_level=None, experience_required=intermediate, preparation_needed=some[0m
Yes, "Character Deep Dive" requires intermediate experience.
Awesome! I think we’ve found our rehearsal technique!
  [37mname=Character Deep Dive, focus=character, duration=60, setting=group, intensity=high, interaction_level=None, experience_required=intermediate, preparation_needed=some[0m
Fantastic! I'm glad you found it!
====================================================================================================
----------------------------------------------------------------------------------------------------
Hey, do we have any male non-union actors based in New York?
  [37mname=None, experience=None, actor_type=None, availability=None, skills=None, age_range=None, gender=Male, union_status=Non-Union, language=None, location_preference=New York, physical_traits=None[0m
Yes, we have John Doe and Igor Stravinsky.
Great! What about their acting skills?
  [37mname=None, experience=None, actor_type=None, availability=None, skills=None, age_range=None, gender=Male, union_status=Non-Union, language=None, location_preference=New York, physical_traits=None[0m
Both have acting skills.
Perfect! Can you tell me their physical traits?
  [37mname=None, experience=None, actor_type=None, availability=None, skills=['acting'], age_range=None, gender=Male, union_status=Non-Union, language=None, location_preference=New York, physical_traits=None[0m
John Doe is 5'10" with black hair, and Igor Stravinsky is 5'9" with brown hair.
I prefer someone with black hair; can you check John's availability?
  [37mname=John Doe, experience=None, actor_type=None, availability=None, skills=['acting'], age_range=None, gender=Male, union_status=Non-Union, language=None, location_preference=New York, physical_traits={'height': '5\'10"', 'hair color': 'black'}[0m
John Doe is available on November 3rd.
That works! Is he fluent in English?
  [37mname=John Doe, experience=None, actor_type=None, availability=['November 3rd'], skills=['acting'], age_range=None, gender=Male, union_status=Non-Union, language=['English'], location_preference=New York, physical_traits={'height': '5\'10"', 'hair_color': 'black'}[0m
Yes, he speaks English fluently.
Awesome! Let's go with John Doe then.
  [37mname=John Doe, experience=None, actor_type=None, availability=['November 3rd'], skills=['acting'], age_range=None, gender=Male, union_status=Non-Union, language=['English'], location_preference=New York, physical_traits={'height': '5\'10"', 'hair_color': 'black'}[0m
Great choice! John Doe it is!
----------------------------------------------------------------------------------------------------
Thanks! Now, can we find someone for a character portrayal?
  [37mname=None, style=None, emotion=None, background=None, age=None, gender=Male, accent=None, physical_traits=5'10" with black hair, rehearsal_technique=None, special_skills=None[0m
Of course! What specific characteristics are you looking for in the character portrayal?
I'm looking for a neutral emotional tone and someone around 32 years old.
  [37mname=None, style=None, emotion=Neutral, background=None, age=32, gender=None, accent=None, physical_traits=None, rehearsal_technique=None, special_skills=None[0m
We have a couple of options: "Confidant" and "Loyal Friend." Would you like to know more about them?
Yes, please share more about the "Confidant" character portrayal.
  [37mname=Confidant, style=None, emotion=Neutral, background=None, age=32, gender=None, accent=None, physical_traits=None, rehearsal_technique=None, special_skills=None[0m
The "Confidant" is a 32-year-old male with a realistic style, neutral emotion, British accent, and skills in empathy and communication.
Sounds promising! What about the physical traits of the "Confidant"?
  [37mname=Confidant, style=Realistic, emotion=Neutral, background=None, age=32, gender=Male, accent=British, physical_traits=None, rehearsal_technique=None, special_skills=Empathy and communication[0m
He has average height with wavy brown hair.
That fits my criteria! Let's go with the "Confidant" character portrayal.
  [37mname=Confidant, style=Realistic, emotion=Neutral, background=None, age=32, gender=Male, accent=British, physical_traits=Average height with wavy brown hair, rehearsal_technique=None, special_skills=Empathy and communication[0m
Excellent choice! The "Confidant" character portrayal is yours!
----------------------------------------------------------------------------------------------------
Thanks! Now, can you help me find a rehearsal technique focused on improvisation?
  [37mname=None, focus=improvisation, duration=None, setting=None, intensity=None, interaction_level=None, experience_required=None, preparation_needed=None[0m
Sure! Are you looking for a specific duration or setting for the improvisation technique?
I'm aiming for around 30 minutes and preferably an individual setting.
  [37mname=None, focus=improvisation, duration=30, setting=individual, intensity=None, interaction_level=None, experience_required=None, preparation_needed=None[0m
I have an option: "Improvisation Games" for 30 minutes in an individual setting. Would you like to know more?
Yes, please tell me more about "Improvisation Games."
  [37mname=Improvisation Games, focus=improvisation, duration=30, setting=individual, intensity=None, interaction_level=None, experience_required=None, preparation_needed=None[0m
"Improvisation Games" focuses on improvisation, has a low intensity, and requires beginner experience.
That sounds good, but I need a medium intensity and high interaction level. Do you have anything like that?
  [37mname=None, focus=improvisation, duration=30, setting=individual, intensity=medium, interaction_level=high, experience_required=beginner, preparation_needed=None[0m
Yes, I recommend "Group Dynamics," which has medium intensity and high interaction, but it's in a group setting. Would that work for you?
I really prefer an individual setting. Can we adjust the intensity or interaction level for a different technique?
  [37mname=None, focus=improvisation, duration=30, setting=individual, intensity=None, interaction_level=None, experience_required=beginner, preparation_needed=None[0m
Unfortunately, the only individual option is "Character Improvisation," which has medium intensity and high interaction. Would you like to consider that?
Yes, "Character Improvisation" sounds perfect! Let's go with that.
  [37mname=Character Improvisation, focus=improvisation, duration=30, setting=individual, intensity=medium, interaction_level=high, experience_required=beginner, preparation_needed=None[0m
Great choice! "Character Improvisation" is yours!
====================================================================================================
----------------------------------------------------------------------------------------------------
Do we have any female actors aged 25 to 30 with around five years of experience?
  [37mname=None, experience=5, actor_type=None, availability=None, skills=None, age_range=(25, 30), gender=Female, union_status=None, language=None, location_preference=None, physical_traits=None[0m
Yes, we have Fiona Gallagher, age 26, with 5 years of experience. Would you like more details?
Yes, can you tell me about her skills and availability?
  [37mname=Fiona Gallagher, experience=5, actor_type=None, availability=None, skills=None, age_range=(25, 30), gender=Female, union_status=None, language=None, location_preference=None, physical_traits=None[0m
Fiona Gallagher has skills in acting and dancing, and she's available on November 1st and 3rd. Does that work for you?
She’s perfect for acting, but I need her available on November 2nd. Any chance she can adjust?
  [37mname=Fiona Gallagher, experience=5, actor_type=None, availability=['November 1', 'November 3'], skills=['acting', 'dancing'], age_range=(25, 30), gender=Female, union_status=None, language=None, location_preference=None, physical_traits=None[0m
Unfortunately, she’s not available on November 2nd. Would you like to consider another actor?
Yes, let's look for another female actor with similar experience and availability.
  [37mname=None, experience=5, actor_type=None, availability=None, skills=['acting', 'dancing'], age_range=(25, 30), gender=Female, union_status=None, language=None, location_preference=None, physical_traits=None[0m
How about Diana Prince? She has 8 years of experience, is 30 years old, and is available on November 1st and 6th. Would you like to know her skills?
Sure, what skills does Diana Prince have?
  [37mname=None, experience=5, actor_type=None, availability=None, skills=None, age_range=(25, 30), gender=Female, union_status=None, language=None, location_preference=None, physical_traits=None[0m
Diana Prince has skills in stunts and acting. Does she meet your needs?
She has great skills, but I need someone who can sing too. Do we have any other options?
  [37mname=None, experience=5, actor_type=None, availability=None, skills=['acting', 'dancing'], age_range=(25, 30), gender=Female, union_status=None, language=None, location_preference=None, physical_traits=None[0m
We have Alice Johnson, who is 28 years old, has 5 years of experience, and can sing. She's available on November 1st and 5th. How does that sound?
Alice sounds promising! Is she based in London?
  [37mname=None, experience=5, actor_type=None, availability=['November 1st', 'November 5th'], skills=['acting', 'singing'], age_range=(25, 30), gender=Female, union_status=None, language=None, location_preference=London, physical_traits=None[0m
No, Alice Johnson is based in New York. Would you like to consider her anyway?
I prefer someone based in London. Do we have any other candidates?
  [37mname=None, experience=5, actor_type=None, availability=None, skills=['acting', 'singing'], age_range=(25, 30), gender=Female, union_status=None, language=None, location_preference=London, physical_traits=None[0m
We have another Fiona Gallagher, age 28, with 7 years of experience, available on November 1st and 2nd, and she can sing. Would you like to know more?
Yes, does this Fiona Gallagher have any specific skills or traits?
  [37mname=Fiona Gallagher, experience=5, actor_type=None, availability=['November 1', 'November 2'], skills=['acting', 'singing'], age_range=(25, 30), gender=Female, union_status=None, language=None, location_preference=London, physical_traits=None[0m
This Fiona Gallagher has skills in acting and singing, and she's based in London. Does she work for you?
Yes, she sounds like a great fit! Let's go with this Fiona Gallagher.
  [37mname=Fiona Gallagher, experience=7, actor_type=None, availability=['November 1st', 'November 2nd'], skills=['acting', 'singing'], age_range=(25, 30), gender=Female, union_status=None, language=None, location_preference=London, physical_traits=None[0m
Great choice! I'll mark Fiona Gallagher for you. Thank you!
----------------------------------------------------------------------------------------------------
Thanks! Now, can we find a male actor who matches my criteria?
  [37mname=Fiona Gallagher, style=None, emotion=None, background=None, age=28, gender=Female, accent=None, physical_traits=None, rehearsal_technique=None, special_skills=Acting, Singing[0m
Sure! What age range and experience are you looking for in a male actor?
----------------------------------------------------------------------------------------------------
Actually, I’d like to switch gears and find a suitable rehearsal technique. Can you help with that?
  [37mname=None, focus=None, duration=None, setting=None, intensity=None, interaction_level=None, experience_required=None, preparation_needed=None[0m
Of course! What specific focus or setting are you looking for in a rehearsal technique?
I’m looking for something focused on improvisation and for individual settings.
  [37mname=None, focus=improvisation, duration=None, setting=individual, intensity=None, interaction_level=None, experience_required=None, preparation_needed=None[0m
How about "Improvisational Exercises"? It focuses on improvisation, lasts 40 minutes, and is designed for individual settings. Does that work for you?
That sounds perfect! What’s the intensity level and experience required for it?
  [37mname=Improvisational Exercises, focus=improvisation, duration=40, setting=individual, intensity=None, interaction_level=None, experience_required=None, preparation_needed=None[0m
The intensity level is low, and it requires a beginner experience level. Are you happy with this choice?
====================================================================================================
----------------------------------------------------------------------------------------------------
Can you find any Non-Binary actors with at least 5 years of experience in Manchester?
  [37mname=None, experience=5, actor_type=None, availability=None, skills=None, age_range=None, gender=Non-Binary, union_status=None, language=None, location_preference=Manchester, physical_traits=None[0m
Sure! I found Fiona Gallagher with 6 years of experience in Manchester. Would you like more details about them?
Yes, can you tell me about their availability?
  [37mname=Fiona Gallagher, experience=6, actor_type=None, availability=None, skills=None, age_range=None, gender=Non-Binary, union_status=None, language=None, location_preference=Manchester, physical_traits=None[0m
Fiona Gallagher is available on November 1st. Does that work for you?
That works! What skills does Fiona have?
  [37mname=Fiona Gallagher, experience=6, actor_type=None, availability=['November 1st'], skills=None, age_range=None, gender=Non-Binary, union_status=None, language=None, location_preference=Manchester, physical_traits=None[0m
Fiona has acting skills. Would you like to proceed with her?
Yes, but can you confirm her union status?
  [37mname=Fiona Gallagher, experience=6, actor_type=None, availability=['November 1st'], skills=['acting'], age_range=None, gender=Non-Binary, union_status=None, language=None, location_preference=Manchester, physical_traits=None[0m
Fiona Gallagher is Union. Shall I finalize her for you?
Yes, please finalize Fiona Gallagher!
  [37mname=Fiona Gallagher, experience=6, actor_type=None, availability=['November 1st'], skills=['acting'], age_range=None, gender=Non-Binary, union_status=Union, language=None, location_preference=Manchester, physical_traits=None[0m
Great choice! Fiona Gallagher is finalized for the role.
----------------------------------------------------------------------------------------------------
Thanks! Now, can you help me find another Non-Binary actor with 5 years of theater experience?
  [37mname=Fiona Gallagher, style=None, emotion=None, background=theater experience, age=None, gender=Non-binary, accent=None, physical_traits=None, rehearsal_technique=None, special_skills=acting[0m
Sure! I can help with that. What specific characteristics are you looking for in the actor?
I'm looking for someone with an athletic build and American accent.
  [37mname=None, style=None, emotion=None, background=theater experience, age=None, gender=Non-binary, accent=American, physical_traits=athletic build, rehearsal_technique=None, special_skills=acting skills[0m
I found Taylor with an athletic build and an American accent. Would you like to know more about them?
Yes, what’s Taylor’s experience level?
  [37mname=None, style=None, emotion=None, background=theater experience, age=None, gender=Non-binary, accent=American, physical_traits=athletic build, rehearsal_technique=None, special_skills=acting skills[0m
Taylor has 5 years of experience in theater. Does that sound good?
That sounds great! What about Taylor's availability?
  [37mname=None, style=None, emotion=None, background=None, age=None, gender=Non-binary, accent=American, physical_traits=Athletic build, rehearsal_technique=None, special_skills=Acting[0m
Taylor is available starting November 5th. Does that work for you?
That’s a bit late; can you check if Taylor can start earlier?
  [37mname=None, style=None, emotion=None, background=None, age=None, gender=Non-binary, accent=American, physical_traits=Athletic build, rehearsal_technique=None, special_skills=Acting[0m
Taylor's availability is fixed to November 5th. Would you like to consider another actor?
Yes, please find another Non-Binary actor with an athletic build and American accent.
  [37mname=None, style=None, emotion=None, background=None, age=None, gender=Non-binary, accent=American, physical_traits=Athletic build, rehearsal_technique=None, special_skills=None[0m
I found Jordan, who has an athletic build and an American accent. Would you like to know more about Jordan?
Yes, what’s Jordan’s experience level?
  [37mname=None, style=None, emotion=None, background=None, age=None, gender=Non-binary, accent=American, physical_traits=Athletic build, rehearsal_technique=None, special_skills=Acting[0m
Jordan has 4 years of experience in theater. Does that meet your needs?
Not quite, I need someone with at least 5 years of experience. Can you find someone else?
  [37mname=None, style=None, emotion=None, background=None, age=None, gender=Non-binary, accent=American, physical_traits=Athletic build, rehearsal_technique=None, special_skills=Acting[0m
Sure! Let me check again for another option. How about Skylar, who has 8 years of experience?
Skylar sounds promising! What about their accent and physical traits?
  [37mname=None, style=None, emotion=None, background=None, age=None, gender=Non-binary, accent=American, physical_traits=Athletic build, rehearsal_technique=None, special_skills=None[0m
Skylar has a Midwestern accent and is fit with an athletic build. Does that work for you?
I need an American accent. Can you look for someone else?
  [37mname=None, style=None, emotion=None, background=None, age=None, gender=Non-binary, accent=American, physical_traits=Athletic build, rehearsal_technique=None, special_skills=None[0m
Absolutely! I can look again. I found Jordan, who has an American accent and an athletic build. Would you like to know more?
Yes, what’s Jordan’s experience level this time?
  [37mname=None, style=None, emotion=None, background=None, age=None, gender=Non-binary, accent=American, physical_traits=Athletic build, rehearsal_technique=None, special_skills=None[0m
Jordan has 4 years of experience in theater. Would you like to keep searching?
Yes, please keep searching for a Non-Binary actor with at least 5 years of experience.
  [37mname=None, style=None, emotion=None, background=None, age=None, gender=Non-binary, accent=American, physical_traits=Athletic build, rehearsal_technique=None, special_skills=None[0m
I found Alex, who has 5 years of experience in theater. Would you like to hear more about them?
Yes, does Alex have an American accent and an athletic build?
  [37mname=None, style=None, emotion=None, background=None, age=None, gender=Non-binary, accent=American, physical_traits=Athletic build, rehearsal_technique=None, special_skills=None[0m
Alex has a British accent and a tall, athletic build. Would you like to consider someone else?
Yes, please find another actor with an American accent and an athletic build.
  [37mname=None, style=None, emotion=None, background=None, age=None, gender=Non-binary, accent=American, physical_traits=Athletic build, rehearsal_technique=None, special_skills=None[0m
I found Taylor, who has an American accent and an athletic build. Would you like to know more about Taylor?
Yes, what’s Taylor’s experience level?
  [37mname=None, style=None, emotion=None, background=None, age=None, gender=Non-binary, accent=American, physical_traits=Athletic build, rehearsal_technique=None, special_skills=None[0m
Taylor has 5 years of experience in theater. Does that work for you?
Yes, that works! Can you confirm Taylor's availability?
  [37mname=None, style=None, emotion=None, background=None, age=None, gender=Non-binary, accent=American, physical_traits=Athletic build, rehearsal_technique=None, special_skills=None[0m
Taylor is available starting November 5th. Does that fit your schedule?
That’s still a bit late; I need someone available sooner. Can you keep searching?
  [37mname=None, style=None, emotion=None, background=None, age=None, gender=Non-binary, accent=American, physical_traits=Athletic build, rehearsal_technique=None, special_skills=None[0m
Sure! Let me look for another option with an American accent and athletic build. One moment!
Thanks! Let me know if you find someone suitable.
  [37mname=None, style=None, emotion=None, background=None, age=None, gender=Non-binary, accent=American, physical_traits=Athletic build, rehearsal_technique=None, special_skills=None[0m
I found Casey, who has 2 years of experience but is available sooner with an American accent and athletic build. Would you like to consider them?
I need at least 5 years of experience; please keep looking.
  [37mname=None, style=None, emotion=None, background=None, age=None, gender=Non-binary, accent=American, physical_traits=Athletic build, rehearsal_technique=None, special_skills=None[0m
Got it! Let me keep searching for a suitable option with at least 5 years of experience. One moment!
Thanks for your help! I'm waiting for your update.
  [37mname=None, style=None, emotion=None, background=None, age=None, gender=Non-binary, accent=American, physical_traits=Athletic build, rehearsal_technique=None, special_skills=None[0m
I found Morgan, who has 5 years of experience, an American accent, and a petite build. Would you like to know more?
Yes, can you tell me about Morgan's availability?
  [37mname=None, style=None, emotion=None, background=None, age=None, gender=Non-binary, accent=American, physical_traits=Athletic build, rehearsal_technique=None, special_skills=None[0m
Morgan is available starting November 1st. Does that work for you?
Yes, that works! Can you confirm Morgan's special skills?
  [37mname=None, style=None, emotion=None, background=None, age=None, gender=Non-binary, accent=American, physical_traits=Athletic build, rehearsal_technique=None, special_skills=None[0m
Morgan has special skills in impressions. Would you like to finalize Morgan for the role?
Yes, please finalize Morgan for the role!
  [37mname=None, style=None, emotion=None, background=None, age=None, gender=Non-binary, accent=American, physical_traits=athletic build, rehearsal_technique=None, special_skills=impressions[0m
Great choice! Morgan is finalized for the role.
Thank you! I appreciate your help in finding the right actors.
  [37mname=None, style=None, emotion=None, background=None, age=None, gender=Non-binary, accent=American, physical_traits=Athletic build, rehearsal_technique=None, special_skills=Impressions[0m
You're welcome! I'm glad I could help. Good luck with your production!
----------------------------------------------------------------------------------------------------
Thanks! Now, can you help me find a suitable rehearsal technique focused on scene work?
  [37mname=None, focus=scene, duration=None, setting=None, intensity=None, interaction_level=None, experience_required=None, preparation_needed=None[0m
Sure! What specific characteristics are you looking for in the rehearsal technique?
I need it to be group-focused, with a duration of around 150 minutes, and a medium intensity level.
  [37mname=None, focus=scene, duration=150, setting=group, intensity=medium, interaction_level=None, experience_required=None, preparation_needed=None[0m
I have a technique called "Scene Study" that focuses on scene work, is group-focused, lasts 150 minutes, and has medium intensity. Would you like to go with that?
That sounds perfect! Can you tell me about the interaction level required?
  [37mname=Scene Study, focus=scene, duration=150, setting=group, intensity=medium, interaction_level=None, experience_required=None, preparation_needed=None[0m
The interaction level for "Scene Study" is moderate. Does that work for you?
Yes, that works! What about the experience required for this technique?
  [37mname=Scene Study, focus=scene, duration=150, setting=group, intensity=medium, interaction_level=moderate, experience_required=None, preparation_needed=None[0m
The experience required for "Scene Study" is advanced. Does that fit your needs?
====================================================================================================
----------------------------------------------------------------------------------------------------
Do we have any female actors in their early thirties available on those dates?
  [37mname=None, experience=None, actor_type=None, availability=None, skills=None, age_range=(30, 39), gender=Female, union_status=None, language=None, location_preference=None, physical_traits=None[0m
Yes, we have Hannah Montana and Diana Prince available, both in their early thirties.
Great! Can you tell me more about their experience and skills?
  [37mname=None, experience=None, actor_type=None, availability=None, skills=None, age_range=(30, 39), gender=Female, union_status=None, language=None, location_preference=None, physical_traits=None[0m
Hannah Montana has 7 years of experience with skills in singing and acting, while Diana Prince has 8 years of experience and excels in stunts and acting.
I'm looking for someone with dancing skills; does either of them have that?
  [37mname=None, experience=None, actor_type=None, availability=None, skills=['singing', 'acting'], age_range=(30, 39), gender=Female, union_status=None, language=None, location_preference=None, physical_traits=None[0m
Only Hannah Montana has dancing skills; Diana Prince does not.
Perfect, let's go with Hannah Montana then! Is she union affiliated?
  [37mname=Hannah Montana, experience=7, actor_type=None, availability=None, skills=['singing', 'acting', 'dancing'], age_range=(30, 39), gender=Female, union_status=None, language=None, location_preference=None, physical_traits=None[0m
Hannah Montana is non-union affiliated.
Hmm, I need a union actor. Can we check if there are any other union female actors available?
  [37mname=None, experience=None, actor_type=None, availability=None, skills=['dancing', 'acting'], age_range=(30, 39), gender=Female, union_status=Union, language=None, location_preference=None, physical_traits=None[0m
Sure! Fiona Gallagher is a union actor available on November 1st and 2nd.
What about Fiona's experience and skills? Does she have dancing skills?
  [37mname=Fiona Gallagher, experience=8, actor_type=None, availability=['November 1', 'November 2'], skills=['acting'], age_range=(30, 39), gender=Female, union_status=Union, language=None, location_preference=None, physical_traits=None[0m
Fiona Gallagher has 6 years of experience and skills in acting and singing, but she does not have dancing skills.
I really need someone with dancing skills. Are there any other union female actors available?
  [37mname=None, experience=None, actor_type=None, availability=['November 1', 'November 2'], skills=['dancing'], age_range=(30, 39), gender=Female, union_status=Union, language=None, location_preference=None, physical_traits=None[0m
Yes, there’s also Alice Johnson, who is union affiliated and has skills in singing and dancing.
What about Alice's experience and availability?
  [37mname=None, experience=None, actor_type=None, availability=['November 1', 'November 2'], skills=['singing', 'dancing'], age_range=(30, 35), gender=Female, union_status=Union, language=None, location_preference=None, physical_traits=None[0m
Alice Johnson has 5 years of experience and is available on November 1st and 5th.
Alice is available on the 5th, but I need to confirm her age; is she within the 30 to 35 age range?
  [37mname=Alice Johnson, experience=5, actor_type=None, availability=['November 1', 'November 5'], skills=['singing', 'dancing'], age_range=(30, 35), gender=Female, union_status=Union, language=None, location_preference=None, physical_traits=None[0m
Alice Johnson is 28 years old, so she is not within the 30 to 35 age range.
Got it, let's keep looking for union actresses in that age range with dancing skills. Any other options?
  [37mname=None, experience=None, actor_type=None, availability=['November 1', 'November 2'], skills=['Singing', 'Dancing'], age_range=(30, 35), gender=Female, union_status=Union, language=None, location_preference=None, physical_traits=None[0m
Unfortunately, there are no other union actresses in their 30s with dancing skills available in the current options.
Alright, let’s adjust the age range a bit. Can we consider actors aged 28 to 35?
  [37mname=None, experience=None, actor_type=None, availability=['November 1', 'November 2', 'November 5'], skills=['dancing', 'singing'], age_range=(28, 35), gender=Female, union_status=Union, language=None, location_preference=None, physical_traits=None[0m
Yes, in that age range, we have Fiona Gallagher (27, but close) and Jessica Jones (29), but she doesn't have dancing skills.
I appreciate the options, but I really need someone with dancing skills. Can we check if there are any union actresses outside of that age range?
  [37mname=None, experience=None, actor_type=None, availability=['November 1', 'November 2', 'November 5'], skills=['dancing', 'singing', 'acting'], age_range=(28, 35), gender=Female, union_status=Union, language=None, location_preference=None, physical_traits=None[0m
Yes, we have Diana Prince, who is 30 and has acting skills, but she doesn't have dancing skills.
I see, so it seems we're limited. Can you confirm if any of these actresses are open to taking dance classes if needed?
  [37mname=None, experience=None, actor_type=None, availability=['November 1', 'November 2', 'November 5'], skills=['dancing', 'singing', 'acting'], age_range=(28, 35), gender=Female, union_status=Union, language=None, location_preference=None, physical_traits=None[0m
Unfortunately, I don't have information on their willingness to take dance classes.
Understood, I might have to go with Hannah Montana despite her non-union status. Can you check her availability one more time?
  [37mname=None, experience=7, actor_type=None, availability=['November 1', 'November 2'], skills=['singing', 'dancing'], age_range=(28, 35), gender=Female, union_status=Non-Union, language=None, location_preference=None, physical_traits=None[0m
Hannah Montana is available on November 4th and 6th.
That's close, but I need her on the 5th. Let's stick with Fiona Gallagher then. Can she manage without dancing skills?
  [37mname=Fiona Gallagher, experience=6, actor_type=None, availability=['November 1', 'November 2'], skills=['acting', 'singing'], age_range=(28, 35), gender=Female, union_status=Union, language=None, location_preference=None, physical_traits=None[0m
Yes, Fiona Gallagher can still be a great choice with her acting and singing skills, even without dancing skills.
Alright, let's finalize Fiona Gallagher then! Thank you!
  [37mname=Fiona Gallagher, experience=6, actor_type=None, availability=['November 1', 'November 2'], skills=['acting', 'singing'], age_range=(28, 35), gender=Female, union_status=Union, language=None, location_preference=None, physical_traits=None[0m
Great choice! You're welcome!
----------------------------------------------------------------------------------------------------
Thanks! Now, can we look for a female actor who fits a theatrical style and can portray sadness?
  [37mname=None, style=Theatrical, emotion=Sad, background=None, age=None, gender=Female, accent=None, physical_traits=None, rehearsal_technique=None, special_skills=Dancing[0m
Sure! We have Ariel and Elsa, both with a theatrical style and portray sadness.
Perfect! Can you tell me about their experience and any special skills they have?
  [37mname=None, style=Theatrical, emotion=Sad, background=None, age=None, gender=Female, accent=None, physical_traits=None, rehearsal_technique=None, special_skills=None[0m
Ariel has 7 years of experience with swimming and singing skills, while Elsa has 6 years of experience and is skilled in singing as well.
Awesome! Does Ariel have any specific accent or physical traits that match the criteria?
  [37mname=None, style=Theatrical, emotion=Sad, background=None, age=None, gender=Female, accent=None, physical_traits=None, rehearsal_technique=None, special_skills=Singing[0m
Yes, Ariel has a Caribbean accent and physical traits of long red hair and a mermaid tail.
That sounds perfect! Let’s go with Ariel then! Can we finalize her for the role?
  [37mname=Ariel, style=Theatrical, emotion=Sad, background=None, age=None, gender=Female, accent=Caribbean, physical_traits=Long red hair and a mermaid tail, rehearsal_technique=None, special_skills=Swimming and singing[0m
Ariel is a great choice! Just to confirm, she is available on November 1st and 2nd.
----------------------------------------------------------------------------------------------------
That’s fantastic! Now, can we find a rehearsal technique focused on improvisation?
  [37mname=None, focus=improvisation, duration=None, setting=None, intensity=None, interaction_level=None, experience_required=None, preparation_needed=None[0m
Absolutely! We have several options for improvisation techniques. Do you have a specific duration or setting in mind?
I prefer a group setting for about 75 minutes. What do we have?
  [37mname=None, focus=improvisation, duration=75, setting=group, intensity=None, interaction_level=None, experience_required=None, preparation_needed=None[0m
We have "Clowning," which is 75 minutes long in a group setting, focusing on improvisation. Would that work for you?
Yes, "Clowning" sounds great! Let's go with that rehearsal technique!
  [37mname=Clowning, focus=improvisation, duration=75, setting=group, intensity=None, interaction_level=None, experience_required=None, preparation_needed=None[0m
Perfect choice! "Clowning" is finalized for your rehearsal technique!
====================================================================================================
Generating dialogues for data/DOTS/train/0280__wardrobe_staples__seasonal_pieces__personalized_style_tips
----------------------------------------------------------------------------------------------------
I'm looking for a business casual staple, preferably in beige.
  [37mname=None, color=beige, material=None, fit=None, occasion=business, season=None, pattern=None, price_range=None, brand=None, size=None[0m
How about the Chino Pants in beige? They’re perfect for business casual!
That sounds great! What material are they made of?
  [37mname=Chino Pants, color=beige, material=None, fit=None, occasion=business, season=None, pattern=None, price_range=None, brand=None, size=None[0m
They’re made of cotton.
Perfect! What fit do they come in?
  [37mname=Chino Pants, color=beige, material=cotton, fit=None, occasion=business, season=None, pattern=None, price_range=None, brand=None, size=None[0m
They come in a regular fit.
Nice! Are they solid or do they have a pattern?
  [37mname=Chino Pants, color=beige, material=cotton, fit=regular, occasion=business, season=None, pattern=None, price_range=None, brand=None, size=None[0m
They have a solid pattern.
Awesome! What's the price range for those Chino Pants?
  [37mname=Chino Pants, color=beige, material=cotton, fit=regular, occasion=business, season=None, pattern=solid, price_range=None, brand=None, size=None[0m
The price range is $60 to $120.
That’s a bit above my range. Can you find something within $50 to $100?
  [37mname=Chino Pants, color=beige, material=cotton, fit=regular, occasion=business, season=None, pattern=solid, price_range=$50 to $100, brand=None, size=None[0m
You might like the Classic White Shirt; it’s in your price range and great for business casual!
Is it available in beige?
  [37mname=Chino Pants, color=beige, material=cotton, fit=regular, occasion=business, season=None, pattern=solid, price_range=$50 to $100, brand=None, size=None[0m
No, it's actually available in white. Would you like to consider another option?
Yes, can you suggest a beige option that fits my criteria?
  [37mname=Chino Pants, color=beige, material=cotton, fit=regular, occasion=business, season=None, pattern=solid, price_range=$50 to $100, brand=None, size=None[0m
The Chino Pants in beige are the only option I have for business casual.
Alright, let's stick with the Chino Pants in beige then!
  [37mname=Chino Pants, color=beige, material=cotton, fit=regular, occasion=business, season=None, pattern=solid, price_range=$50 to $100, brand=None, size=None[0m
Great choice! The Chino Pants in beige it is!
----------------------------------------------------------------------------------------------------
Thanks! Now, can you help me find a long, chic beige piece for summer?
  [37mname=Chino Pants, season=None, style=Business Casual, color=Beige, length=None, material=Cotton, pattern=Solid, budget=100.0[0m
I don’t have a long, chic beige piece for summer, but I can suggest a Floral Maxi Dress in multicolor! Would you like that?
I prefer solid colors. Do you have a long, solid beige dress?
  [37mname=Chino Pants, season=None, style=Casual, color=Beige, length=None, material=Cotton, pattern=Solid, budget=100.0[0m
I don’t have a long, solid beige dress available. Would you like to explore other colors or styles?
Sure, what other solid colors do you have for long dresses?
  [37mname=Chino Pants, season=None, style=Casual, color=beige, length=None, material=Cotton, pattern=Solid, budget=100.0[0m
The only long solid dress I have is the Cashmere Sweater in gray, but it’s not a dress. Would you like to consider it?
I’m looking for a dress specifically. Do you have any other styles or options?
  [37mname=Chino Pants, season=None, style=Casual, color=beige, length=None, material=Cotton, pattern=Solid, budget=100.0[0m
I have a Floral Maxi Dress in multicolor or a Bohemian Midi Dress in blue. Would either of those work?
I’ll go with the Bohemian Midi Dress in blue!
  [37mname=Bohemian Midi Dress, season=Summer, style=Bohemian, color=Blue, length=Medium, material=None, pattern=Solid, budget=None[0m
Excellent choice! The Bohemian Midi Dress in blue it is!
Thank you! So, I have the Chino Pants in beige and the Bohemian Midi Dress in blue. Anything else I need?
  [37mname=Bohemian Midi Dress, season=Summer, style=Bohemian, color=blue, length=Medium, material=None, pattern=None, budget=None[0m
You might consider adding a versatile jacket or a stylish pair of shoes to complete your outfits!
Great idea! What jackets do you recommend?
  [37mname=Bohemian Midi Dress, season=Summer, style=Bohemian, color=blue, length=Long, material=None, pattern=Floral, budget=None[0m
I recommend the Vintage Denim Jacket; it pairs well with both pieces!
That sounds perfect! I’ll take the Vintage Denim Jacket as well!
  [37mname=Vintage Denim Jacket, season=None, style=Vintage, color=None, length=None, material=None, pattern=None, budget=None[0m
Fantastic choice! The Vintage Denim Jacket is all yours!
Awesome! So, to recap: I have the Chino Pants in beige, the Bohemian Midi Dress in blue, and the Vintage Denim Jacket. Thank you!
  [37mname=Bohemian Midi Dress, season=Summer, style=Bohemian, color=blue, length=Long, material=None, pattern=Solid, budget=None[0m
You’re welcome! That’s a great wardrobe selection!
I'm excited to wear them! Thanks for your help!
  [37mname=Vintage Denim Jacket, season=None, style=Vintage, color=None, length=None, material=None, pattern=None, budget=None[0m
I’m glad to hear that! Enjoy your new outfits!
----------------------------------------------------------------------------------------------------
Thanks! Now, can you help me find some personalized style tips?
  [37mname=None, style_preference=bohemian, body_type=None, budget=medium, occasion=None, color_preference=neutral, fabric_preference=cotton, climate=None, ethical_preference=None[0m
Sure! What specific style preferences or occasions do you have in mind?
I prefer casual styles for casual outings.
  [37mname=None, style_preference=casual, body_type=None, budget=None, occasion=casual outing, color_preference=None, fabric_preference=None, climate=None, ethical_preference=None[0m
I recommend the Effortless Weekend Outfit; it’s perfect for casual outings!
What does the Effortless Weekend Outfit include?
  [37mname=Effortless Weekend Outfit, style_preference=casual, body_type=None, budget=None, occasion=casual outing, color_preference=None, fabric_preference=None, climate=None, ethical_preference=None[0m
It typically includes a comfy top and relaxed-fit bottoms, ideal for a laid-back look!
Sounds good! What type of top do you suggest?
  [37mname=None, style_preference=casual, body_type=None, budget=None, occasion=casual outing, color_preference=None, fabric_preference=None, climate=None, ethical_preference=None[0m
A lightweight cotton t-shirt would be a great choice for that outfit!
Perfect! What colors do you recommend for the t-shirt?
  [37mname=Effortless Weekend Outfit, style_preference=casual, body_type=None, budget=None, occasion=casual outing, color_preference=None, fabric_preference=cotton, climate=None, ethical_preference=None[0m
Neutral colors like white, gray, or beige would work well!
I’ll go with a beige lightweight cotton t-shirt!
  [37mname=None, style_preference=casual, body_type=None, budget=None, occasion=casual outing, color_preference=neutral, fabric_preference=cotton, climate=None, ethical_preference=None[0m
Great choice! A beige lightweight cotton t-shirt will complement your outfits nicely!
Thank you! Is there anything else I should consider for casual outings?
  [37mname=None, style_preference=casual, body_type=None, budget=None, occasion=casual outing, color_preference=neutral, fabric_preference=cotton, climate=None, ethical_preference=None[0m
You might want to add some comfortable sneakers or slip-on shoes for a complete casual look!
What styles of sneakers do you recommend?
  [37mname=None, style_preference=casual, body_type=None, budget=medium, occasion=casual outing, color_preference=neutral, fabric_preference=cotton, climate=None, ethical_preference=None[0m
I recommend classic white sneakers or slip-on canvas shoes; they’re versatile and stylish!
I’ll go with classic white sneakers!
  [37mname=None, style_preference=casual, body_type=None, budget=medium, occasion=casual outing, color_preference=neutral, fabric_preference=cotton, climate=None, ethical_preference=None[0m
Excellent choice! Classic white sneakers will look fantastic with your outfits!
====================================================================================================
----------------------------------------------------------------------------------------------------
I'm looking for a formal staple, ideally in black.
  [37mname=None, color=black, material=None, fit=None, occasion=formal, season=None, pattern=None, price_range=None, brand=None, size=None[0m
How about a Little Black Dress or a Tailored Blazer?
I'm leaning towards a Tailored Blazer.
  [37mname=Tailored Blazer, color=black, material=None, fit=None, occasion=formal, season=None, pattern=None, price_range=None, brand=None, size=None[0m
Great choice! It's slim fit and perfect for business occasions. Would you like to know more about it?
Yes, please tell me more about the Tailored Blazer.
  [37mname=Tailored Blazer, color=black, material=None, fit=slim, occasion=business, season=None, pattern=None, price_range=None, brand=None, size=None[0m
It's black, made of linen, priced between $150-$300, and available in size M. Does that sound good?
The price is a bit high; can we find one in cotton?
  [37mname=Tailored Blazer, color=black, material=cotton, fit=slim, occasion=business, season=None, pattern=None, price_range=$150-$300, brand=None, size=M[0m
I don't have a black blazer in cotton, but I can suggest other formal options if you're open to colors.
I'm open to other colors; what do you have in mind?
  [37mname=Tailored Blazer, color=None, material=cotton, fit=slim, occasion=business, season=None, pattern=None, price_range=$150-$300, brand=None, size=M[0m
You could consider the Classic Black Dress or the Formal Trousers in charcoal. Would you like more details on either?
I'd like to hear more about the Formal Trousers in charcoal.
  [37mname=Formal Trousers, color=charcoal, material=None, fit=None, occasion=formal, season=None, pattern=None, price_range=None, brand=None, size=None[0m
They're slim fit, made of wool, priced between $80-$160, and available in size 30. How does that sound?
I need them in size M; do you have that option?
  [37mname=Formal Trousers, color=charcoal, material=wool, fit=slim, occasion=formal, season=None, pattern=None, price_range=$80-$160, brand=None, size=M[0m
Unfortunately, the Formal Trousers are only available in size 30. Would you like to consider the Classic Black Dress instead?
Yes, let's hear more about the Classic Black Dress.
  [37mname=Classic Black Dress, color=black, material=None, fit=None, occasion=formal, season=None, pattern=None, price_range=None, brand=None, size=None[0m
It's made of cotton, has a regular fit, priced between $80-$150, and is available in size M. Interested?
That sounds perfect! I'm interested in the Classic Black Dress.
  [37mname=Classic Black Dress, color=black, material=cotton, fit=regular, occasion=formal, season=None, pattern=None, price_range=$80-$150, brand=None, size=M[0m
Awesome choice! I'll mark the Classic Black Dress for you.
----------------------------------------------------------------------------------------------------
Thanks! Now, can we find a casual piece for Spring?
  [37mname=Classic Black Dress, season=None, style=Formal, color=Black, length=None, material=Cotton, pattern=None, budget=None[0m
Sure! How about the Spring Floral Dress? Would you like to know more about it?
Yes, tell me more about the Spring Floral Dress.
  [37mname=Spring Floral Dress, season=Spring, style=Casual, color=None, length=None, material=None, pattern=Floral, budget=None[0m
It's green, made of linen, priced at $80, and has a short length. Does that work for you?
That sounds great! I'm interested in the Spring Floral Dress.
  [37mname=Spring Floral Dress, season=Spring, style=Casual, color=Green, length=Short, material=Linen, pattern=Floral, budget=80.0[0m
Perfect! I’ll mark the Spring Floral Dress for you as well.
----------------------------------------------------------------------------------------------------
Thanks! Now, can you help me find some sporty style tips?
  [37mname=None, style_preference=formal, body_type=None, budget=medium, occasion=None, color_preference=None, fabric_preference=cotton, climate=None, ethical_preference=None[0m
Absolutely! Are you looking for something casual or more for activewear?
I'm looking for something casual.
  [37mname=None, style_preference=casual, body_type=None, budget=None, occasion=None, color_preference=None, fabric_preference=cotton, climate=None, ethical_preference=None[0m
How about the Sporty Weekend Wear? It's perfect for casual outings. Would you like more details?
Yes, please share more details about the Sporty Weekend Wear.
  [37mname=None, style_preference=formal, body_type=None, budget=medium, occasion=work, color_preference=None, fabric_preference=cotton, climate=None, ethical_preference=None[0m
It's made of synthetic fabric, budget-friendly, and available in size M. Does that sound good?
I prefer cotton; do you have a cotton option?
  [37mname=None, style_preference=formal, body_type=None, budget=medium, occasion=work, color_preference=None, fabric_preference=cotton, climate=None, ethical_preference=None[0m
Yes, we have Casual Activewear in cotton. Would you like more details about that?
Yes, tell me more about the Casual Activewear in cotton.
  [37mname=None, style_preference=formal, body_type=None, budget=medium, occasion=work, color_preference=None, fabric_preference=cotton, climate=None, ethical_preference=None[0m
It's budget-friendly, suitable for casual outings, and available in size M. Interested?
Yes, I'm interested in the Casual Activewear in cotton!
  [37mname=None, style_preference=formal, body_type=None, budget=medium, occasion=work, color_preference=None, fabric_preference=cotton, climate=None, ethical_preference=None[0m
Great choice! I'll mark the Casual Activewear in cotton for you.
Thank you! I appreciate your help with my wardrobe!
  [37mname=None, style_preference=formal, body_type=None, budget=medium, occasion=work, color_preference=neutral, fabric_preference=cotton, climate=None, ethical_preference=None[0m
You're very welcome! Enjoy your new wardrobe pieces!
Thanks! I'm excited to wear them!
  [37mname=None, style_preference=formal, body_type=None, budget=medium, occasion=work, color_preference=None, fabric_preference=cotton, climate=None, ethical_preference=None[0m
That's wonderful to hear! Have fun styling your new looks!
I will! Thanks again for your help!
  [37mname=None, style_preference=formal, body_type=None, budget=medium, occasion=work, color_preference=None, fabric_preference=cotton, climate=None, ethical_preference=None[0m
Anytime! Take care and happy styling!
You too! Bye!
  [37mname=None, style_preference=formal, body_type=None, budget=medium, occasion=work, color_preference=None, fabric_preference=cotton, climate=None, ethical_preference=None[0m
Bye! Enjoy your day!
You too! Bye!
  [37mname=None, style_preference=formal, body_type=None, budget=medium, occasion=work, color_preference=None, fabric_preference=cotton, climate=None, ethical_preference=None[0m
Bye!
Bye!
  [37mname=None, style_preference=formal, body_type=None, budget=medium, occasion=work, color_preference=neutral, fabric_preference=cotton, climate=None, ethical_preference=None[0m
Goodbye!
Goodbye!
  [37mname=None, style_preference=formal, body_type=None, budget=medium, occasion=work, color_preference=None, fabric_preference=cotton, climate=None, ethical_preference=None[0m
Take care!
You too!
  [37mname=None, style_preference=formal, body_type=None, budget=medium, occasion=work, color_preference=None, fabric_preference=cotton, climate=None, ethical_preference=None[0m
Thank you!
You're welcome!
  [37mname=None, style_preference=formal, body_type=None, budget=medium, occasion=work, color_preference=neutral, fabric_preference=cotton, climate=None, ethical_preference=None[0m
I appreciate it!
Glad to hear that!
  [37mname=None, style_preference=formal, body_type=None, budget=medium, occasion=work, color_preference=None, fabric_preference=cotton, climate=None, ethical_preference=None[0m
Thank you!
You're welcome!
  [37mname=None, style_preference=formal, body_type=None, budget=medium, occasion=work, color_preference=None, fabric_preference=cotton, climate=None, ethical_preference=None[0m
Thanks again!
Anytime!
  [37mname=None, style_preference=formal, body_type=None, budget=medium, occasion=work, color_preference=None, fabric_preference=cotton, climate=None, ethical_preference=None[0m
I appreciate it!
Happy to help!
  [37mname=None, style_preference=formal, body_type=None, budget=medium, occasion=work, color_preference=None, fabric_preference=cotton, climate=None, ethical_preference=None[0m
That's great to hear!
I'm glad you think so!
  [37mname=None, style_preference=formal, body_type=None, budget=medium, occasion=work, color_preference=None, fabric_preference=cotton, climate=None, ethical_preference=None[0m
Absolutely!
Awesome!
  [37mname=None, style_preference=formal, body_type=None, budget=medium, occasion=work, color_preference=None, fabric_preference=cotton, climate=None, ethical_preference=None[0m
Yes, it is!
Definitely!
  [37mname=None, style_preference=formal, body_type=None, budget=medium, occasion=work, color_preference=neutral, fabric_preference=cotton, climate=None, ethical_preference=None[0m
For sure!
Exactly!
  [37mname=None, style_preference=formal, body_type=None, budget=medium, occasion=work, color_preference=neutral, fabric_preference=cotton, climate=None, ethical_preference=None[0m
Exactly!
Right!
  [37mname=None, style_preference=formal, body_type=None, budget=medium, occasion=work, color_preference=None, fabric_preference=cotton, climate=None, ethical_preference=None[0m
Exactly right!
Couldn't agree more!
  [37mname=None, style_preference=formal, body_type=None, budget=medium, occasion=work, color_preference=None, fabric_preference=cotton, climate=None, ethical_preference=None[0m
Same here!
Great to hear!
  [37mname=None, style_preference=formal, body_type=None, budget=medium, occasion=work, color_preference=None, fabric_preference=cotton, climate=None, ethical_preference=None[0m
I'm glad you think so!
Absolutely!
  [37mname=None, style_preference=formal, body_type=None, budget=medium, occasion=work, color_preference=neutral, fabric_preference=cotton, climate=None, ethical_preference=None[0m
Totally!
For sure!
  [37mname=None, style_preference=formal, body_type=None, budget=medium, occasion=work, color_preference=None, fabric_preference=cotton, climate=None, ethical_preference=None[0m
Definitely!
Exactly!
  [37mname=None, style_preference=formal, body_type=None, budget=medium, occasion=work, color_preference=None, fabric_preference=cotton, climate=None, ethical_preference=None[0m
Exactly!
Right on!
  [37mname=None, style_preference=formal, body_type=None, budget=medium, occasion=work, color_preference=neutral, fabric_preference=cotton, climate=None, ethical_preference=None[0m
Right on!
====================================================================================================
----------------------------------------------------------------------------------------------------
I'm looking for a slim-fit black party outfit.
  [37mname=None, color=black, material=None, fit=slim, occasion=party, season=None, pattern=None, price_range=None, brand=None, size=None[0m
I have a couple of options for you; are you open to different materials?
Yes, I'm open to different materials.
  [37mname=None, color=black, material=None, fit=slim, occasion=party, season=None, pattern=None, price_range=None, brand=None, size=None[0m
You might like the Elegant Black Dress in silk or the Chic Black Dress in velvet; which one sounds better?
The Elegant Black Dress in silk sounds great!
  [37mname=Elegant Black Dress, color=black, material=silk, fit=slim, occasion=party, season=None, pattern=None, price_range=None, brand=None, size=None[0m
Perfect choice! It’s a beautiful piece. Would you like to know more about it?
Yes, I’d love to hear more about it!
  [37mname=Elegant Black Dress, color=black, material=silk, fit=slim, occasion=party, season=None, pattern=None, price_range=None, brand=None, size=None[0m
The Elegant Black Dress is slim fit, made of silk, suitable for parties, priced between $120-$220, and it's a size S.
That sounds fantastic! Can you tell me if it has any specific patterns or designs?
  [37mname=Elegant Black Dress, color=black, material=silk, fit=slim, occasion=party, season=None, pattern=None, price_range=$120-$220, brand=None, size=S[0m
It has a solid pattern, which makes it very versatile and timeless!
That sounds perfect! I think I'm ready to finalize my choice.
  [37mname=Elegant Black Dress, color=black, material=silk, fit=slim, occasion=party, season=None, pattern=solid, price_range=$120-$220, brand=None, size=S[0m
Great! The Elegant Black Dress is all yours. Enjoy your new outfit!
----------------------------------------------------------------------------------------------------
Thanks! Now, can we look for a chic black dress as well?
  [37mname=Elegant Black Dress, season=None, style=Chic, color=Black, length=None, material=Silk, pattern=Solid, budget=220.0[0m
Sure! Are you looking for any specific details like length or material for the chic black dress?
Yes, I prefer it to be short and made of silk.
  [37mname=Chic Black Dress, season=None, style=Chic, color=Black, length=Short, material=Silk, pattern=None, budget=None[0m
I have the Chic Black Dress in silk, it's short and stylish! Would you like to go for that?
Absolutely, that sounds perfect!
  [37mname=Chic Black Dress, season=None, style=Chic, color=Black, length=Short, material=Silk, pattern=None, budget=None[0m
Awesome choice! The Chic Black Dress is yours as well. Enjoy!
Thank you so much! I can't wait to wear them!
  [37mname=Chic Black Dress, season=None, style=Chic, color=Black, length=Short, material=Silk, pattern=None, budget=None[0m
You're very welcome! Have fun styling them!
I will, thanks again!
  [37mname=Chic Black Dress, season=None, style=Chic, color=Black, length=Short, material=Silk, pattern=None, budget=None[0m
Anytime! Take care and enjoy your outfits!
You too! Bye!
  [37mname=Chic Black Dress, season=None, style=Chic, color=Black, length=Short, material=Silk, pattern=None, budget=None[0m
Bye!
Bye!
  [37mname=Chic Black Dress, season=None, style=Chic, color=Black, length=Short, material=Silk, pattern=None, budget=None[0m
See you!
See you!
  [37mname=Chic Black Dress, season=None, style=Chic, color=Black, length=Short, material=Silk, pattern=None, budget=None[0m
Take care!
You too!
  [37mname=Chic Black Dress, season=None, style=Chic, color=Black, length=Short, material=Silk, pattern=None, budget=None[0m
Thanks!
----------------------------------------------------------------------------------------------------
Absolutely! I need help finding some casual outfits.
  [37mname=None, style_preference=casual, body_type=None, budget=None, occasion=None, color_preference=None, fabric_preference=silk, climate=None, ethical_preference=None[0m
Sure! What specific style or colors do you have in mind for your casual outfits?
I prefer cool colors and a relaxed fit.
  [37mname=None, style_preference=casual, body_type=None, budget=None, occasion=None, color_preference=cool, fabric_preference=None, climate=None, ethical_preference=None[0m
Great! How about a Relaxed Fit Jumpsuit or a Classic Denim Jacket? Which one sounds better?
I like the Relaxed Fit Jumpsuit!
  [37mname=None, style_preference=casual, body_type=None, budget=None, occasion=None, color_preference=cool, fabric_preference=None, climate=None, ethical_preference=None[0m
Excellent choice! The Relaxed Fit Jumpsuit is stylish and comfortable. Would you like to know more about it?
Yes, please tell me more!
  [37mname=None, style_preference=casual, body_type=None, budget=None, occasion=casual outing, color_preference=cool, fabric_preference=silk, climate=None, ethical_preference=None[0m
The Relaxed Fit Jumpsuit is made of cotton, suitable for casual outings, and comes in a neutral color palette.
That sounds perfect! What’s the price range?
  [37mname=None, style_preference=casual, body_type=None, budget=None, occasion=casual outing, color_preference=cool, fabric_preference=cotton, climate=None, ethical_preference=None[0m
It's budget-friendly, falling into the low category, around $40 to $80.
That’s great! I’d love to finalize that choice!
  [37mname=None, style_preference=casual, body_type=None, budget=low, occasion=casual outing, color_preference=cool, fabric_preference=cotton, climate=None, ethical_preference=None[0m
Fantastic! The Relaxed Fit Jumpsuit is yours. Enjoy wearing it!
Thank you! I can't wait to wear it!
  [37mname=None, style_preference=casual, body_type=None, budget=low, occasion=casual outing, color_preference=cool, fabric_preference=cotton, climate=None, ethical_preference=None[0m
You're welcome! Have fun styling it!
I will, thanks again!
  [37mname=None, style_preference=casual, body_type=None, budget=low, occasion=casual outing, color_preference=cool, fabric_preference=cotton, climate=None, ethical_preference=None[0m
Anytime! Enjoy!
Will do! Bye!
  [37mname=None, style_preference=casual, body_type=None, budget=low, occasion=casual outing, color_preference=cool, fabric_preference=cotton, climate=None, ethical_preference=None[0m
Bye!
Bye!
  [37mname=None, style_preference=casual, body_type=None, budget=low, occasion=casual outing, color_preference=cool, fabric_preference=cotton, climate=None, ethical_preference=None[0m
See you!
See you!
  [37mname=None, style_preference=casual, body_type=None, budget=low, occasion=casual outing, color_preference=cool, fabric_preference=cotton, climate=None, ethical_preference=None[0m
Take care!
You too!
  [37mname=None, style_preference=casual, body_type=None, budget=low, occasion=casual outing, color_preference=cool, fabric_preference=cotton, climate=None, ethical_preference=None[0m
Thanks!
You're welcome!
  [37mname=None, style_preference=casual, body_type=None, budget=low, occasion=casual outing, color_preference=cool, fabric_preference=cotton, climate=None, ethical_preference=None[0m
I appreciate it!
====================================================================================================
----------------------------------------------------------------------------------------------------
I'm looking for something floral for a summer party.
  [37mname=None, color=None, material=None, fit=None, occasion=party, season=summer, pattern=floral, price_range=None, brand=None, size=None[0m
How about a Summer Dress or a Floral Maxi Dress?
A Floral Maxi Dress sounds great! What material are you thinking?
  [37mname=Floral Maxi Dress, color=None, material=None, fit=None, occasion=party, season=summer, pattern=floral, price_range=None, brand=None, size=None[0m
The Floral Maxi Dress is made of linen.
Perfect! Do you have a specific fit in mind, like loose, regular, or slim?
  [37mname=Floral Maxi Dress, color=None, material=linen, fit=None, occasion=party, season=summer, pattern=floral, price_range=None, brand=None, size=None[0m
The Floral Maxi Dress has a regular fit.
Awesome choice! What's your price range for the dress?
  [37mname=Floral Maxi Dress, color=None, material=linen, fit=regular, occasion=party, season=summer, pattern=floral, price_range=None, brand=None, size=None[0m
The price range for the Floral Maxi Dress is $40 to $80.
Got it! Do you have a preferred brand for the dress?
  [37mname=Floral Maxi Dress, color=None, material=linen, fit=regular, occasion=party, season=summer, pattern=floral, price_range=$40 to $80, brand=None, size=None[0m
The Floral Maxi Dress is from Brand A.
Great choice! What size do you need for the Floral Maxi Dress?
  [37mname=Floral Maxi Dress, color=floral, material=linen, fit=regular, occasion=party, season=summer, pattern=None, price_range=$40 to $80, brand=Brand A, size=None[0m
The Floral Maxi Dress is available in size M.
Everything sounds perfect! Are you ready to finalize the Floral Maxi Dress?
  [37mname=Floral Maxi Dress, color=None, material=linen, fit=regular, occasion=party, season=summer, pattern=floral, price_range=$40 to $80, brand=Brand A, size=M[0m
Yes, let's finalize the Floral Maxi Dress!
Fantastic! You've chosen a Floral Maxi Dress in linen, regular fit, from Brand A, size M, priced between $40 and $80 for a summer party. Enjoy your new wardrobe staple!
  [37mname=Floral Maxi Dress, color=None, material=linen, fit=regular, occasion=party, season=summer, pattern=floral, price_range=$40 to $80, brand=Brand A, size=M[0m
Thank you! Enjoy your fabulous new dress!
----------------------------------------------------------------------------------------------------
Thanks! Now, can we look for a casual checked flannel shirt?
  [37mname=Floral Maxi Dress, season=Summer, style=Casual, color=None, length=Long, material=Linen, pattern=Floral, budget=80.0[0m
Sure! Do you have a specific color or price range in mind for the checked flannel shirt?
I'm open to any colors, and a budget of $30 to $60 would be great.
  [37mname=Checked Flannel Shirt, season=None, style=Casual, color=None, length=None, material=None, pattern=Checked, budget=60.0[0m
I have a couple of options: there's a Checked Shirt in Blue for $40 and another in Red for $45. Which one do you prefer?
I think I’ll go with the Checked Shirt in Blue for $40.
  [37mname=Checked Shirt, season=None, style=Casual, color=Blue, length=None, material=None, pattern=Checked, budget=60.0[0m
Great choice! The Checked Shirt in Blue for $40 is all set!
----------------------------------------------------------------------------------------------------
Thanks! Now, can we find some casual style tips that suit my pear body type?
  [37mname=None, style_preference=casual, body_type=pear, budget=medium, occasion=casual outing, color_preference=None, fabric_preference=None, climate=None, ethical_preference=None[0m
Sure! Are you looking for tips on specific occasions, like casual outings or something else?
Casual outings would be perfect! What do you suggest?
  [37mname=None, style_preference=casual, body_type=pear, budget=medium, occasion=casual outing, color_preference=None, fabric_preference=None, climate=None, ethical_preference=None[0m
I recommend the "Tropical Vibes" style tip, which is great for casual outings and suits a pear body type.
That sounds perfect! What does the "Tropical Vibes" style tip include?
  [37mname=Tropical Vibes, style_preference=casual, body_type=pear, budget=medium, occasion=casual outing, color_preference=None, fabric_preference=None, climate=None, ethical_preference=None[0m
The "Tropical Vibes" style tip includes a warm color palette, cotton fabric, and it's suitable for tropical climates.
I love it! Can we finalize the "Tropical Vibes" style tip?
  [37mname=Tropical Vibes, style_preference=casual, body_type=pear, budget=medium, occasion=casual outing, color_preference=warm, fabric_preference=cotton, climate=tropical, ethical_preference=None[0m
Yes, let's finalize the "Tropical Vibes" style tip!
====================================================================================================
----------------------------------------------------------------------------------------------------
I'm looking for a business staple in charcoal color.
  [37mname=None, color=charcoal, material=None, fit=None, occasion=business, season=None, pattern=None, price_range=None, brand=None, size=None[0m
I have two options: Chinos and Formal Trousers in charcoal. Which one do you prefer?
I prefer the Formal Trousers.
  [37mname=Formal Trousers, color=charcoal, material=None, fit=None, occasion=business, season=None, pattern=None, price_range=None, brand=None, size=None[0m
Great choice! The Formal Trousers are slim fit and made of wool. Would you like to know the price range?
Yes, please share the price range!
  [37mname=Formal Trousers, color=charcoal, material=wool, fit=slim, occasion=business, season=None, pattern=None, price_range=None, brand=None, size=None[0m
The price range for the Formal Trousers is $80 to $160. Does that work for you?
That's slightly above my budget; I was hoping for $60 to $120.
  [37mname=Formal Trousers, color=charcoal, material=wool, fit=slim, occasion=business, season=None, pattern=None, price_range=$60 to $120, brand=None, size=None[0m
In that case, the Chinos in charcoal fit your budget at $60 to $120. Would you like to go with those?
Yes, the Chinos sound perfect!
  [37mname=Chinos, color=charcoal, material=None, fit=slim, occasion=business, season=None, pattern=None, price_range=$60 to $120, brand=None, size=None[0m
Awesome! The Chinos are regular fit and made of cotton. You're all set!
----------------------------------------------------------------------------------------------------
Thanks! Now, can we look for a long floral piece for summer?
  [37mname=Chinos, season=Summer, style=None, color=Charcoal, length=Long, material=Cotton, pattern=Floral, budget=120.0[0m
Sure! I have two options: a Summer Dress and a Floral Maxi Dress. Which one do you prefer?
I think I'd prefer the Floral Maxi Dress.
  [37mname=Floral Maxi Dress, season=Summer, style=None, color=None, length=Long, material=None, pattern=Floral, budget=None[0m
Great choice! The Floral Maxi Dress is long, made of cotton, and priced at $85. Does that work for you?
Yes, that fits perfectly within my budget!
  [37mname=Floral Maxi Dress, season=Summer, style=None, color=None, length=Long, material=Cotton, pattern=Floral, budget=85.0[0m
Fantastic! You've chosen the Floral Maxi Dress. You're all set for summer!
----------------------------------------------------------------------------------------------------
Thanks! Now, can you help me find some formal options for a party?
  [37mname=None, style_preference=formal, body_type=None, budget=medium, occasion=party, color_preference=None, fabric_preference=cotton, climate=None, ethical_preference=None[0m
Absolutely! Are you looking for a specific color or style for the formal options?
I'm looking for neutral colors, ideally something in silk.
  [37mname=None, style_preference=formal, body_type=None, budget=medium, occasion=party, color_preference=neutral, fabric_preference=silk, climate=None, ethical_preference=None[0m
I have a couple of options: the Elegant Evening Dress and the Elegant Evening. Would you like to know more about one of them?
Yes, tell me more about the Elegant Evening Dress!
  [37mname=None, style_preference=formal, body_type=None, budget=medium, occasion=party, color_preference=neutral, fabric_preference=silk, climate=None, ethical_preference=None[0m
The Elegant Evening Dress is in a neutral color, made of silk, suitable for an inverted triangle body type, and priced high. Would you like to go with it?
Could you share the price range for the Elegant Evening Dress?
  [37mname=None, style_preference=formal, body_type=inverted triangle, budget=medium, occasion=party, color_preference=neutral, fabric_preference=silk, climate=None, ethical_preference=None[0m
The price range for the Elegant Evening Dress is $150 to $250. Does that work for you?
That's a bit above my budget; I was hoping for something around $100 to $180.
  [37mname=None, style_preference=formal, body_type=inverted triangle, budget=medium, occasion=party, color_preference=neutral, fabric_preference=silk, climate=None, ethical_preference=None[0m
In that case, the Elegant Evening could be a better fit at $100 to $180. Would you like to choose that one?
Yes, the Elegant Evening sounds great!
  [37mname=None, style_preference=formal, body_type=inverted triangle, budget=medium, occasion=party, color_preference=neutral, fabric_preference=silk, climate=None, ethical_preference=None[0m
Perfect choice! The Elegant Evening is all set for your party!
Thanks so much! Can we find some accessories to go with it?
  [37mname=None, style_preference=formal, body_type=inverted triangle, budget=medium, occasion=party, color_preference=neutral, fabric_preference=silk, climate=None, ethical_preference=None[0m
Of course! Are you looking for specific types of accessories, like jewelry or bags?
I'm mainly interested in jewelry to complement the dress.
  [37mname=None, style_preference=formal, body_type=inverted triangle, budget=medium, occasion=party, color_preference=neutral, fabric_preference=silk, climate=None, ethical_preference=None[0m
How about some statement earrings or a delicate necklace? Which style do you prefer?
I prefer statement earrings to make a bold impression.
  [37mname=None, style_preference=formal, body_type=inverted triangle, budget=medium, occasion=party, color_preference=neutral, fabric_preference=silk, climate=None, ethical_preference=None[0m
Great choice! Would you like them in gold or silver?
I’d like them in gold, please.
  [37mname=None, style_preference=formal, body_type=inverted triangle, budget=medium, occasion=party, color_preference=neutral, fabric_preference=silk, climate=None, ethical_preference=None[0m
Perfect! Gold statement earrings will look stunning with your Elegant Evening Dress. You're all set!
Thank you! I'm excited about the whole outfit!
  [37mname=None, style_preference=formal, body_type=inverted triangle, budget=medium, occasion=party, color_preference=neutral, fabric_preference=silk, climate=None, ethical_preference=None[0m
You're welcome! I'm excited for you too! Enjoy your new look!
Thanks! I can't wait to wear it!
  [37mname=None, style_preference=formal, body_type=inverted triangle, budget=medium, occasion=party, color_preference=neutral, fabric_preference=silk, climate=None, ethical_preference=None[0m
You're going to look amazing! Have a great time!
Thank you! I appreciate your help!
  [37mname=None, style_preference=formal, body_type=inverted triangle, budget=medium, occasion=party, color_preference=neutral, fabric_preference=silk, climate=None, ethical_preference=None[0m
Anytime! I'm glad I could help!
You're the best! Thanks again!
  [37mname=None, style_preference=formal, body_type=inverted triangle, budget=medium, occasion=party, color_preference=neutral, fabric_preference=silk, climate=None, ethical_preference=None[0m
You're too kind! Enjoy your outfit!
Will do! Bye for now!
  [37mname=None, style_preference=formal, body_type=inverted triangle, budget=medium, occasion=party, color_preference=neutral, fabric_preference=silk, climate=None, ethical_preference=None[0m
Bye! Take care!
You too! Bye!
  [37mname=None, style_preference=formal, body_type=inverted triangle, budget=medium, occasion=party, color_preference=neutral, fabric_preference=silk, climate=None, ethical_preference=None[0m
Bye!
Bye!
  [37mname=None, style_preference=formal, body_type=inverted triangle, budget=medium, occasion=party, color_preference=neutral, fabric_preference=silk, climate=None, ethical_preference=None[0m
Bye!
Bye!
  [37mname=None, style_preference=formal, body_type=inverted triangle, budget=medium, occasion=party, color_preference=neutral, fabric_preference=silk, climate=None, ethical_preference=None[0m
Bye!
Bye!
  [37mname=None, style_preference=formal, body_type=inverted triangle, budget=medium, occasion=party, color_preference=neutral, fabric_preference=silk, climate=None, ethical_preference=None[0m
Bye!
Bye!
  [37mname=None, style_preference=formal, body_type=inverted triangle, budget=medium, occasion=party, color_preference=neutral, fabric_preference=silk, climate=None, ethical_preference=None[0m
Bye!
Bye!
  [37mname=None, style_preference=formal, body_type=inverted triangle, budget=medium, occasion=party, color_preference=neutral, fabric_preference=silk, climate=None, ethical_preference=None[0m
Bye!
Bye!
  [37mname=None, style_preference=formal, body_type=inverted triangle, budget=medium, occasion=party, color_preference=neutral, fabric_preference=silk, climate=None, ethical_preference=None[0m
Bye!
Bye!
  [37mname=None, style_preference=formal, body_type=inverted triangle, budget=medium, occasion=party, color_preference=neutral, fabric_preference=silk, climate=None, ethical_preference=None[0m
Bye!
Bye!
  [37mname=None, style_preference=formal, body_type=inverted triangle, budget=medium, occasion=party, color_preference=neutral, fabric_preference=silk, climate=None, ethical_preference=None[0m
Bye!
Bye!
  [37mname=None, style_preference=formal, body_type=inverted triangle, budget=medium, occasion=party, color_preference=neutral, fabric_preference=silk, climate=None, ethical_preference=None[0m
Bye!
Bye!
  [37mname=None, style_preference=formal, body_type=inverted triangle, budget=medium, occasion=party, color_preference=neutral, fabric_preference=silk, climate=None, ethical_preference=None[0m
Bye!
Bye!
  [37mname=None, style_preference=formal, body_type=inverted triangle, budget=medium, occasion=party, color_preference=neutral, fabric_preference=silk, climate=None, ethical_preference=None[0m
Bye!
Bye!
  [37mname=None, style_preference=formal, body_type=inverted triangle, budget=medium, occasion=party, color_preference=neutral, fabric_preference=silk, climate=None, ethical_preference=None[0m
Bye!
Bye!
  [37mname=None, style_preference=formal, body_type=inverted triangle, budget=medium, occasion=party, color_preference=neutral, fabric_preference=silk, climate=None, ethical_preference=None[0m
Bye!
Bye!
  [37mname=None, style_preference=formal, body_type=inverted triangle, budget=medium, occasion=party, color_preference=neutral, fabric_preference=silk, climate=None, ethical_preference=None[0m
Bye!
====================================================================================================
----------------------------------------------------------------------------------------------------
I'm looking for a slim fit, khaki linen piece for business in the fall.
  [37mname=None, color=khaki, material=linen, fit=slim, occasion=business, season=fall, pattern=None, price_range=None, brand=None, size=None[0m
I have a slim fit khaki linen option for business in the fall; it's called Chino Pants. Would you like to know more about it?
Yes, please tell me more about the Chino Pants!
  [37mname=Chino Pants, color=khaki, material=linen, fit=slim, occasion=business, season=fall, pattern=None, price_range=None, brand=None, size=None[0m
These khaki linen Chino Pants are priced between $70 and $130. They are perfect for business occasions. Does that sound good?
That sounds great! What size do they come in?
  [37mname=Chino Pants, color=khaki, material=linen, fit=slim, occasion=business, season=fall, pattern=None, price_range=$70 - $130, brand=None, size=None[0m
They come in size 30. Would that fit you?
Yes, size 30 works for me!
  [37mname=Chino Pants, color=khaki, material=linen, fit=slim, occasion=business, season=fall, pattern=None, price_range=$70 - $130, brand=None, size=30[0m
Awesome! So, would you like to go ahead with the khaki linen Chino Pants?
Yes, let's go ahead with the khaki linen Chino Pants!
  [37mname=Chino Pants, color=khaki, material=linen, fit=slim, occasion=business, season=fall, pattern=None, price_range=$70 - $130, brand=None, size=30[0m
Great choice! The khaki linen Chino Pants are all set for you.
----------------------------------------------------------------------------------------------------
Thanks! Now, can we find a formal khaki linen shirt to go with the Chino Pants?
  [37mname=Chino Pants, season=Autumn, style=Formal, color=Khaki, length=None, material=Linen, pattern=None, budget=130.0[0m
I don't have a formal khaki linen shirt available, but would you like to consider a different color or style?
Sure, how about a white linen shirt instead?
  [37mname=Chino Pants, season=Autumn, style=Formal, color=Khaki, length=None, material=Linen, pattern=None, budget=130.0[0m
I don't have a white linen shirt, but I do have a Striped Button-Up Shirt in white and blue. Would that work for you?
Yes, a striped button-up shirt in white and blue sounds good!
  [37mname=Striped Button-Up Shirt, season=Autumn, style=Formal, color=White and Blue, length=None, material=Linen, pattern=Striped, budget=None[0m
Perfect! The Striped Button-Up Shirt is priced at $55. Would you like to go ahead with that?
Yes, let's go ahead with the Striped Button-Up Shirt!
  [37mname=Striped Button-Up Shirt, season=None, style=Formal, color=White and Blue, length=None, material=None, pattern=Striped, budget=55.0[0m
Great choice! The Striped Button-Up Shirt is all set for you.
Thank you! I'm excited about my new outfit!
  [37mname=Striped Button-Up Shirt, season=None, style=Formal, color=White and Blue, length=None, material=Linen, pattern=Striped, budget=55.0[0m
You're welcome! I'm excited for you too! Enjoy your new outfit!
----------------------------------------------------------------------------------------------------
Thanks! By the way, could you help me find some personalized style tips for a party?
  [37mname=None, style_preference=formal, body_type=None, budget=medium, occasion=party, color_preference=None, fabric_preference=linen, climate=None, ethical_preference=None[0m
Of course! What style or body type are you looking for in your party outfit?
I'm looking for a formal style, and my body type is pear.
  [37mname=None, style_preference=formal, body_type=pear, budget=None, occasion=party, color_preference=None, fabric_preference=None, climate=None, ethical_preference=None[0m
I have a couple of options for a formal style that suits a pear body type: the Chic Cocktail Dress and the Elegant Evening Dress. Would you like details on both?
Yes, please share the details on both dresses!
  [37mname=None, style_preference=formal, body_type=pear, budget=None, occasion=party, color_preference=None, fabric_preference=None, climate=None, ethical_preference=None[0m
The Chic Cocktail Dress is medium budget, warm color palette, and made of silk, perfect for parties. The Elegant Evening Dress is high budget, also warm, and made of silk. Which one do you prefer?
I think I prefer the Chic Cocktail Dress since it's medium budget.
  [37mname=None, style_preference=formal, body_type=pear, budget=medium, occasion=party, color_preference=warm, fabric_preference=silk, climate=None, ethical_preference=None[0m
Great choice! The Chic Cocktail Dress is all set for you!
Thank you! I'm really looking forward to wearing it!
  [37mname=None, style_preference=formal, body_type=pear, budget=medium, occasion=party, color_preference=warm, fabric_preference=silk, climate=None, ethical_preference=None[0m
You're welcome! Enjoy wearing your new dress!
Thanks! I appreciate your help!
  [37mname=None, style_preference=formal, body_type=pear, budget=medium, occasion=party, color_preference=warm, fabric_preference=silk, climate=None, ethical_preference=None[0m
Anytime! I'm glad to help!
You're the best!
  [37mname=None, style_preference=formal, body_type=pear, budget=medium, occasion=party, color_preference=warm, fabric_preference=silk, climate=None, ethical_preference=None[0m
Thank you! You're awesome too!
Thanks! Let's do this again sometime!
  [37mname=None, style_preference=formal, body_type=pear, budget=medium, occasion=party, color_preference=warm, fabric_preference=silk, climate=None, ethical_preference=None[0m
Absolutely! Looking forward to it!
====================================================================================================
----------------------------------------------------------------------------------------------------
I'm looking for some casual summer wardrobe staples.
  [37mname=None, color=None, material=None, fit=None, occasion=casual, season=summer, pattern=None, price_range=None, brand=None, size=None[0m
Do you prefer any specific colors or fits for your summer staples?
I don't have a preference for color or fit.
  [37mname=None, color=None, material=None, fit=None, occasion=casual, season=summer, pattern=None, price_range=None, brand=None, size=None[0m
Great! How about a Graphic T-Shirt or Cargo Shorts? Would you like details on either?
I’d love to hear more about the Graphic T-Shirt.
  [37mname=Graphic T-Shirt, color=None, material=None, fit=None, occasion=casual, season=summer, pattern=None, price_range=None, brand=None, size=None[0m
The Graphic T-Shirt is gray, made of cotton, has a loose fit, and is priced between $20-$50. How does that sound?
That sounds good, but I prefer a price range of $30-$50.
  [37mname=Graphic T-Shirt, color=gray, material=cotton, fit=loose, occasion=casual, season=summer, pattern=None, price_range=$30-$50, brand=None, size=None[0m
In that case, I recommend the Cargo Shorts in olive, priced at $25-$55. Would you like to go with those?
I’m interested, but I need to confirm if they’re cotton.
  [37mname=Graphic T-Shirt, color=gray, material=cotton, fit=loose, occasion=casual, season=summer, pattern=None, price_range=$30-$50, brand=None, size=None[0m
Yes, the Cargo Shorts are made of cotton. Would you like to choose them?
Yes, I’ll go with the Cargo Shorts!
  [37mname=Cargo Shorts, color=olive, material=cotton, fit=None, occasion=casual, season=summer, pattern=None, price_range=$30-$50, brand=None, size=None[0m
Awesome choice! The Cargo Shorts are all yours!
----------------------------------------------------------------------------------------------------
Thanks! Now, can we find a long navy winter piece?
  [37mname=None, season=Winter, style=None, color=Navy, length=Long, material=None, pattern=None, budget=None[0m
Sure! How about the Knitted Sweater? It's long, navy, and perfect for winter. Would you like more details?
Yes, please share more details about the Knitted Sweater.
  [37mname=Knitted Sweater, season=Winter, style=None, color=Navy, length=Long, material=None, pattern=None, budget=None[0m
The Knitted Sweater is navy, made of acrylic, and priced at $50. Does that work for you?
That works perfectly for me! I'll take the Knitted Sweater.
  [37mname=Knitted Sweater, season=Winter, style=None, color=Navy, length=Long, material=Acrylic, pattern=None, budget=50.0[0m
Fantastic choice! The Knitted Sweater is yours!
----------------------------------------------------------------------------------------------------
Great! Now, can you suggest some casual outfits for a casual outing?
  [37mname=None, style_preference=casual, body_type=None, budget=medium, occasion=casual outing, color_preference=None, fabric_preference=cotton, climate=None, ethical_preference=None[0m
How about pairing a relaxed fit t-shirt with denim jeans and sneakers? Would you like more options?
Yes, I’d love to hear more options!
  [37mname=None, style_preference=casual, body_type=None, budget=medium, occasion=casual outing, color_preference=None, fabric_preference=cotton, climate=None, ethical_preference=None[0m
You could also try a casual button-up shirt with chinos and loafers. How does that sound?
That sounds great! I like that option too.
  [37mname=None, style_preference=casual, body_type=None, budget=medium, occasion=casual outing, color_preference=None, fabric_preference=cotton, climate=None, ethical_preference=None[0m
Perfect! Would you like suggestions for accessories to complete that look?
Yes, please suggest some accessories!
  [37mname=None, style_preference=casual, body_type=None, budget=medium, occasion=casual outing, color_preference=None, fabric_preference=cotton, climate=None, ethical_preference=None[0m
A simple leather belt and a classic watch would complement that outfit nicely. How do you feel about those?
I love those suggestions! They sound perfect.
  [37mname=None, style_preference=casual, body_type=None, budget=medium, occasion=casual outing, color_preference=None, fabric_preference=cotton, climate=None, ethical_preference=None[0m
I'm glad you like them! Your casual outing look is all set!
====================================================================================================
----------------------------------------------------------------------------------------------------
I'm looking for a slim fit white wardrobe staple for business.
  [37mname=None, color=white, material=None, fit=slim, occasion=business, season=None, pattern=None, price_range=None, brand=None, size=None[0m
I have a slim fit white option, the Classic White Shirt in cotton; would that work for you?
That sounds great! What’s the price for that?
  [37mname=Classic White Shirt, color=white, material=cotton, fit=slim, occasion=business, season=None, pattern=None, price_range=None, brand=None, size=None[0m
The price range for the Classic White Shirt is $50 to $100.
That's within my budget! Does it have a solid pattern?
  [37mname=Classic White Shirt, color=white, material=cotton, fit=slim, occasion=business, season=None, pattern=solid, price_range=$50 to $100, brand=None, size=None[0m
Yes, it has a solid pattern!
Perfect! Can you tell me the available sizes?
  [37mname=Classic White Shirt, color=white, material=cotton, fit=slim, occasion=business, season=None, pattern=solid, price_range=$50 to $100, brand=None, size=None[0m
It's available in size M and L.
I’ll go with size M. Can I get that shirt from Brand C?
  [37mname=Classic White Shirt, color=white, material=cotton, fit=slim, occasion=business, season=None, pattern=solid, price_range=$50 to $100, brand=Brand C, size=M[0m
The Classic White Shirt in size M is from Brand A, not Brand C. Would you still like to proceed?
Yes, I’m okay with Brand A. Let’s go for it!
  [37mname=Classic White Shirt, color=white, material=cotton, fit=slim, occasion=business, season=None, pattern=solid, price_range=$50 to $100, brand=Brand A, size=M[0m
Great choice! The Classic White Shirt in size M from Brand A is yours!
----------------------------------------------------------------------------------------------------
Thanks! Now, can you help me find a chic black silk piece for summer?
  [37mname=None, season=Summer, style=Chic, color=Black, length=None, material=Silk, pattern=None, budget=None[0m
Sure! How about the Floral Skirt or the Polka Dot Skirt in black silk for summer?
I prefer the Floral Skirt! What’s the price for that?
  [37mname=Floral Skirt, season=Summer, style=Chic, color=Black, length=None, material=Silk, pattern=Floral, budget=None[0m
The Floral Skirt is priced at $65.
That fits my budget! What sizes do you have available?
  [37mname=Floral Skirt, season=Summer, style=Chic, color=Black, length=None, material=Silk, pattern=Floral, budget=65[0m
The Floral Skirt is available in sizes S, M, and L.
I’ll take size M for the Floral Skirt!
  [37mname=Floral Skirt, season=Summer, style=Chic, color=Black, length=None, material=Silk, pattern=Floral, budget=65[0m
Excellent choice! The Floral Skirt in size M is yours!
----------------------------------------------------------------------------------------------------
Thanks! Now, can you suggest a formal silk dress for a wedding?
  [37mname=None, style_preference=formal, body_type=None, budget=medium, occasion=wedding, color_preference=None, fabric_preference=silk, climate=None, ethical_preference=None[0m
I recommend the Elegant Evening Dress in silk; it's perfect for a wedding!
That sounds lovely! What’s the price for the Elegant Evening Dress?
  [37mname=None, style_preference=formal, body_type=None, budget=medium, occasion=wedding, color_preference=cool, fabric_preference=silk, climate=None, ethical_preference=None[0m
The Elegant Evening Dress is priced at $120.
That's within my budget! What sizes do you have for that dress?
  [37mname=None, style_preference=formal, body_type=None, budget=medium, occasion=wedding, color_preference=None, fabric_preference=silk, climate=None, ethical_preference=None[0m
The Elegant Evening Dress is available in sizes S, M, and L.
I’ll go with size M for the Elegant Evening Dress!
  [37mname=None, style_preference=formal, body_type=None, budget=medium, occasion=wedding, color_preference=cool, fabric_preference=silk, climate=None, ethical_preference=None[0m
Fantastic choice! The Elegant Evening Dress in size M is yours!
Thank you! Could you suggest some accessories to pair with the dress?
  [37mname=None, style_preference=formal, body_type=None, budget=medium, occasion=wedding, color_preference=None, fabric_preference=silk, climate=None, ethical_preference=None[0m
How about a pair of elegant pearl earrings and a matching clutch?
That sounds perfect! What’s the price range for the earrings and clutch?
  [37mname=None, style_preference=formal, body_type=None, budget=medium, occasion=wedding, color_preference=None, fabric_preference=silk, climate=None, ethical_preference=None[0m
The pearl earrings are around $30, and the clutch is about $50.
That works for me! I’ll take both!
  [37mname=None, style_preference=formal, body_type=None, budget=medium, occasion=wedding, color_preference=None, fabric_preference=silk, climate=None, ethical_preference=None[0m
Great choice! The pearl earrings and clutch are yours!
Thanks so much! I’m all set for the wedding now!
  [37mname=None, style_preference=formal, body_type=None, budget=medium, occasion=wedding, color_preference=None, fabric_preference=silk, climate=None, ethical_preference=None[0m
You're very welcome! Enjoy the wedding!
I will! Thanks again for all your help!
  [37mname=None, style_preference=formal, body_type=None, budget=medium, occasion=wedding, color_preference=None, fabric_preference=silk, climate=None, ethical_preference=None[0m
Anytime! Have a wonderful time!
You too! Bye!
  [37mname=None, style_preference=formal, body_type=None, budget=medium, occasion=wedding, color_preference=None, fabric_preference=silk, climate=None, ethical_preference=None[0m
Bye! Take care!
You too!
  [37mname=None, style_preference=formal, body_type=None, budget=medium, occasion=wedding, color_preference=None, fabric_preference=silk, climate=None, ethical_preference=None[0m
Thanks! Bye!
Bye!
  [37mname=None, style_preference=formal, body_type=None, budget=medium, occasion=wedding, color_preference=None, fabric_preference=silk, climate=None, ethical_preference=None[0m
Goodbye!
Goodbye!
  [37mname=None, style_preference=formal, body_type=None, budget=medium, occasion=wedding, color_preference=None, fabric_preference=silk, climate=None, ethical_preference=None[0m
Goodbye!
Goodbye!
  [37mname=None, style_preference=formal, body_type=None, budget=medium, occasion=wedding, color_preference=None, fabric_preference=silk, climate=None, ethical_preference=None[0m
Goodbye!
Goodbye!
  [37mname=None, style_preference=formal, body_type=None, budget=medium, occasion=wedding, color_preference=None, fabric_preference=silk, climate=None, ethical_preference=None[0m
Goodbye!
Goodbye!
  [37mname=None, style_preference=formal, body_type=None, budget=medium, occasion=wedding, color_preference=None, fabric_preference=silk, climate=None, ethical_preference=None[0m
Goodbye!
Goodbye!
  [37mname=None, style_preference=formal, body_type=None, budget=medium, occasion=wedding, color_preference=None, fabric_preference=silk, climate=None, ethical_preference=None[0m
Goodbye!
Goodbye!
  [37mname=None, style_preference=formal, body_type=None, budget=medium, occasion=wedding, color_preference=None, fabric_preference=silk, climate=None, ethical_preference=None[0m
Goodbye!
Goodbye!
  [37mname=None, style_preference=formal, body_type=None, budget=medium, occasion=wedding, color_preference=None, fabric_preference=silk, climate=None, ethical_preference=None[0m
Goodbye!
Goodbye!
  [37mname=None, style_preference=formal, body_type=None, budget=medium, occasion=wedding, color_preference=None, fabric_preference=silk, climate=None, ethical_preference=None[0m
Goodbye!
Goodbye!
  [37mname=None, style_preference=formal, body_type=None, budget=medium, occasion=wedding, color_preference=None, fabric_preference=silk, climate=None, ethical_preference=None[0m
Goodbye!
Goodbye!
  [37mname=None, style_preference=formal, body_type=None, budget=medium, occasion=wedding, color_preference=None, fabric_preference=silk, climate=None, ethical_preference=None[0m
Goodbye!
Goodbye!
  [37mname=None, style_preference=formal, body_type=None, budget=medium, occasion=wedding, color_preference=None, fabric_preference=silk, climate=None, ethical_preference=None[0m
Goodbye!
Goodbye!
  [37mname=None, style_preference=formal, body_type=None, budget=medium, occasion=wedding, color_preference=None, fabric_preference=silk, climate=None, ethical_preference=None[0m
Goodbye!
Goodbye!
  [37mname=None, style_preference=formal, body_type=None, budget=medium, occasion=wedding, color_preference=None, fabric_preference=silk, climate=None, ethical_preference=None[0m
Goodbye!
Goodbye!
  [37mname=None, style_preference=formal, body_type=None, budget=medium, occasion=wedding, color_preference=None, fabric_preference=silk, climate=None, ethical_preference=None[0m
Goodbye!
Goodbye!
  [37mname=None, style_preference=formal, body_type=None, budget=medium, occasion=wedding, color_preference=None, fabric_preference=silk, climate=None, ethical_preference=None[0m
Goodbye!
Goodbye!
  [37mname=None, style_preference=formal, body_type=None, budget=medium, occasion=wedding, color_preference=None, fabric_preference=silk, climate=None, ethical_preference=None[0m
Goodbye!
Goodbye!
  [37mname=None, style_preference=formal, body_type=None, budget=medium, occasion=wedding, color_preference=None, fabric_preference=silk, climate=None, ethical_preference=None[0m
Goodbye!
Goodbye!
  [37mname=None, style_preference=formal, body_type=None, budget=medium, occasion=wedding, color_preference=None, fabric_preference=silk, climate=None, ethical_preference=None[0m
Goodbye!
====================================================================================================
----------------------------------------------------------------------------------------------------
I'm looking for a casual wardrobe staple in black, preferably cotton.
  [37mname=None, color=black, material=cotton, fit=None, occasion=casual, season=None, pattern=None, price_range=None, brand=None, size=None[0m
How about a Casual Blazer? It's black, cotton, and perfect for casual occasions.
That sounds great! What fit does it come in?
  [37mname=Casual Blazer, color=black, material=cotton, fit=None, occasion=casual, season=None, pattern=None, price_range=None, brand=None, size=None[0m
The Casual Blazer comes in a loose fit.
Perfect! What about the price range for the blazer?
  [37mname=Casual Blazer, color=black, material=cotton, fit=loose, occasion=casual, season=None, pattern=None, price_range=None, brand=None, size=None[0m
The price range for the Casual Blazer is $80 to $200.
Awesome! Does it have a solid pattern?
  [37mname=Casual Blazer, color=black, material=cotton, fit=loose, occasion=casual, season=None, pattern=solid, price_range=$80 to $200, brand=None, size=None[0m
Yes, it has a solid pattern.
Great! What size does it come in?
  [37mname=Casual Blazer, color=black, material=cotton, fit=loose, occasion=casual, season=None, pattern=solid, price_range=$80 to $200, brand=None, size=None[0m
The Casual Blazer is available in size L.
That checks all my boxes! Is it from Brand B?
  [37mname=Casual Blazer, color=black, material=cotton, fit=loose, occasion=casual, season=None, pattern=solid, price_range=$80 to $200, brand=Brand B, size=L[0m
Yes, it is from Brand B.
----------------------------------------------------------------------------------------------------
Awesome! Now, I'm looking for a sporty piece for Spring. Any suggestions?
  [37mname=Casual Blazer, season=None, style=Casual, color=Black, length=None, material=Cotton, pattern=Solid, budget=200.0[0m
How about the Sporty Hoodie? It's perfect for Spring and has a sporty vibe!
Sounds good! What color is the Sporty Hoodie?
  [37mname=Sporty Hoodie, season=Spring, style=Sporty, color=None, length=None, material=None, pattern=None, budget=None[0m
The Sporty Hoodie comes in gray.
Perfect! What's the material of the hoodie?
  [37mname=Sporty Hoodie, season=Spring, style=Sporty, color=Gray, length=None, material=None, pattern=None, budget=None[0m
The Sporty Hoodie is made of cotton.
Nice! What's the price range for the hoodie?
  [37mname=Sporty Hoodie, season=Spring, style=Sporty, color=Gray, length=None, material=Cotton, pattern=None, budget=None[0m
The Sporty Hoodie is priced at $60.
That's a bit over my budget. Can you suggest something else?
  [37mname=Sporty Hoodie, season=Spring, style=Sporty, color=Gray, length=None, material=Cotton, pattern=None, budget=60.0[0m
How about the Sporty Sweatshirt? It's also sporty and priced at $55.
That sounds better! What color is the Sporty Sweatshirt?
  [37mname=Sporty Sweatshirt, season=Spring, style=Sporty, color=Gray, length=None, material=Cotton, pattern=None, budget=55.0[0m
The Sporty Sweatshirt is black.
Great! What material is it made of?
  [37mname=Sporty Sweatshirt, season=Spring, style=Sporty, color=Black, length=None, material=Cotton, pattern=None, budget=55.0[0m
The Sporty Sweatshirt is made of cotton.
Awesome! Does it have a solid pattern?
  [37mname=Sporty Sweatshirt, season=Spring, style=Sporty, color=Black, length=None, material=Cotton, pattern=Solid, budget=55.0[0m
Yes, the Sporty Sweatshirt has a solid pattern.
Perfect! What sizes are available for the sweatshirt?
  [37mname=Sporty Sweatshirt, season=Spring, style=Sporty, color=Black, length=None, material=Cotton, pattern=Solid, budget=55[0m
The Sporty Sweatshirt is available in size L.
That works for me! Can I finalize the Sporty Sweatshirt?
  [37mname=Sporty Sweatshirt, season=Spring, style=Sporty, color=Black, length=None, material=Cotton, pattern=Solid, budget=55[0m
Absolutely! The Sporty Sweatshirt is all yours!
----------------------------------------------------------------------------------------------------
Thanks! Now, can you help me find some casual vacation outfits?
  [37mname=None, style_preference=casual, body_type=None, budget=low, occasion=vacation, color_preference=None, fabric_preference=cotton, climate=None, ethical_preference=None[0m
Sure! Are you looking for specific colors or styles for your vacation outfits?
I prefer warm colors and a casual style.
  [37mname=None, style_preference=casual, body_type=None, budget=low, occasion=vacation, color_preference=warm, fabric_preference=cotton, climate=None, ethical_preference=None[0m
How about the Casual Summer Outfit? It’s casual, in warm colors, and perfect for vacation!
Sounds great! What does the Casual Summer Outfit include?
  [37mname=None, style_preference=casual, body_type=None, budget=medium, occasion=vacation, color_preference=warm, fabric_preference=cotton, climate=None, ethical_preference=None[0m
The Casual Summer Outfit includes a lightweight top and comfortable shorts.
Nice! What colors are available for the top and shorts?
  [37mname=None, style_preference=casual, body_type=None, budget=low, occasion=vacation, color_preference=warm, fabric_preference=cotton, climate=None, ethical_preference=None[0m
The top and shorts are available in shades of orange and yellow.
I love those colors! What's the material of the outfit?
  [37mname=None, style_preference=casual, body_type=None, budget=low, occasion=vacation, color_preference=warm, fabric_preference=cotton, climate=None, ethical_preference=None[0m
The Casual Summer Outfit is made of cotton.
Perfect! What's the price range for the outfit?
  [37mname=None, style_preference=casual, body_type=None, budget=low, occasion=vacation, color_preference=warm, fabric_preference=cotton, climate=None, ethical_preference=None[0m
The Casual Summer Outfit is priced at $50.
That's within my budget! Can I finalize the Casual Summer Outfit?
  [37mname=None, style_preference=casual, body_type=None, budget=medium, occasion=vacation, color_preference=warm, fabric_preference=cotton, climate=None, ethical_preference=None[0m
Absolutely! The Casual Summer Outfit is all set for you!
Thank you! I'm excited about my new outfits!
  [37mname=None, style_preference=casual, body_type=None, budget=medium, occasion=vacation, color_preference=warm, fabric_preference=cotton, climate=None, ethical_preference=None[0m
You're welcome! Enjoy your new outfits!
Thanks! I will!
  [37mname=None, style_preference=casual, body_type=None, budget=medium, occasion=vacation, color_preference=warm, fabric_preference=cotton, climate=None, ethical_preference=None[0m
Great to hear! Have a wonderful day!
You too! Bye!
  [37mname=None, style_preference=casual, body_type=None, budget=medium, occasion=vacation, color_preference=warm, fabric_preference=cotton, climate=None, ethical_preference=None[0m
Bye! Take care!
You too! Bye!
  [37mname=None, style_preference=casual, body_type=None, budget=medium, occasion=vacation, color_preference=warm, fabric_preference=cotton, climate=None, ethical_preference=None[0m
Bye! Enjoy your outfits!
====================================================================================================
----------------------------------------------------------------------------------------------------
I'm looking for a formal piece in navy wool.
  [37mname=None, color=navy, material=wool, fit=None, occasion=formal, season=None, pattern=None, price_range=None, brand=None, size=None[0m
I have navy formal trousers in wool; would you like to know more?
Yes, what size are they?
  [37mname=None, color=navy, material=wool, fit=None, occasion=formal, season=None, pattern=None, price_range=None, brand=None, size=None[0m
The navy formal trousers are available in size 30.
Great! What's the price range for those trousers?
  [37mname=None, color=navy, material=wool, fit=None, occasion=formal, season=None, pattern=None, price_range=None, brand=None, size=30[0m
The price range for the navy formal trousers is $80 to $160.
Perfect! Are they a slim fit?
  [37mname=navy formal trousers, color=navy, material=wool, fit=slim, occasion=formal, season=None, pattern=None, price_range=$80 to $160, brand=None, size=30[0m
Yes, they are a slim fit. Would you like to go with these trousers?
Yes, let's go with those trousers!
  [37mname=navy formal trousers, color=navy, material=wool, fit=slim, occasion=formal, season=None, pattern=None, price_range=$80 to $160, brand=None, size=30[0m
Awesome choice! The navy formal trousers are yours!
----------------------------------------------------------------------------------------------------
Thanks! Now, can we find a chic summer piece in red?
  [37mname=Navy Formal Trousers, season=None, style=Formal, color=Navy, length=None, material=Wool, pattern=None, budget=160.0[0m
Sure! I have two chic summer pieces in red: a silk dress and a cotton skirt. Which one interests you?
I'm interested in the silk dress! What's its price?
  [37mname=Silk Dress, season=Summer, style=Chic, color=Red, length=None, material=Silk, pattern=None, budget=None[0m
The silk summer dress is priced at $90. Would you like to go for it?
Yes, let's go for the silk summer dress!
----------------------------------------------------------------------------------------------------
I'm looking for a casual winter piece.
  [37mname=None, color=None, material=None, fit=None, occasion=casual, season=winter, pattern=None, price_range=None, brand=None, size=None[0m
How about a wool sweater? Would you prefer a specific color or fit?
I prefer a grey color and a regular fit.
  [37mname=wool sweater, color=grey, material=wool, fit=regular, occasion=casual, season=winter, pattern=None, price_range=None, brand=None, size=None[0m
I have a grey wool sweater in a regular fit; it's perfect for casual winter wear! Would you like to go with that?
That sounds great! What’s the price range for it?
  [37mname=wool sweater, color=grey, material=wool, fit=regular, occasion=casual, season=winter, pattern=None, price_range=None, brand=None, size=None[0m
The grey wool sweater is priced between $60 and $120. Would you like to confirm this choice?
Yes, I’d like to confirm the grey wool sweater!
  [37mname=grey wool sweater, color=grey, material=wool, fit=regular, occasion=casual, season=winter, pattern=None, price_range=$60 - $120, brand=None, size=None[0m
Awesome choice! The grey wool sweater is all yours. Happy styling!
----------------------------------------------------------------------------------------------------
Thanks! Now, can you help me find another casual wool piece?
  [37mname=grey wool sweater, season=Winter, style=Casual, color=grey, length=None, material=Wool, pattern=None, budget=120.0[0m
Sure! Are you looking for a specific color or season for this casual wool piece?
I'd like a casual wool piece for autumn.
  [37mname=None, season=Autumn, style=Casual, color=None, length=None, material=Wool, pattern=None, budget=None[0m
I have a checked shirt in a casual style for autumn; would you like to hear more about it?
Yes, please tell me more about the checked shirt!
  [37mname=None, season=Autumn, style=Casual, color=None, length=None, material=Wool, pattern=Checked, budget=None[0m
The checked shirt is blue, medium length, made of flannel, and priced at $35. Would that work for you?
That sounds perfect! I’ll take the checked shirt!
  [37mname=checked shirt, season=Autumn, style=Casual, color=blue, length=Medium, material=Flannel, pattern=Checked, budget=35.0[0m
Great choice! The checked shirt is all yours. Enjoy your new style!
----------------------------------------------------------------------------------------------------
Thanks! Now, can you help me find some personalized style tips?
  [37mname=None, style_preference=casual, body_type=None, budget=low, occasion=None, color_preference=cool, fabric_preference=wool, climate=temperate, ethical_preference=None[0m
Of course! What specific style preferences or occasions do you have in mind for these tips?
I'm looking for tips for casual outings.
  [37mname=None, style_preference=casual, body_type=None, budget=None, occasion=casual outing, color_preference=None, fabric_preference=None, climate=None, ethical_preference=None[0m
Do you have a preferred body type or budget range for the casual outing tips?
My body type is hourglass, and my budget is low.
  [37mname=None, style_preference=casual, body_type=hourglass, budget=low, occasion=casual outing, color_preference=None, fabric_preference=None, climate=None, ethical_preference=None[0m
I recommend the Bohemian Summer Dress or the Casual Summer Dress; both are great for casual outings and fit your criteria! Would you like to go with one of those?
I like the sound of the Bohemian Summer Dress! What’s the price?
  [37mname=None, style_preference=bohemian, body_type=hourglass, budget=low, occasion=casual outing, color_preference=None, fabric_preference=None, climate=None, ethical_preference=None[0m
The Bohemian Summer Dress is priced at $30. Would you like to confirm this choice?
Yes, I’d like to confirm the Bohemian Summer Dress!
  [37mname=None, style_preference=bohemian, body_type=hourglass, budget=low, occasion=casual outing, color_preference=None, fabric_preference=None, climate=None, ethical_preference=None[0m
Fantastic choice! The Bohemian Summer Dress is all yours. Enjoy wearing it!
Thank you! Can you suggest any styling tips for it?
  [37mname=None, style_preference=bohemian, body_type=hourglass, budget=low, occasion=casual outing, color_preference=None, fabric_preference=None, climate=None, ethical_preference=None[0m
Sure! Pair it with a denim jacket and ankle boots for a chic look. Would you like more tips?
That sounds great! Yes, please share more tips!
  [37mname=None, style_preference=bohemian, body_type=hourglass, budget=low, occasion=casual outing, color_preference=None, fabric_preference=None, climate=None, ethical_preference=None[0m
Add a wide-brim hat and some layered necklaces for a boho vibe. How does that sound?
That sounds perfect! I love the boho vibe!
  [37mname=None, style_preference=bohemian, body_type=hourglass, budget=low, occasion=casual outing, color_preference=None, fabric_preference=None, climate=None, ethical_preference=None[0m
I'm glad you love it! You'll look amazing in that boho style!
Thank you! I'm really excited to wear it!
  [37mname=None, style_preference=bohemian, body_type=hourglass, budget=low, occasion=casual outing, color_preference=None, fabric_preference=None, climate=None, ethical_preference=None[0m
You're very welcome! Enjoy your new outfits and have fun styling them!
Thanks a lot! I appreciate your help!
  [37mname=None, style_preference=bohemian, body_type=hourglass, budget=low, occasion=casual outing, color_preference=None, fabric_preference=None, climate=None, ethical_preference=None[0m
Anytime! I'm here to help. Enjoy your shopping!
Will do! Talk to you later!
  [37mname=None, style_preference=bohemian, body_type=hourglass, budget=low, occasion=casual outing, color_preference=None, fabric_preference=None, climate=None, ethical_preference=None[0m
Talk to you later! Take care!
====================================================================================================
Generating dialogues for data/DOTS/train/0199__cover_designs__title_fonts__visual_themes
----------------------------------------------------------------------------------------------------
I'm thinking of a cool color scheme for the cover. What styles do you suggest?
  [37mname=None, style=None, color_scheme=cool, genre=None, font_preference=None, theme=None[0m
How about a classic or vintage style?
I like the vintage style! What font options do you have that would go well with that?
  [37mname=None, style=vintage, color_scheme=cool, genre=None, font_preference=None, theme=None[0m
For vintage, we have decorative or serif fonts available.
I prefer a serif font. What visual themes do you think would complement a vintage design?
  [37mname=None, style=vintage, color_scheme=cool, genre=None, font_preference=serif, theme=None[0m
Dark or nature themes would complement a vintage design nicely.
I'm leaning towards a light theme. Can we still make that work with the vintage style?
  [37mname=None, style=vintage, color_scheme=cool, genre=None, font_preference=serif, theme=light[0m
Yes, we have vintage options with a light theme as well!
Great! So, let's go with a vintage style, cool color scheme, serif font, and light theme. Sounds good?
  [37mname=None, style=vintage, color_scheme=cool, genre=None, font_preference=serif, theme=light[0m
The best match for that would be the "Vintage Fiction" cover design!
----------------------------------------------------------------------------------------------------
That sounds perfect! Now, can you suggest some serif fonts that fit a classic mood?
  [37mname=None, font_type=Serif, readability=None, mood=Classic, weight=None, size=None, color=None, style=None[0m
Sure! "Georgia," "Garamond," and "Crimson Pro" fit a classic mood.
I love "Garamond"! Can we use that in bold?
  [37mname=Garamond, font_type=Serif, readability=None, mood=Classic, weight=Bold, size=None, color=None, style=None[0m
We have "Garamond" in bold, but it's only available in a larger size.
What size is it available in?
  [37mname=Garamond, font_type=Serif, readability=None, mood=Classic, weight=Bold, size=None, color=None, style=None[0m
The bold "Garamond" is available in size 16.
Size 16 works for me! Can we go with that in a dark color like #444444?
  [37mname=Garamond, font_type=Serif, readability=None, mood=Classic, weight=Bold, size=16, color=#444444, style=None[0m
The bold "Garamond" is available in size 16, but the dark color you mentioned isn’t an option; it's #222222 or #000000 instead.
Let's go with #222222 then! That sounds good.
  [37mname=Garamond, font_type=Serif, readability=None, mood=Classic, weight=Bold, size=16, color=#222222, style=None[0m
Perfect choice! So we have bold "Garamond" at size 16 in color #222222.
----------------------------------------------------------------------------------------------------
Awesome! Now, can you help me find a visual theme that fits a dark sci-fi vibe?
  [37mname=None, theme=Sci-Fi, imagery=None, color_palette=Cool, target_audience=None, mood=Dark, cultural_elements=None[0m
Sure! The "Dystopian Future" and "Post-Apocalyptic World" themes fit a dark sci-fi vibe.
I like "Dystopian Future"! Can we go with that one?
  [37mname=Dystopian Future, theme=Sci-Fi, imagery=None, color_palette=Cool, target_audience=None, mood=Dark, cultural_elements=None[0m
Absolutely! "Dystopian Future" is a great choice!
====================================================================================================
----------------------------------------------------------------------------------------------------
I'm looking for a vintage style cover design.
  [37mname=None, style=vintage, color_scheme=None, genre=None, font_preference=None, theme=None[0m
Do you prefer a cool or pastel color scheme?
I prefer a cool color scheme.
  [37mname=None, style=vintage, color_scheme=cool, genre=None, font_preference=None, theme=None[0m
Great! Are you looking for a mystery or fantasy genre?
I'm going for a mystery genre.
  [37mname=None, style=vintage, color_scheme=cool, genre=mystery, font_preference=None, theme=None[0m
I have the perfect match: "Vintage Mystery" with a cool color scheme. Would you like to go with that?
That sounds great! What about the font preference?
  [37mname=Vintage Mystery, style=vintage, color_scheme=cool, genre=mystery, font_preference=None, theme=None[0m
The font preference for "Vintage Mystery" is decorative. Does that work for you?
Yes, decorative is perfect! What about the theme?
  [37mname=Vintage Mystery, style=vintage, color_scheme=cool, genre=mystery, font_preference=decorative, theme=None[0m
The theme for "Vintage Mystery" is dark. Does that fit your vision?
----------------------------------------------------------------------------------------------------
Yes, that fits perfectly! Now, can you suggest some serif fonts?
  [37mname=None, font_type=Serif, readability=None, mood=None, weight=None, size=None, color=None, style=None[0m
Sure! How about "Baskerville" or "Georgia"?
I like "Baskerville"! What size do you recommend?
  [37mname=Baskerville, font_type=Serif, readability=None, mood=None, weight=None, size=None, color=None, style=None[0m
For "Baskerville," a size of 12 or 14 points would work well. Which do you prefer?
Let's go with 14 points! What about the color?
  [37mname=Baskerville, font_type=Serif, readability=None, mood=None, weight=None, size=14, color=None, style=None[0m
How about a classic black or a deep blue for a vintage look?
Classic black sounds perfect! What weight do you suggest?
  [37mname=Baskerville, font_type=Serif, readability=None, mood=None, weight=Regular, size=14, color=Black, style=None[0m
I recommend going with a Bold weight for good visibility. Does that work for you?
----------------------------------------------------------------------------------------------------
Yes, that works! Now, can you help me find a suitable Visual Theme for my mystery book?
  [37mname=Vintage Mystery, theme=Mystery, imagery=None, color_palette=Cool, target_audience=None, mood=Dark, cultural_elements=None[0m
You've already chosen "Vintage Mystery," which is perfect for your book! Would you like to finalize that?
Yes, let's finalize "Vintage Mystery"! Thank you!
  [37mname=Vintage Mystery, theme=Mystery, imagery=None, color_palette=Cool, target_audience=None, mood=Dark, cultural_elements=None[0m
You're welcome! Excited for your book release!
====================================================================================================
----------------------------------------------------------------------------------------------------
I'm looking for a classic style cover for my non-fiction book.
  [37mname=None, style=classic, color_scheme=None, genre=non-fiction, font_preference=None, theme=None[0m
How about a cool color scheme or a specific theme you prefer?
I prefer a cool color scheme with an urban theme.
  [37mname=None, style=classic, color_scheme=cool, genre=non-fiction, font_preference=None, theme=urban[0m
I have two options: "Classic Non-Fiction" and "Minimalist Non-Fiction." Do you have a font preference?
I prefer a serif font for the title.
  [37mname=None, style=classic, color_scheme=cool, genre=non-fiction, font_preference=serif, theme=urban[0m
Then "Classic Non-Fiction" would be a perfect match! Would you like to go with that?
Yes, let's go with "Classic Non-Fiction"!
  [37mname=Classic Non-Fiction, style=classic, color_scheme=cool, genre=non-fiction, font_preference=serif, theme=urban[0m
Great choice! "Classic Non-Fiction" it is!
----------------------------------------------------------------------------------------------------
Now, can you suggest some bold serif fonts that fit a classic mood?
  [37mname=None, font_type=Serif, readability=None, mood=Classic, weight=Bold, size=None, color=None, style=None[0m
For bold serif options, we have "Baskerville" and "Times New Roman." Would you like to consider one of those?
I think "Baskerville" would be a great choice!
  [37mname=Baskerville, font_type=Serif, readability=None, mood=Classic, weight=Bold, size=None, color=None, style=None[0m
Awesome! "Baskerville" it is! Would you like any further assistance?
----------------------------------------------------------------------------------------------------
Actually, yes! I need help finding a Visual Theme for my fantasy book.
  [37mname=None, theme=Fantasy, imagery=None, color_palette=None, target_audience=None, mood=None, cultural_elements=None[0m
What kind of mood or imagery are you envisioning for your fantasy book?
I'm envisioning bright, photographic imagery with elements of magic and advanced technology.
  [37mname=None, theme=Fantasy, imagery=Photographic, color_palette=None, target_audience=None, mood=Bright, cultural_elements=None[0m
The "Futuristic Fantasy" theme fits your description perfectly! Would you like to go with that?
Yes, "Futuristic Fantasy" sounds perfect!
  [37mname=Futuristic Fantasy, theme=Fantasy, imagery=Photographic, color_palette=Cool, target_audience=None, mood=Bright, cultural_elements=None[0m
Fantastic choice! "Futuristic Fantasy" it is!
====================================================================================================
----------------------------------------------------------------------------------------------------
I'm thinking of a minimalist style for my fantasy book cover. What do you suggest?
  [37mname=None, style=minimalist, color_scheme=None, genre=fantasy, font_preference=None, theme=None[0m
I have a couple of minimalist fantasy options: "Minimalist Fantasy" and "Minimalist Fantasy II." Do you prefer a monochrome or pastel color scheme?
I prefer a monochrome color scheme. Which of the options fits that?
  [37mname=None, style=minimalist, color_scheme=monochrome, genre=fantasy, font_preference=None, theme=None[0m
The "Minimalist Fantasy" and "Urban Fantasy" designs both have a monochrome color scheme. Would you like to know more about either of them?
Yes, tell me more about the "Minimalist Fantasy" design.
  [37mname=Minimalist Fantasy, style=minimalist, color_scheme=monochrome, genre=fantasy, font_preference=None, theme=None[0m
"Minimalist Fantasy" features a minimalist style, sans-serif font, and an urban theme. Does that sound good for your book?
The font isn't quite what I had in mind; I prefer a serif font. Do you have any options with that?
  [37mname=None, style=minimalist, color_scheme=monochrome, genre=fantasy, font_preference=serif, theme=None[0m
Yes, "Urban Fantasy" has a monochrome color scheme and a serif font. Would you like to go with that one?
Yes, "Urban Fantasy" sounds perfect for my cover!
  [37mname=Urban Fantasy, style=minimalist, color_scheme=monochrome, genre=fantasy, font_preference=serif, theme=urban[0m
Great choice! "Urban Fantasy" it is. Happy writing!
----------------------------------------------------------------------------------------------------
Thanks! Now, can you help me find a bold serif font that reads well?
  [37mname=None, font_type=Serif, readability=None, mood=None, weight=Bold, size=None, color=None, style=None[0m
Sure! How about "Georgia"? It’s bold, serif, and highly readable. Would you like to go with that?
"Georgia" sounds great! Let's go with that.
  [37mname=Georgia, font_type=Serif, readability=High, mood=None, weight=Bold, size=None, color=None, style=Normal[0m
Awesome choice! "Georgia" it is. Good luck with your book!
----------------------------------------------------------------------------------------------------
Thanks! Now, can you help me find a Visual Theme for my sci-fi book?
  [37mname=Urban Fantasy, theme=Fantasy, imagery=None, color_palette=Monochrome, target_audience=None, mood=None, cultural_elements=None[0m
Of course! What specific elements or mood are you looking for in your sci-fi Visual Theme?
I'm aiming for an energetic mood with elements of space exploration.
  [37mname=None, theme=Sci-Fi, imagery=None, color_palette=None, target_audience=None, mood=Energetic, cultural_elements=space exploration[0m
The "Cosmic Journey" theme fits perfectly with an energetic mood and space exploration elements. Would you like to choose that one?
Yes, "Cosmic Journey" sounds perfect for my book!
  [37mname=Cosmic Journey, theme=Sci-Fi, imagery=None, color_palette=None, target_audience=None, mood=Energetic, cultural_elements=None[0m
Excellent choice! "Cosmic Journey" it is. Best of luck with your sci-fi book!
====================================================================================================
----------------------------------------------------------------------------------------------------
Hey, I'm thinking about a vintage style for my cover. What do you think?
  [37mname=None, style=vintage, color_scheme=None, genre=None, font_preference=None, theme=None[0m
Vintage style can give your book a charming and nostalgic feel! What genre are you considering?
It's a romance novel. How does that fit with the vintage style?
  [37mname=None, style=vintage, color_scheme=None, genre=romance, font_preference=None, theme=None[0m
Vintage romance covers often evoke warmth and sentimentality, perfect for the genre! Would you prefer a pastel color scheme?
Yes, I love pastel colors! What font do you recommend for the title?
  [37mname=None, style=vintage, color_scheme=pastel, genre=romance, font_preference=None, theme=None[0m
For a vintage romance, a serif font would complement the style beautifully! Does that sound good to you?
Actually, I prefer a handwritten font for a more personal touch. What do you think?
  [37mname=None, style=vintage, color_scheme=pastel, genre=romance, font_preference=handwritten, theme=None[0m
A handwritten font adds a lovely personal touch! I can find a vintage romance cover design with that style. Would you like a light theme as well?
Yes, a light theme would be perfect! Can we find something that matches all of this?
  [37mname=None, style=vintage, color_scheme=pastel, genre=romance, font_preference=handwritten, theme=light[0m
Yes, we have the "Vintage Romance" cover design that matches all your preferences: vintage style, pastel colors, handwritten font, and a light theme! Would you like to go with that?
Absolutely, let's go with the "Vintage Romance" cover design!
  [37mname=Vintage Romance, style=vintage, color_scheme=pastel, genre=romance, font_preference=handwritten, theme=light[0m
Great choice! The "Vintage Romance" cover design will be perfect for your book. Good luck with your release!
----------------------------------------------------------------------------------------------------
Thanks! Now, can you help me find a suitable Title Font that feels elegant?
  [37mname=None, font_type=Script, readability=None, mood=Elegant, weight=None, size=None, color=None, style=None[0m
Sure! For an elegant feel, I recommend looking at serif fonts. Do you have a specific size in mind for the title?
I was thinking about a size around 32 points. Does that work?
  [37mname=None, font_type=Serif, readability=None, mood=Elegant, weight=None, size=32, color=None, style=None[0m
Yes, 32 points is a lovely size for an elegant title! Would you like to stick with a classic color like black or explore other options?
I’d like to stick with black, specifically #000000. What elegant font options do you suggest?
  [37mname=None, font_type=Serif, readability=None, mood=Elegant, weight=None, size=32, color=#000000, style=None[0m
We have "Garamond" and "Playfair Display" both in 32 points, elegant, and black! Which one do you prefer?
I think I prefer "Playfair Display." It sounds perfect for my book!
  [37mname=Playfair Display, font_type=Serif, readability=None, mood=Elegant, weight=None, size=32, color=#000000, style=None[0m
Excellent choice! "Playfair Display" will add a beautiful touch to your cover. Would you like any further assistance with your book?
----------------------------------------------------------------------------------------------------
Yes, I’d love your help finding a suitable visual theme! What do you think about a romantic theme?
  [37mname=Vintage Romance, theme=Romance, imagery=None, color_palette=Pastel, target_audience=None, mood=Light, cultural_elements=None[0m
A romantic theme would be perfect! Are you leaning towards a modern or vintage style for that theme?
I'm leaning towards a vintage style for the romantic theme. What do you suggest?
  [37mname=Vintage Romance, theme=Romance, imagery=None, color_palette=Pastel, target_audience=None, mood=Light, cultural_elements=None[0m
I recommend the "Vintage Romance" visual theme! It embodies a vintage romantic feel perfectly. Would you like to go with that?
Yes, let's go with the "Vintage Romance" visual theme!
  [37mname=Vintage Romance, theme=Romance, imagery=None, color_palette=Warm, target_audience=None, mood=Bright, cultural_elements=None[0m
Fantastic choice! The "Vintage Romance" visual theme will beautifully complement your book. If you need anything else, just let me know!
====================================================================================================
----------------------------------------------------------------------------------------------------
I'm thinking of a modern style for my cover. What do you suggest?
  [37mname=None, style=modern, color_scheme=None, genre=None, font_preference=None, theme=None[0m
Great choice! Are you leaning towards a specific genre, like romance or fiction?
Definitely romance! What designs do you have in mind for that?
  [37mname=None, style=modern, color_scheme=None, genre=romance, font_preference=None, theme=None[0m
I have two modern romance options: one with a pastel color scheme and serif font, and another with a warm color scheme and sans-serif font. Which do you prefer?
I love the pastel color scheme with the serif font!
  [37mname=None, style=modern, color_scheme=pastel, genre=romance, font_preference=serif, theme=None[0m
That's the "Modern Romance" cover design! Would you like to go with that one?
----------------------------------------------------------------------------------------------------
Yes, let’s go with that! Now, what serif fonts do you think would suit the title?
  [37mname=None, font_type=Serif, readability=None, mood=Modern, weight=None, size=None, color=None, style=None[0m
For a pastel modern romance, I suggest "Playfair Display" or "Georgia." Which one do you like?
I think "Playfair Display" would be perfect!
  [37mname=Playfair Display, font_type=Serif, readability=None, mood=Modern, weight=None, size=None, color=None, style=None[0m
Excellent choice! Would you like to finalize the color for the title font now?
Yes, I’d like to stick with the color #6A0572.
  [37mname=Playfair Display, font_type=Serif, readability=None, mood=Modern, weight=None, size=None, color=#6A0572, style=None[0m
Got it! So, we have "Playfair Display" in #6A0572 for your cover. Is there anything else you'd like to adjust?
----------------------------------------------------------------------------------------------------
Actually, I’d love your help finding a suitable visual theme for the book!
  [37mname=None, theme=Romance, imagery=None, color_palette=Pastel, target_audience=None, mood=None, cultural_elements=None[0m
Sure! Do you prefer a vibrant, energetic mood or something more serene for the visual theme?
I prefer a bright and energetic mood for the visual theme!
  [37mname=None, theme=Romance, imagery=None, color_palette=Pastel, target_audience=None, mood=Bright, cultural_elements=None[0m
Perfect! I recommend "Young Love" or "Fantasy Landscapes" for that bright and energetic vibe. Which one resonates more with you?
"Young Love" sounds ideal for my book!
  [37mname=Young Love, theme=Romance, imagery=None, color_palette=Vibrant, target_audience=Young Adult, mood=Bright, cultural_elements=None[0m
Great choice! So, we have "Young Love" as the visual theme. Would you like to finalize everything now?
====================================================================================================
----------------------------------------------------------------------------------------------------
Hey, I'm thinking about a vintage style for my cover. What do you think?
  [37mname=None, style=vintage, color_scheme=None, genre=None, font_preference=None, theme=None[0m
Vintage can give a lovely, nostalgic feel! Do you have a specific genre in mind?
Yes, it's a romance novel.
  [37mname=None, style=vintage, color_scheme=None, genre=romance, font_preference=None, theme=None[0m
Great choice! Would you prefer a pastel color scheme or something cooler?
I’d love a pastel color scheme!
  [37mname=None, style=vintage, color_scheme=pastel, genre=romance, font_preference=None, theme=None[0m
Perfect! I have a couple of options: "Vintage Romance" and "Classic Romance." Which one sounds better to you?
I think "Vintage Romance" fits best!
  [37mname=Vintage Romance, style=vintage, color_scheme=pastel, genre=romance, font_preference=None, theme=None[0m
Excellent choice! "Vintage Romance" it is!
----------------------------------------------------------------------------------------------------
Awesome! Now, can you suggest some bold sans-serif fonts that feel modern?
  [37mname=Vintage Romance, font_type=Sans-Serif, readability=None, mood=Modern, weight=Bold, size=None, color=None, style=None[0m
Sure! How about "Montserrat" in Bold or "Open Sans" in Regular?
I like "Montserrat" in Bold! How does it look in a pastel color?
  [37mname=Montserrat, font_type=Sans-Serif, readability=None, mood=Modern, weight=Bold, size=None, color=Pastel, style=None[0m
"Montserrat" Bold would look great in a pastel color like a soft pink or light blue!
----------------------------------------------------------------------------------------------------
That sounds lovely! What about the imagery style? Any suggestions?
  [37mname=Vintage Romance, theme=Romance, imagery=None, color_palette=Warm, target_audience=None, mood=None, cultural_elements=None[0m
For "Vintage Romance," illustrative imagery would complement the theme beautifully!
Illustrative imagery sounds perfect! Let's go with that!
  [37mname=Vintage Romance, theme=Romance, imagery=Illustrative, color_palette=Warm, target_audience=None, mood=None, cultural_elements=None[0m
Awesome! So we have "Vintage Romance" with "Montserrat" Bold in pastel colors and illustrative imagery. Perfect combo!
====================================================================================================
----------------------------------------------------------------------------------------------------
Hey, I'm looking for a light-themed cover design for my fiction book. What styles do you have?
  [37mname=None, style=None, color_scheme=None, genre=fiction, font_preference=None, theme=light[0m
I have modern, classic, and vintage styles available for light-themed fiction covers.
I think I’m leaning towards a modern style. What color schemes do you recommend?
  [37mname=None, style=modern, color_scheme=None, genre=fiction, font_preference=None, theme=light[0m
For a modern style, you can choose between pastel or warm color schemes.
Pastel sounds nice! What about the font options? I prefer serif fonts.
  [37mname=None, style=modern, color_scheme=pastel, genre=fiction, font_preference=serif, theme=light[0m
Great choice! For a pastel modern cover, the font preference would be serif.
That sounds perfect! Can you show me some examples of pastel modern covers with serif fonts?
  [37mname=None, style=modern, color_scheme=pastel, genre=fiction, font_preference=serif, theme=light[0m
I have one option: "Modern Fiction" fits your criteria with a pastel color scheme, modern style, and serif font.
"Modern Fiction" sounds great! Let’s go with that for my cover design.
  [37mname=Modern Fiction, style=modern, color_scheme=pastel, genre=fiction, font_preference=serif, theme=light[0m
Awesome choice! "Modern Fiction" it is!
----------------------------------------------------------------------------------------------------
Thanks! Now, can you help me find a bold serif font that looks modern?
  [37mname=Modern Fiction, font_type=Serif, readability=None, mood=Modern, weight=Bold, size=None, color=None, style=None[0m
Sure! I recommend "Merriweather" or "PT Serif" for a bold modern serif font.
I love "Merriweather"! Let's go with that for the title font.
  [37mname=Merriweather, font_type=Serif, readability=None, mood=Modern, weight=Bold, size=None, color=None, style=None[0m
Perfect choice! "Merriweather" will look fantastic for your title font!
----------------------------------------------------------------------------------------------------
Thanks! Now, can you help me find a vibrant photographic visual theme?
  [37mname=None, theme=None, imagery=Photographic, color_palette=Vibrant, target_audience=None, mood=None, cultural_elements=None[0m
I have "Summer Love" which features a vibrant photographic visual theme. Would that work for you?
"Summer Love" sounds ideal! Let’s use that for the visual theme.
  [37mname=Summer Love, theme=None, imagery=Photographic, color_palette=Vibrant, target_audience=None, mood=None, cultural_elements=None[0m
Great choice! "Summer Love" will be perfect for your visual theme!
====================================================================================================
----------------------------------------------------------------------------------------------------
I'm thinking of a vintage style for my mystery novel cover. What options do you have?
  [37mname=None, style=vintage, color_scheme=None, genre=mystery, font_preference=None, theme=None[0m
I have two vintage options: "Vintage Mystery" with a cool color scheme and "Vintage Mystery" with a warm color scheme. Which one sounds better?
I prefer the one with the warm color scheme. What about the fonts?
  [37mname=Vintage Mystery, style=vintage, color_scheme=warm, genre=mystery, font_preference=None, theme=None[0m
The "Vintage Mystery" with a warm color scheme uses a decorative font. Does that work for you?
Yes, that works perfectly! What about the overall theme?
  [37mname=Vintage Mystery, style=vintage, color_scheme=warm, genre=mystery, font_preference=decorative, theme=None[0m
The theme for the "Vintage Mystery" with a warm color scheme is dark. Does that fit your vision?
Absolutely, that fits perfectly! I think I've made my choice.
  [37mname=Vintage Mystery, style=vintage, color_scheme=warm, genre=mystery, font_preference=decorative, theme=dark[0m
Great choice! You've selected the "Vintage Mystery" cover design.
----------------------------------------------------------------------------------------------------
Thanks! Now, can you suggest some serif fonts that are bold and classic?
  [37mname=None, font_type=Serif, readability=None, mood=Classic, weight=Bold, size=None, color=None, style=None[0m
Sure! You might like "Baskerville" or "Times New Roman" in bold. Would you like to know more about either?
I love "Baskerville"! How does it look in bold?
  [37mname=Baskerville, font_type=Serif, readability=None, mood=Classic, weight=Bold, size=None, color=None, style=None[0m
"Baskerville" in bold has a strong, elegant appearance with sharp contrast. It’s perfect for a classic feel!
That sounds perfect! Let's go with "Baskerville" bold for the title font.
  [37mname=Baskerville, font_type=Serif, readability=None, mood=Classic, weight=Bold, size=None, color=None, style=None[0m
Excellent choice! "Baskerville" bold will look fantastic on your cover.
----------------------------------------------------------------------------------------------------
Thanks! Now, can you help me find some Visual Themes that fit a mystery vibe?
  [37mname=Vintage Mystery, theme=Mystery, imagery=None, color_palette=Warm, target_audience=None, mood=Dark, cultural_elements=None[0m
Sure! For a mystery vibe, I recommend "Classic Mystery" and "Cozy Mystery." Which one interests you more?
I'm leaning towards "Classic Mystery." What does that theme look like?
  [37mname=Vintage Mystery, theme=Mystery, imagery=None, color_palette=Warm, target_audience=None, mood=Dark, cultural_elements=None[0m
The "Classic Mystery" theme features photographic imagery, warm colors, and a dark mood with Victorian era elements.
That sounds intriguing! I think "Classic Mystery" is the one for me.
  [37mname=Classic Mystery, theme=Mystery, imagery=Photographic, color_palette=Warm, target_audience=None, mood=Dark, cultural_elements=Victorian era elements[0m
Fantastic choice! "Classic Mystery" will beautifully complement your novel.
====================================================================================================
----------------------------------------------------------------------------------------------------
I'm looking for a vintage cover design.
  [37mname=None, style=vintage, color_scheme=None, genre=None, font_preference=None, theme=None[0m
Great choice! Do you have a specific genre in mind, like fiction or mystery?
Yes, it's fiction.
  [37mname=None, style=vintage, color_scheme=None, genre=fiction, font_preference=None, theme=None[0m
Perfect! Would you prefer a pastel color scheme or something else?
I prefer a pastel color scheme.
  [37mname=None, style=vintage, color_scheme=pastel, genre=fiction, font_preference=None, theme=None[0m
Awesome! I have a couple of options: "Vintage Fiction" with pastel colors. Does that sound good?
That sounds great! What about the font style?
  [37mname=Vintage Fiction, style=vintage, color_scheme=pastel, genre=fiction, font_preference=None, theme=None[0m
The "Vintage Fiction" cover uses a sans-serif font. Does that work for you?
Yes, that works for me! What about the overall theme?
  [37mname=Vintage Fiction, style=vintage, color_scheme=pastel, genre=fiction, font_preference=sans-serif, theme=None[0m
The theme for "Vintage Fiction" is light. Does that fit your vision?
Yes, that fits perfectly! Let's go with "Vintage Fiction."
  [37mname=Vintage Fiction, style=vintage, color_scheme=pastel, genre=fiction, font_preference=sans-serif, theme=light[0m
Fantastic choice! "Vintage Fiction" it is!
----------------------------------------------------------------------------------------------------
Now, can you help me find a suitable Title Font?
  [37mname=Vintage Fiction, font_type=Sans-Serif, readability=None, mood=None, weight=None, size=None, color=None, style=None[0m
Of course! What mood do you want the title font to convey?
I want it to convey a classic mood.
  [37mname=None, font_type=Sans-Serif, readability=None, mood=Classic, weight=None, size=None, color=None, style=None[0m
Great! Would you prefer a serif font for that classic feel?
Yes, a serif font would be perfect!
  [37mname=None, font_type=Serif, readability=None, mood=Classic, weight=None, size=None, color=None, style=None[0m
How about "Baskerville" or "Garamond"? Both are classic serif fonts.
I like "Garamond"! What size do you recommend?
  [37mname=Garamond, font_type=Serif, readability=None, mood=Classic, weight=None, size=None, color=None, style=None[0m
I recommend a size of 12 points for a balanced look. Does that work for you?
Yes, 12 points sounds good! What about the color?
  [37mname=Garamond, font_type=Serif, readability=None, mood=Classic, weight=None, size=12, color=None, style=None[0m
For a classic look, a dark color like #000000 or #333333 would work well. Which do you prefer?
I prefer #333333 for a softer touch.
  [37mname=Garamond, font_type=Serif, readability=None, mood=Classic, weight=None, size=12, color=#333333, style=None[0m
Perfect choice! So, we have "Garamond" in 12 points, color #333333. Shall we finalize that?
----------------------------------------------------------------------------------------------------
Yes, let’s finalize that! Now, can we explore some Visual Themes?
  [37mname=Vintage Fiction, theme=None, imagery=None, color_palette=Pastel, target_audience=None, mood=Light, cultural_elements=None[0m
Absolutely! What specific characteristics are you looking for in a Visual Theme?
I’m looking for something abstract and vibrant.
  [37mname=None, theme=None, imagery=Abstract, color_palette=Vibrant, target_audience=None, mood=None, cultural_elements=None[0m
Got it! How about "Futuristic Fantasy" or "Futuristic Sci-Fi"? Both are abstract and vibrant!
I like "Futuristic Fantasy"! Can we finalize that?
  [37mname=Futuristic Fantasy, theme=None, imagery=Abstract, color_palette=Vibrant, target_audience=None, mood=None, cultural_elements=None[0m
Yes, "Futuristic Fantasy" is finalized! Great choice!
====================================================================================================
Generating dialogues for data/DOTS/train/0109__habitat_types__species_for_rehabilitation__conservation_techniques
----------------------------------------------------------------------------------------------------
Hey, I'm looking for a tropical habitat in the USA, about 1000 square kilometers. Any ideas?
  [37mname=None, location=USA, climate=Tropical, size=1000, terrain=None, accessibility=None, proximity_to_water=None, biodiversity_level=None[0m
You might want to consider the Florida Keys; it's tropical, coastal, and around 1,200 square kilometers.
That sounds great! Is it easily accessible?
  [37mname=None, location=USA, climate=Tropical, size=1000, terrain=Coastal, accessibility=None, proximity_to_water=None, biodiversity_level=None[0m
Yes, the Florida Keys are easy to access.
Perfect! Is there a water source nearby?
  [37mname=None, location=USA, climate=Tropical, size=1000, terrain=Coastal, accessibility=Easy, proximity_to_water=True, biodiversity_level=None[0m
Yes, the Florida Keys are near a water source.
Awesome! How's the biodiversity level there?
  [37mname=None, location=USA, climate=Tropical, size=1000, terrain=Coastal, accessibility=Easy, proximity_to_water=True, biodiversity_level=None[0m
The biodiversity level in the Florida Keys is medium.
That sounds good! I think I’ll go with the Florida Keys for our habitat.
  [37mname=Florida Keys, location=USA, climate=Tropical, size=1000, terrain=Coastal, accessibility=Easy, proximity_to_water=True, biodiversity_level=Medium[0m
Great choice! The Florida Keys will be a fantastic habitat for your project!
----------------------------------------------------------------------------------------------------
Thanks! Now, can you suggest some omnivorous species that thrive in tropical habitats?
  [37mname=None, endangerment_status=None, habitat_preference=Marine, diet=Omnivore, geographic_location=USA, size_category=None, reproduction_rate=None, social_structure=None, climate_preference=Tropical, special_concerns=None[0m
You could consider the Florida Black Bear; it's omnivorous and thrives in tropical habitats.
The Florida Black Bear sounds like a solid option! What’s its social structure like?
  [37mname=Florida Black Bear, endangerment_status=None, habitat_preference=Forest, diet=Omnivore, geographic_location=USA, size_category=None, reproduction_rate=None, social_structure=Solitary, climate_preference=Tropical, special_concerns=None[0m
The Florida Black Bear has a social structure of groups.
That's perfect! Are there any special concerns regarding their rehabilitation?
  [37mname=Florida Black Bear, endangerment_status=None, habitat_preference=Forest, diet=Omnivore, geographic_location=USA, size_category=None, reproduction_rate=None, social_structure=Group, climate_preference=Tropical, special_concerns=None[0m
Yes, habitat loss is a special concern for the Florida Black Bear.
Got it! I think the Florida Black Bear is a suitable choice for rehabilitation. Thanks for your help!
  [37mname=Florida Black Bear, endangerment_status=None, habitat_preference=None, diet=Omnivore, geographic_location=USA, size_category=None, reproduction_rate=None, social_structure=Group, climate_preference=Tropical, special_concerns=Habitat loss[0m
You're welcome! The Florida Black Bear will be a great choice for rehabilitation!
----------------------------------------------------------------------------------------------------
Thanks! Now, can you help me find a suitable conservation technique for the forest habitat?
  [37mname=None, method=None, duration=None, community_involvement=None, cost_concern=None, species_focus=Florida Black Bear, habitat_type=forest, ecological_benefit=None[0m
Sure! What specific criteria do you have in mind for the conservation technique?
I'm thinking about in-situ conservation with community involvement and low cost.
  [37mname=None, method=in-situ conservation, duration=None, community_involvement=True, cost_concern=low, species_focus=Florida Black Bear, habitat_type=forest, ecological_benefit=None[0m
I recommend the "Participatory Conservation" technique; it matches your criteria!
That sounds great! What are the ecological benefits of Participatory Conservation?
  [37mname=Participatory Conservation, method=in-situ conservation, duration=None, community_involvement=True, cost_concern=low, species_focus=Florida Black Bear, habitat_type=forest, ecological_benefit=None[0m
It improves forest health and local wildlife populations.
====================================================================================================
----------------------------------------------------------------------------------------------------
Hey! I'm looking for a habitat in the Northern Hemisphere. Do you have any suggestions?
  [37mname=None, location=Northern Hemisphere, climate=None, size=None, terrain=None, accessibility=None, proximity_to_water=None, biodiversity_level=None[0m
Sure! Are you looking for a specific climate or terrain type?
Yes, I'm interested in a temperate climate and forest terrain.
  [37mname=None, location=Northern Hemisphere, climate=Temperate, size=None, terrain=Forest, accessibility=None, proximity_to_water=None, biodiversity_level=None[0m
You might like the Boreal Forest or Taiga. Do either of those sound good to you?
Boreal Forest sounds promising! What can you tell me about its size?
  [37mname=Boreal Forest, location=None, climate=Temperate, size=None, terrain=Forest, accessibility=None, proximity_to_water=None, biodiversity_level=None[0m
The Boreal Forest is quite large, with a size of 6 million square kilometers.
That's great! Does it have a moderate accessibility level?
  [37mname=Boreal Forest, location=None, climate=Temperate, size=None, terrain=Forest, accessibility=Moderate, proximity_to_water=None, biodiversity_level=None[0m
Yes, the Boreal Forest has moderate accessibility. Would you like to know more about its biodiversity level?
Absolutely! What's the biodiversity level like in the Boreal Forest?
  [37mname=Boreal Forest, location=None, climate=Temperate, size=6000000, terrain=Forest, accessibility=Moderate, proximity_to_water=None, biodiversity_level=None[0m
The biodiversity level in the Boreal Forest is medium. Does that meet your needs?
Yes, that fits perfectly! Does it have proximity to water sources?
  [37mname=Boreal Forest, location=Northern Hemisphere, climate=Temperate, size=6000000, terrain=Forest, accessibility=Moderate, proximity_to_water=None, biodiversity_level=Medium[0m
Yes, the Boreal Forest is near water sources. Are you ready to confirm your choice?
Yes, I'm ready to confirm the Boreal Forest as my habitat choice! Thank you!
  [37mname=Boreal Forest, location=None, climate=Temperate, size=6000000, terrain=Forest, accessibility=Moderate, proximity_to_water=True, biodiversity_level=Medium[0m
You're welcome! Great choice with the Boreal Forest!
----------------------------------------------------------------------------------------------------
Thanks! Now, can we look for a large omnivore species suitable for forest habitats?
  [37mname=None, endangerment_status=None, habitat_preference=Forest, diet=Omnivore, geographic_location=Northern Hemisphere, size_category=Large, reproduction_rate=None, social_structure=None, climate_preference=Temperate, special_concerns=None[0m
Sure! I have a couple of options in mind. Are you okay with critically endangered species?
I prefer to focus on species that are not critically endangered, if possible.
  [37mname=None, endangerment_status=Endangered, habitat_preference=Forest, diet=Omnivore, geographic_location=Northern Hemisphere, size_category=Large, reproduction_rate=None, social_structure=None, climate_preference=Temperate, special_concerns=None[0m
Got it! The Asian Elephant is a large omnivore in forest habitats and is endangered, not critically. Does that work for you?
Yes, the Asian Elephant sounds like a great choice! What about its reproduction rate?
  [37mname=Asian Elephant, endangerment_status=Endangered, habitat_preference=Forest, diet=Omnivore, geographic_location=None, size_category=Large, reproduction_rate=None, social_structure=None, climate_preference=Temperate, special_concerns=None[0m
The Asian Elephant has a reproduction rate of 2-4 years between calves. Does that fit your needs?
That's a bit quicker than I prefer—I'm looking for a species with a slower reproduction rate, like one infant every 8 years. Any other suggestions?
  [37mname=None, endangerment_status=Endangered, habitat_preference=Forest, diet=Omnivore, geographic_location=None, size_category=Large, reproduction_rate=None, social_structure=None, climate_preference=Temperate, special_concerns=None[0m
The Bornean Orangutan has a reproduction rate of 1 infant every 8 years. Would that work for you?
Yes, the Bornean Orangutan fits perfectly! What about its social structure?
  [37mname=Bornean Orangutan, endangerment_status=Endangered, habitat_preference=Forest, diet=Omnivore, geographic_location=None, size_category=Large, reproduction_rate=1 infant every 8 years, social_structure=Solitary, climate_preference=Tropical, special_concerns=None[0m
The Bornean Orangutan has a solitary social structure. Does that meet your criteria?
----------------------------------------------------------------------------------------------------
Yes, that works for my criteria! Now, can you help me find a suitable in-situ conservation technique for the forest habitat?
  [37mname=None, method=in-situ conservation, duration=None, community_involvement=None, cost_concern=None, species_focus=Bornean Orangutan, habitat_type=forest, ecological_benefit=None[0m
Sure! Are you looking for a technique that involves community involvement or one that doesn't?
I'm open to either, but I'd like to explore options that do involve community involvement.
  [37mname=None, method=in-situ conservation, duration=None, community_involvement=True, cost_concern=None, species_focus=Bornean Orangutan, habitat_type=forest, ecological_benefit=None[0m
Great! The Community-Based Conservation technique involves community involvement and focuses on the African Elephant. Would you like to know more about it?
I'm looking for a technique that focuses on forest habitats, though. Any other options?
  [37mname=None, method=in-situ conservation, duration=None, community_involvement=True, cost_concern=None, species_focus=None, habitat_type=forest, ecological_benefit=None[0m
The In-situ Conservation Program focuses on the Sumatran Tiger in forest habitats and involves community involvement. Does that sound good?
Yes, the In-situ Conservation Program for the Sumatran Tiger sounds perfect! What are its main ecological benefits?
  [37mname=In-situ Conservation Program, method=in-situ conservation, duration=None, community_involvement=True, cost_concern=None, species_focus=Sumatran Tiger, habitat_type=forest, ecological_benefit=None[0m
The main ecological benefit is that it protects natural habitat and supports wild populations. Are you ready to confirm this choice?
Yes, I'm ready to confirm the In-situ Conservation Program for the Sumatran Tiger! Thank you!
  [37mname=In-situ Conservation Program, method=in-situ conservation, duration=None, community_involvement=True, cost_concern=None, species_focus=Sumatran Tiger, habitat_type=forest, ecological_benefit=protects natural habitat and supports wild populations[0m
You're welcome! Great choice with the In-situ Conservation Program!
====================================================================================================
----------------------------------------------------------------------------------------------------
Hey, I’m looking for a habitat in Tanzania, ideally around 28,000 square kilometers. Do you have any suggestions?
  [37mname=None, location=Tanzania, climate=None, size=28000, terrain=None, accessibility=None, proximity_to_water=None, biodiversity_level=None[0m
Yes, I suggest the Serengeti Plains, which is about 30,000 square kilometers. Would that work for you?
That sounds great! Is it near a water source?
  [37mname=None, location=Tanzania, climate=None, size=28000, terrain=None, accessibility=None, proximity_to_water=None, biodiversity_level=None[0m
Yes, the Serengeti Plains is near a water source.
Perfect! What's the biodiversity level like there?
  [37mname=Serengeti Plains, location=Tanzania, climate=None, size=28000, terrain=None, accessibility=None, proximity_to_water=True, biodiversity_level=None[0m
The biodiversity level in the Serengeti Plains is medium.
Awesome! I think the Serengeti Plains would be a suitable choice for our conservation efforts.
  [37mname=Serengeti Plains, location=Tanzania, climate=None, size=28000, terrain=None, accessibility=None, proximity_to_water=True, biodiversity_level=Medium[0m
Great choice! The Serengeti Plains will be excellent for your conservation efforts.
----------------------------------------------------------------------------------------------------
Thanks! Now, can you help me find an endangered marine species that’s large and omnivorous?
  [37mname=None, endangerment_status=Endangered, habitat_preference=Marine, diet=Omnivore, geographic_location=Tanzania, size_category=Large, reproduction_rate=None, social_structure=None, climate_preference=None, special_concerns=None[0m
Sure! The Loggerhead Turtle fits your criteria as an endangered, large, omnivorous marine species. Would you like to know more about it?
Yes, please! What’s its reproduction rate?
  [37mname=Loggerhead Turtle, endangerment_status=Endangered, habitat_preference=Marine, diet=Omnivore, geographic_location=Tanzania, size_category=Large, reproduction_rate=None, social_structure=None, climate_preference=None, special_concerns=None[0m
The Loggerhead Turtle has a reproduction rate of every 2-3 years.
That works! How does the Loggerhead Turtle typically socialize?
  [37mname=Loggerhead Turtle, endangerment_status=Endangered, habitat_preference=Marine, diet=Omnivore, geographic_location=Tanzania, size_category=Large, reproduction_rate=Every 2-3 years, social_structure=None, climate_preference=None, special_concerns=None[0m
The Loggerhead Turtle is typically solitary.
Great! Any special concerns regarding the Loggerhead Turtle for rehabilitation?
  [37mname=Loggerhead Turtle, endangerment_status=Endangered, habitat_preference=Marine, diet=Omnivore, geographic_location=Tanzania, size_category=Large, reproduction_rate=Every 2-3 years, social_structure=Solitary, climate_preference=None, special_concerns=None[0m
Yes, the main concern is bycatch in fishing gear.
Got it! I think the Loggerhead Turtle is the right choice for rehabilitation. Thanks for your help!
  [37mname=Loggerhead Turtle, endangerment_status=Endangered, habitat_preference=Marine, diet=Omnivore, geographic_location=Tanzania, size_category=Large, reproduction_rate=Every 2-3 years, social_structure=Solitary, climate_preference=None, special_concerns=Bycatch in fishing gear[0m
You're welcome! The Loggerhead Turtle is a fantastic choice. Good luck with your conservation efforts!
----------------------------------------------------------------------------------------------------
Thanks! Now, can you help me find a suitable ex-situ conservation technique for endangered fish species?
  [37mname=None, method=ex-situ conservation, duration=None, community_involvement=None, cost_concern=None, species_focus=Loggerhead Turtle, habitat_type=marine, ecological_benefit=None[0m
Sure! I recommend the "Aquatic Species Conservation" technique, which focuses on endangered fish species. Would you like more details?
Yes, what’s the expected duration for that technique?
  [37mname=Aquatic Species Conservation, method=ex-situ conservation, duration=None, community_involvement=None, cost_concern=None, species_focus=Loggerhead Turtle, habitat_type=marine, ecological_benefit=None[0m
The expected duration for the "Aquatic Species Conservation" technique is 10 years.
====================================================================================================
----------------------------------------------------------------------------------------------------
Hey, I'm looking for a habitat in Canada, preferably a temperate forest. What do you think?
  [37mname=None, location=Canada, climate=Temperate, size=None, terrain=Forest, accessibility=None, proximity_to_water=None, biodiversity_level=None[0m
You might like the Boreal Forest in Canada; it's a temperate forest with medium biodiversity.
That's interesting! But I'm aiming for a high biodiversity level. Any other suggestions?
  [37mname=None, location=Canada, climate=Temperate, size=None, terrain=Forest, accessibility=None, proximity_to_water=None, biodiversity_level=High[0m
You could consider the Temperate Rainforest in Canada; it has a high biodiversity level!
Perfect! How accessible is the Temperate Rainforest?
  [37mname=Temperate Rainforest, location=Canada, climate=Temperate, size=None, terrain=Forest, accessibility=None, proximity_to_water=None, biodiversity_level=High[0m
The Temperate Rainforest is easy to access.
Great! Is it close to a water source?
  [37mname=Temperate Rainforest, location=Canada, climate=Temperate, size=None, terrain=Forest, accessibility=Easy, proximity_to_water=True, biodiversity_level=High[0m
Yes, the Temperate Rainforest is near a water source.
Awesome! What about the size of the Temperate Rainforest? Is it large enough?
  [37mname=Temperate Rainforest, location=Canada, climate=Temperate, size=None, terrain=Forest, accessibility=Easy, proximity_to_water=True, biodiversity_level=High[0m
The Temperate Rainforest is about 7 million square kilometers, which is quite large!
That sounds perfect! I think the Temperate Rainforest is the right choice for our habitat.
  [37mname=Temperate Rainforest, location=Canada, climate=Temperate, size=7000000, terrain=Forest, accessibility=Easy, proximity_to_water=True, biodiversity_level=High[0m
Fantastic choice! The Temperate Rainforest will be a great habitat for your conservation efforts.
----------------------------------------------------------------------------------------------------
Thanks! Now, can you suggest a medium-sized herbivore that thrives in grasslands?
  [37mname=None, endangerment_status=None, habitat_preference=Grassland, diet=Herbivore, geographic_location=None, size_category=Medium, reproduction_rate=None, social_structure=None, climate_preference=None, special_concerns=None[0m
The Eastern Cottontail would be a great medium-sized herbivore for grasslands!
Awesome! What can you tell me about the Eastern Cottontail's social structure?
  [37mname=Eastern Cottontail, endangerment_status=None, habitat_preference=Grassland, diet=Herbivore, geographic_location=Canada, size_category=Medium, reproduction_rate=None, social_structure=Group, climate_preference=Temperate, special_concerns=None[0m
The Eastern Cottontail has a social structure of living in groups.
That's perfect! How often do they reproduce?
  [37mname=Eastern Cottontail, endangerment_status=None, habitat_preference=Grassland, diet=Herbivore, geographic_location=Canada, size_category=Medium, reproduction_rate=None, social_structure=Group, climate_preference=Temperate, special_concerns=None[0m
Eastern Cottontails reproduce 3 to 12 kits per litter.
Great! Do you know their endangerment status?
  [37mname=Eastern Cottontail, endangerment_status=Least Concern, habitat_preference=Grassland, diet=Herbivore, geographic_location=None, size_category=Medium, reproduction_rate=3 to 12 kits per litter, social_structure=Group, climate_preference=None, special_concerns=None[0m
The Eastern Cottontail is listed as Least Concern.
----------------------------------------------------------------------------------------------------
That’s good to know! Now, I’m looking for a conservation technique focused on endangered amphibians. Any ideas?
  [37mname=None, method=None, duration=None, community_involvement=None, cost_concern=None, species_focus=Eastern Cottontail, habitat_type=grassland, ecological_benefit=None[0m
You might consider the Amphibian Habitat Protection technique, which focuses on endangered amphibians.
Sounds promising! Is the Amphibian Habitat Protection technique primarily ex-situ conservation?
  [37mname=Amphibian Habitat Protection, method=ex-situ conservation, duration=None, community_involvement=None, cost_concern=None, species_focus=endangered amphibians, habitat_type=None, ecological_benefit=None[0m
Yes, the Amphibian Habitat Protection technique is primarily an ex-situ conservation method.
Perfect! Does it involve community involvement?
  [37mname=Amphibian Habitat Protection, method=ex-situ conservation, duration=None, community_involvement=None, cost_concern=None, species_focus=endangered amphibians, habitat_type=None, ecological_benefit=None[0m
No, the Amphibian Habitat Protection technique does not involve community involvement.
Great! What about the expected duration of this technique?
  [37mname=Amphibian Habitat Protection, method=ex-situ conservation, duration=None, community_involvement=False, cost_concern=None, species_focus=endangered amphibians, habitat_type=None, ecological_benefit=None[0m
The expected duration of the Amphibian Habitat Protection technique is long-term.
That fits well! Lastly, what are the ecological benefits of this technique?
  [37mname=Amphibian Habitat Protection, method=ex-situ conservation, duration=long-term, community_involvement=False, cost_concern=None, species_focus=endangered amphibians, habitat_type=None, ecological_benefit=None[0m
It preserves critical breeding grounds for endangered amphibians.
====================================================================================================
----------------------------------------------------------------------------------------------------
Hey, I’m looking for a habitat in the USA, preferably in an arid climate. What do you think?
  [37mname=None, location=USA, climate=Arid, size=None, terrain=None, accessibility=None, proximity_to_water=None, biodiversity_level=None[0m
You might consider the Mojave Desert or the Sonoran Desert; both are arid habitats in the USA.
Great suggestions! How do they compare in terms of size?
  [37mname=None, location=USA, climate=Arid, size=None, terrain=Desert, accessibility=None, proximity_to_water=None, biodiversity_level=None[0m
The Mojave Desert is 5,700 square kilometers, while the Sonoran Desert is 3,100 square kilometers.
I'm aiming for at least 100,000 square kilometers. Do you know of any larger arid habitats?
  [37mname=None, location=USA, climate=Arid, size=100000, terrain=None, accessibility=None, proximity_to_water=None, biodiversity_level=None[0m
Unfortunately, none of the arid habitats listed meet that size requirement; the Sahara Desert is the largest at 9,200,000 square kilometers, but it's in North Africa.
Got it, maybe I should adjust my size preference then. What’s the largest arid habitat in the USA?
  [37mname=None, location=USA, climate=Arid, size=None, terrain=Desert, accessibility=None, proximity_to_water=None, biodiversity_level=None[0m
The largest arid habitat in the USA is the Mojave Desert at 5,700 square kilometers.
Thanks! I’ll consider the Mojave Desert then. How's the biodiversity level there?
  [37mname=None, location=USA, climate=Arid, size=5700, terrain=Desert, accessibility=None, proximity_to_water=None, biodiversity_level=None[0m
The biodiversity level in the Mojave Desert is low.
That works for me. Is the Mojave Desert easily accessible?
  [37mname=Mojave Desert, location=USA, climate=Arid, size=None, terrain=Desert, accessibility=None, proximity_to_water=None, biodiversity_level=Low[0m
The Mojave Desert has moderate accessibility.
Sounds good! Is there a water source nearby in the Mojave Desert?