eval_data_path	downsample_eval_dialogues	iteration_path	model_to_load	schema_mode	infer_full_dialogue_schema_first	infer_independently_per_dialogue	infer_independently_per_turn	max_schema_size	infer_bad_slots_by_tracked_counts	infer_bad_slots_by_min_count_per_dialogue_window	timestamp	train_data_path	base_model_repo_id	state_mode	slot_precision	slot_recall	slot_f1	value_precision	value_recall	value_f1	macro_value_precision	macro_value_recall	macro_value_f1	matching	matcher
data/multiwoz24/dev_dials.json	3	MM_ss_3_tebu/0	ex/MajesticMygeeto_tebu/10000	schema	False	False	False	100	True	[2, 10]	1738871913	data/d0t/dot_2	meta-llama/Llama-3.2-1B-Instruct	states	0.4	0.07692307692307693	0.12903225806451613	1.0	0.75	0.8571428571428572	1.0	0.8333333333333333	0.9090909090909091	{'accommodation, type': 'hotel, type', 'hotel, check_in_day': 'hotel, book day'}	exact string
data/multiwoz24/dev_dials.json	3	MM_ds_3_tebu/0	ex/MajesticMygeeto_tebu/10000	schema	True	False	False	100	True	[2, 10]	1738871913	data/d0t/dot_2	meta-llama/Llama-3.2-1B-Instruct	states	0.2857142857142857	0.09090909090909091	0.13793103448275862	1.0	0.8	0.8888888888888888	1.0	0.75	0.8571428571428572	{'best restaurants, cuisine': 'restaurant, food', 'accommodation quality, name': 'hotel, name'}	exact string
data/multiwoz24/dev_dials.json	3	MM_dc_3_tebu/0	ex/MajesticMygeeto_tebu/10000	schema	True	True	False	100	True	[2, 10]	1738871913	data/d0t/dot_2	meta-llama/Llama-3.2-1B-Instruct	states	0.25	0.125	0.16666666666666666	0.8	1.0	0.8888888888888888	0.8888888888888888	1.0	0.9411764705882353	{'restaurant, price_range': 'restaurant, pricerange', 'accommodation, max_number_of_guests': 'hotel, book stay', 'transportation, pick_up_point': 'attraction, name'}	exact string
data/multiwoz24/dev_dials.json	10	ImmortalCerea_tebu/10000	meta-llama/Llama-3.1-8B-Instruct	schema	True	False	False	100	True	[2, 10]	1738862877	data/d0t/dot_2	meta-llama/Llama-3.1-8B-Instruct	updates	None	None	None	None	None	None	None	None	None	None	None
data/multiwoz24/dev_dials.json	10	FieryMustafar_tebu/11301	meta-llama/Llama-3.1-8B-Instruct	schemaless	True	False	False	100	True	[2, 10]	1738859122	data/d0t	meta-llama/Llama-3.1-8B-Instruct	updates	None	None	None	None	None	None	None	None	None	None	None
data/multiwoz24/dev_dials.json	10	FieryMustafar_tebu/10000	meta-llama/Llama-3.1-8B-Instruct	schemaless	True	False	False	100	True	[2, 10]	1738855287	data/d0t	meta-llama/Llama-3.1-8B-Instruct	updates	None	None	None	None	None	None	None	None	None	None	None
data/multiwoz24/dev_dials.json	10	ExoticTeth_tebu/9280	meta-llama/Llama-3.1-8B-Instruct	schema	True	False	False	100	True	[2, 10]	1738853991	data/sgd/train	meta-llama/Llama-3.1-8B-Instruct	states	None	None	None	None	None	None	None	None	None	None	None
data/multiwoz24/dev_dials.json	10	ImmortalCerea_tebu/7000	meta-llama/Llama-3.1-8B-Instruct	schema	True	False	False	100	True	[2, 10]	1738851684	data/d0t/dot_2	meta-llama/Llama-3.1-8B-Instruct	updates	None	None	None	None	None	None	None	None	None	None	None
data/multiwoz24/dev_dials.json	10	ExoticTeth_tebu/7000	meta-llama/Llama-3.1-8B-Instruct	schema	True	False	False	100	True	[2, 10]	1738848457	data/sgd/train	meta-llama/Llama-3.1-8B-Instruct	states	None	None	None	None	None	None	None	None	None	None	None
data/multiwoz24/dev_dials.json	10	FieryMustafar_tebu/7000	meta-llama/Llama-3.1-8B-Instruct	schemaless	True	False	False	100	True	[2, 10]	1738846469	data/d0t	meta-llama/Llama-3.1-8B-Instruct	updates	None	None	None	None	None	None	None	None	None	None	None
data/multiwoz24/dev_dials.json	10	LivelyYoda_tebu/11301	meta-llama/Llama-3.2-3B-Instruct	schemaless	True	False	False	100	True	[2, 10]	1738843784	data/d0t	meta-llama/Llama-3.2-3B-Instruct	updates	None	None	None	None	None	None	None	None	None	None	None
data/multiwoz24/dev_dials.json	10	LivelyYoda_tebu/10000	meta-llama/Llama-3.2-3B-Instruct	schemaless	True	False	False	100	True	[2, 10]	1738841741	data/d0t	meta-llama/Llama-3.2-3B-Instruct	updates	None	None	None	None	None	None	None	None	None	None	None
data/multiwoz24/dev_dials.json	10	ImmortalCerea_tebu/4000	meta-llama/Llama-3.1-8B-Instruct	schema	True	False	False	100	True	[2, 10]	1738840516	data/d0t/dot_2	meta-llama/Llama-3.1-8B-Instruct	updates	None	None	None	None	None	None	None	None	None	None	None
data/multiwoz24/dev_dials.json	10	ExoticTeth_tebu/4000	meta-llama/Llama-3.1-8B-Instruct	schema	True	False	False	100	True	[2, 10]	1738839893	data/sgd/train	meta-llama/Llama-3.1-8B-Instruct	states	None	None	None	None	None	None	None	None	None	None	None
data/multiwoz24/dev_dials.json	10	FieryMustafar_tebu/4000	meta-llama/Llama-3.1-8B-Instruct	schemaless	True	False	False	100	True	[2, 10]	1738837615	data/d0t	meta-llama/Llama-3.1-8B-Instruct	updates	None	None	None	None	None	None	None	None	None	None	None
data/multiwoz24/dev_dials.json	10	LivelyYoda_tebu/7000	meta-llama/Llama-3.2-3B-Instruct	schemaless	True	False	False	100	True	[2, 10]	1738837046	data/d0t	meta-llama/Llama-3.2-3B-Instruct	updates	None	None	None	None	None	None	None	None	None	None	None
data/multiwoz24/dev_dials.json	10	LegendaryDarthMaul_tebu/9280	meta-llama/Llama-3.2-3B-Instruct	schema	True	False	False	100	True	[2, 10]	1738836885	data/sgd/train	meta-llama/Llama-3.2-3B-Instruct	states	None	None	None	None	None	None	None	None	None	None	None
data/multiwoz24/dev_dials.json	10	LegendaryDarthMaul_tebu/7000	meta-llama/Llama-3.2-3B-Instruct	schema	True	False	False	100	True	[2, 10]	1738834118	data/sgd/train	meta-llama/Llama-3.2-3B-Instruct	states	None	None	None	None	None	None	None	None	None	None	None
data/multiwoz24/dev_dials.json	10	ImmortalCerea_tebu/2000	meta-llama/Llama-3.1-8B-Instruct	schema	True	False	False	100	True	[2, 10]	1738833032	data/d0t/dot_2	meta-llama/Llama-3.1-8B-Instruct	updates	None	None	None	None	None	None	None	None	None	None	None
data/multiwoz24/dev_dials.json	10	LivelyYoda_tebu/4000	meta-llama/Llama-3.2-3B-Instruct	schemaless	True	False	False	100	True	[2, 10]	1738832354	data/d0t	meta-llama/Llama-3.2-3B-Instruct	updates	None	None	None	None	None	None	None	None	None	None	None
data/multiwoz24/dev_dials.json	10	ExoticTeth_tebu/2000	meta-llama/Llama-3.1-8B-Instruct	schema	True	False	False	100	True	[2, 10]	1738832312	data/sgd/train	meta-llama/Llama-3.1-8B-Instruct	states	None	None	None	None	None	None	None	None	None	None	None
data/multiwoz24/dev_dials.json	10	FieryMustafar_tebu/2000	meta-llama/Llama-3.1-8B-Instruct	schemaless	True	False	False	100	True	[2, 10]	1738831738	data/d0t	meta-llama/Llama-3.1-8B-Instruct	updates	None	None	None	None	None	None	None	None	None	None	None
data/multiwoz24/dev_dials.json	10	LegendaryDarthMaul_tebu/4000	meta-llama/Llama-3.2-3B-Instruct	schema	True	False	False	100	True	[2, 10]	1738830492	data/sgd/train	meta-llama/Llama-3.2-3B-Instruct	states	None	None	None	None	None	None	None	None	None	None	None
data/multiwoz24/dev_dials.json	10	ImmortalCerea_tebu/1000	meta-llama/Llama-3.1-8B-Instruct	schema	True	False	False	100	True	[2, 10]	1738829296	data/d0t/dot_2	meta-llama/Llama-3.1-8B-Instruct	updates	None	None	None	None	None	None	None	None	None	None	None
data/multiwoz24/dev_dials.json	10	LivelyYoda_tebu/2000	meta-llama/Llama-3.2-3B-Instruct	schemaless	True	False	False	100	True	[2, 10]	1738829211	data/d0t	meta-llama/Llama-3.2-3B-Instruct	updates	None	None	None	None	None	None	None	None	None	None	None
data/multiwoz24/dev_dials.json	10	FieryMustafar_tebu/1000	meta-llama/Llama-3.1-8B-Instruct	schemaless	True	False	False	100	True	[2, 10]	1738828788	data/d0t	meta-llama/Llama-3.1-8B-Instruct	updates	None	None	None	None	None	None	None	None	None	None	None
data/multiwoz24/dev_dials.json	10	ExoticTeth_tebu/1000	meta-llama/Llama-3.1-8B-Instruct	schema	True	False	False	100	True	[2, 10]	1738828318	data/sgd/train	meta-llama/Llama-3.1-8B-Instruct	states	None	None	None	None	None	None	None	None	None	None	None
data/multiwoz24/dev_dials.json	10	LegendaryDarthMaul_tebu/2000	meta-llama/Llama-3.2-3B-Instruct	schema	True	False	False	100	True	[2, 10]	1738828054	data/sgd/train	meta-llama/Llama-3.2-3B-Instruct	states	None	None	None	None	None	None	None	None	None	None	None
data/multiwoz24/dev_dials.json	None	J/0	ex/ResplendentKit_tebu/10000	schema	True	True	False	100	True	[2, 10]	1738827760	data/d0t/dot_2	meta-llama/Llama-3.1-8B-Instruct	states	None	None	None	None	None	None	None	None	None	None	None
data/multiwoz24/dev_dials.json	None	K/0	ex/FieryNalHutta_tebu/10000	schema	False	False	True	100	True	[2, 10]	1738827624	data/d0t/dot_2	meta-llama/Llama-3.2-1B-Instruct	updates	0.31746031746031744	0.6451612903225806	0.425531914893617	0.7498616491422246	0.10603333594177948	0.18579459755930344	0.7748778128790338	0.1165445516356014	0.20261503608008208	{'hotel, wireless_wifi': 'hotel, internet', 'accommodation, parking': 'hotel, parking', 'travel plans, arrival_time': 'train, arriveby', 'hotel, star_rating': 'hotel, stars', 'hotel_1, location_1': 'hotel, area', 'guest house, location': 'hotel, area', 'guest house, price_range': 'hotel, pricerange', 'guest house, star_rating': 'hotel, stars', 'hotel, price_range': 'hotel, pricerange', 'travel plans_1, destination_1': 'train, destination', 'guest house_1, name_1': 'hotel, name', 'hotel, duration': 'hotel, book stay', 'travel plans, date': 'train, day', 'accommodation, type': 'hotel, type', 'accommodation, star_rating': 'hotel, stars', 'restaurant_1, cuisine_1': 'restaurant, food', 'accommodation, start_date': 'hotel, book day', 'accommodation, number_of_people': 'hotel, book people', 'restaurant, time': 'restaurant, book time', 'restaurant, date': 'restaurant, book day', 'restaurant, budget_range': 'restaurant, pricerange', 'restaurant_2, cuisine_2': 'restaurant, food', 'travel plans_2, destination_2': 'train, destination', 'travel plans_3, destination_3': 'train, destination', 'transportation, destination': 'train, destination', 'restaurant_3, cuisine_3': 'restaurant, food', 'restaurant, price_range': 'restaurant, pricerange', 'restaurant_4, cuisine_4': 'restaurant, food', 'guest house_2, name_2': 'hotel, name', 'transportation options, departure_location': 'train, departure', 'restaurant_3, location_3': 'restaurant, area', 'reservation, day_of_week': 'restaurant, book day', 'restaurant_5, cuisine_5': 'restaurant, food', 'travel plans_5, destination_5': 'train, destination', 'hotel_1, name_1': 'hotel, name', 'hotel, cost_range': 'hotel, pricerange', 'location_2, name_2': 'attraction, name', 'hotel_2, name_2': 'hotel, name'}	exact string
data/multiwoz24/dev_dials.json	10	LivelyYoda_tebu/1000	meta-llama/Llama-3.2-3B-Instruct	schemaless	True	False	False	100	True	[2, 10]	1738827618	data/d0t	meta-llama/Llama-3.2-3B-Instruct	updates	None	None	None	None	None	None	None	None	None	None	None
data/multiwoz24/dev_dials.json	None	H/0	ex/ResplendentKit_tebu/10000	schema	True	False	False	100	True	[2, 10]	1738827442	data/d0t/dot_2	meta-llama/Llama-3.1-8B-Instruct	states	0.6521739130434783	0.4838709677419355	0.5555555555555556	0.69	0.7692613975711726	0.7274781135272521	0.7154740558228868	0.7630814267692622	0.7385112966833731	{'hotel, check_in_day': 'hotel, book day', 'hotel, star_rating': 'hotel, stars', 'hotel, name': 'hotel, name', 'hotel, duration': 'hotel, book stay', 'train tickets, destination': 'train, destination', 'train tickets, departure_station': 'train, departure', 'train tickets, arrival_time': 'train, arriveby', 'hotel, guest_room_requirement': 'hotel, book people', 'train tickets, group_size': 'train, book people', 'attractions, attraction_type': 'attraction, type', 'attractions, name': 'attraction, name', 'attractions, location': 'attraction, area', 'local restaurants, cuisine': 'restaurant, food', 'local restaurants, location': 'restaurant, area', 'local restaurants, name': 'restaurant, name'}	exact string
data/multiwoz24/dev_dials.json	10	ImmortalCerea_tebu/500	meta-llama/Llama-3.1-8B-Instruct	schema	True	False	False	100	True	[2, 10]	1738827433	data/d0t/dot_2	meta-llama/Llama-3.1-8B-Instruct	updates	None	None	None	None	None	None	None	None	None	None	None
data/multiwoz24/dev_dials.json	None	I/0	ex/ResplendentKit_tebu/10000	schema	False	False	False	100	True	[2, 10]	1738827418	data/d0t/dot_2	meta-llama/Llama-3.1-8B-Instruct	states	0.5142857142857142	0.5806451612903226	0.5454545454545454	0.7691034897713598	0.6738270954138113	0.7183197527395335	0.7912044430177942	0.6932710626203	0.7390073367698589	{'train, arrival_time': 'train, arriveby', 'accommodation, parking_included': 'hotel, parking', 'accommodation, duration_days': 'hotel, book stay', 'train, destination': 'train, destination', 'accommodation, star_rating': 'hotel, stars', 'accommodation, name': 'hotel, name', 'accommodation, checkin_date': 'hotel, book day', 'accommodation, max_stars': 'hotel, stars', 'train, day_of_week': 'train, day', 'train, origin': 'train, departure', 'accommodation, free_wifi': 'hotel, internet', 'accommodation, group_size': 'hotel, book people', 'train, capacity': 'train, book people', 'train, operating_day': 'train, day', 'local restaurant, location': 'restaurant, area', 'local restaurant, reservation_time': 'restaurant, book time', 'local restaurant, price_range': 'restaurant, pricerange', 'local restaurant, name': 'restaurant, name', 'local attractions, name': 'attraction, name', 'train, departure_station': 'train, departure', 'taxi, drop_off_location': 'taxi, destination', 'local restaurant, arrival_time': 'restaurant, book time', 'transport, arrival_location': 'train, destination'}	exact string
data/multiwoz24/dev_dials.json	10	FieryMustafar_tebu/500	meta-llama/Llama-3.1-8B-Instruct	schemaless	True	False	False	100	True	[2, 10]	1738827293	data/d0t	meta-llama/Llama-3.1-8B-Instruct	updates	None	None	None	None	None	None	None	None	None	None	None
data/multiwoz24/dev_dials.json	None	G/0	ex/RogueKefBir_tebu/10000	schema	True	False	False	100	True	[5, 25]	1738827217	data/d0t/dot_2	meta-llama/Llama-3.2-3B-Instruct	states	None	None	None	None	None	None	None	None	None	None	None
data/multiwoz24/dev_dials.json	None	F/0	ex/RogueKefBir_tebu/10000	schema	True	False	False	100	True	[2, 10]	1738827167	data/d0t/dot_2	meta-llama/Llama-3.2-3B-Instruct	states	None	None	None	None	None	None	None	None	None	None	None
data/multiwoz24/dev_dials.json	None	D/0	ex/RogueKefBir_tebu/10000	schema	True	True	False	100	True	[2, 10]	1738827086	data/d0t/dot_2	meta-llama/Llama-3.2-3B-Instruct	states	None	None	None	None	None	None	None	None	None	None	None
data/multiwoz24/dev_dials.json	None	C/0	ex/MajesticMygeeto_tebu/10000	schema	True	True	False	100	True	[2, 10]	1738826967	data/d0t/dot_2	meta-llama/Llama-3.2-1B-Instruct	states	None	None	None	None	None	None	None	None	None	None	None
data/multiwoz24/dev_dials.json	None	A/0	ex/MajesticMygeeto_tebu/10000	schema	True	False	False	100	True	[2, 10]	1738826922	data/d0t/dot_2	meta-llama/Llama-3.2-1B-Instruct	states	None	None	None	None	None	None	None	None	None	None	None
data/multiwoz24/dev_dials.json	10	ExoticTeth_tebu/500	meta-llama/Llama-3.1-8B-Instruct	schema	True	False	False	100	True	[2, 10]	1738826820	data/sgd/train	meta-llama/Llama-3.1-8B-Instruct	states	None	None	None	None	None	None	None	None	None	None	None
data/multiwoz24/dev_dials.json	10	LegendaryDarthMaul_tebu/1000	meta-llama/Llama-3.2-3B-Instruct	schema	True	False	False	100	True	[2, 10]	1738826808	data/sgd/train	meta-llama/Llama-3.2-3B-Instruct	states	None	None	None	None	None	None	None	None	None	None	None
data/multiwoz24/dev_dials.json	10	LivelyYoda_tebu/500	meta-llama/Llama-3.2-3B-Instruct	schemaless	True	False	False	100	True	[2, 10]	1738826803	data/d0t	meta-llama/Llama-3.2-3B-Instruct	updates	None	None	None	None	None	None	None	None	None	None	None
data/multiwoz24/dev_dials.json	10	trial/0	ex/ResplendentKit_tebu/4000	schema	False	False	False	100	True	[1, 5]	1738826621	data/d0t/dot_2	meta-llama/Llama-3.1-8B-Instruct	states	0.26	0.41935483870967744	0.3209876543209877	0.8103448275862069	0.6103896103896104	0.6962962962962963	0.8605263157894736	0.6526315789473685	0.7422974828375285	{'accommodation bookings, duration_days': 'hotel, book stay', 'train schedule, day': 'train, day', 'transportation bookings, seat_preference': 'train, book people', 'accommodation bookings, parking_available': 'hotel, internet', 'train schedule, departure_station': 'train, departure', 'train schedule, leave_station': 'train, departure', 'train schedule, destination': 'train, destination', 'transportation bookings, arrival_time': 'train, arriveby', 'accommodation bookings, check_in_date': 'hotel, book day', 'accommodation bookings, max_guests': 'hotel, book people', 'train schedule, arrival_station': 'train, destination', 'transportation bookings, day_of_travel': 'train, day', 'train schedule, departure_time': 'train, leaveat', 'restaurant reservations, price_range': 'restaurant, pricerange', 'restaurant reservations, location': 'restaurant, area', 'restaurant reservations, cuisine': 'restaurant, food', 'transport modes, arrival_time': 'train, arriveby', 'transport modes, destination': 'train, destination', 'transport modes, day_of_week': 'train, day'}	exact string
data/multiwoz24/dev_dials.json	10	FieryMustafar_tebu/200	meta-llama/Llama-3.1-8B-Instruct	schemaless	True	False	False	100	True	[2, 10]	1738826387	data/d0t	meta-llama/Llama-3.1-8B-Instruct	updates	None	None	None	None	None	None	None	None	None	None	None
data/multiwoz24/dev_dials.json	10	ImmortalCerea_tebu/200	meta-llama/Llama-3.1-8B-Instruct	schema	True	False	False	100	True	[2, 10]	1738826320	data/d0t/dot_2	meta-llama/Llama-3.1-8B-Instruct	updates	None	None	None	None	None	None	None	None	None	None	None
data/multiwoz24/dev_dials.json	10	LivelyYoda_tebu/200	meta-llama/Llama-3.2-3B-Instruct	schemaless	True	False	False	100	True	[2, 10]	1738826296	data/d0t	meta-llama/Llama-3.2-3B-Instruct	updates	None	None	None	None	None	None	None	None	None	None	None
data/multiwoz24/dev_dials.json	10	LegendaryDarthMaul_tebu/500	meta-llama/Llama-3.2-3B-Instruct	schema	True	False	False	100	True	[2, 10]	1738826152	data/sgd/train	meta-llama/Llama-3.2-3B-Instruct	states	None	None	None	None	None	None	None	None	None	None	None
data/multiwoz24/dev_dials.json	10	ExoticTeth_tebu/200	meta-llama/Llama-3.1-8B-Instruct	schema	True	False	False	100	True	[2, 10]	1738826052	data/sgd/train	meta-llama/Llama-3.1-8B-Instruct	states	None	None	None	None	None	None	None	None	None	None	None
data/multiwoz24/dev_dials.json	10	FieryMustafar_tebu/100	meta-llama/Llama-3.1-8B-Instruct	schemaless	True	False	False	100	True	[2, 10]	1738826038	data/d0t	meta-llama/Llama-3.1-8B-Instruct	updates	None	None	None	None	None	None	None	None	None	None	None
data/multiwoz24/dev_dials.json	10	ImmortalCerea_tebu/100	meta-llama/Llama-3.1-8B-Instruct	schema	True	False	False	100	True	[2, 10]	1738825941	data/d0t/dot_2	meta-llama/Llama-3.1-8B-Instruct	updates	None	None	None	None	None	None	None	None	None	None	None
data/multiwoz24/dev_dials.json	10	LivelyYoda_tebu/100	meta-llama/Llama-3.2-3B-Instruct	schemaless	True	False	False	100	True	[2, 10]	1738825936	data/d0t	meta-llama/Llama-3.2-3B-Instruct	updates	None	None	None	None	None	None	None	None	None	None	None
data/multiwoz24/dev_dials.json	10	LegendaryDarthMaul_tebu/200	meta-llama/Llama-3.2-3B-Instruct	schema	True	False	False	100	True	[2, 10]	1738825764	data/sgd/train	meta-llama/Llama-3.2-3B-Instruct	states	None	None	None	None	None	None	None	None	None	None	None
data/multiwoz24/dev_dials.json	10	ExoticTeth_tebu/100	meta-llama/Llama-3.1-8B-Instruct	schema	True	False	False	100	True	[2, 10]	1738825744	data/sgd/train	meta-llama/Llama-3.1-8B-Instruct	states	None	None	None	None	None	None	None	None	None	None	None
data/multiwoz24/dev_dials.json	10	LegendaryDarthMaul_tebu/100	meta-llama/Llama-3.2-3B-Instruct	schema	True	False	False	100	True	[2, 10]	1738825570	data/sgd/train	meta-llama/Llama-3.2-3B-Instruct	states	None	None	None	None	None	None	None	None	None	None	None
data/multiwoz24/dev_dials.json	10	trial/100	meta-llama/Llama-3.2-3B-Instruct	schema	True	False	False	100	True	[2, 10]	1738825259	data/sgd/train	meta-llama/Llama-3.2-3B-Instruct	states	None	None	None	None	None	None	None	None	None	None	None
data/multiwoz24/dev_dials.json	None	FabledRon_tebu/0	ex/MajesticMygeeto_tebu/4000	schema	True	False	False	100	False	None	1738792628	data/d0t/dot_2	meta-llama/Llama-3.2-1B-Instruct	states	None	None	None	None	None	None	None	None	None	None	None
data/multiwoz24/dev_dials.json	None	MysticRon_tebu/0	ex/MajesticMygeeto_tebu/1000	schema	True	False	False	100	False	None	1738792531	data/d0t/dot_2	meta-llama/Llama-3.2-1B-Instruct	states	None	None	None	None	None	None	None	None	None	None	None
data/multiwoz24/dev_dials.json	None	WiseRon_tebu/0	ex/MajesticMygeeto_tebu/10000	schema	True	False	False	300	False	None	1738792407	data/d0t/dot_2	meta-llama/Llama-3.2-1B-Instruct	states	None	None	None	None	None	None	None	None	None	None	None
data/multiwoz24/dev_dials.json	None	EnragedRon_tebu/0	ex/MajesticMygeeto_tebu/10000	schema	True	False	False	60	False	None	1738792349	data/d0t/dot_2	meta-llama/Llama-3.2-1B-Instruct	states	None	None	None	None	None	None	None	None	None	None	None
data/multiwoz24/dev_dials.json	3	RelaxedRon_tebu/0	ex/MajesticMygeeto_tebu/10000	schema	True	False	False	100	False	None	1738792192	data/d0t/dot_2	meta-llama/Llama-3.2-1B-Instruct	states	None	None	None	None	None	None	None	None	None	None	None
data/multiwoz24/dev_dials.json	5	ResplendentKit_tebu/11700	meta-llama/Llama-3.1-8B-Instruct	schema	10	False	False	100	False	None	1738754135	data/d0t/dot_2	meta-llama/Llama-3.1-8B-Instruct	states	None	None	None	None	None	None	None	None	None	None	None
data/multiwoz24/dev_dials.json	5	ResplendentKit_tebu/11500	meta-llama/Llama-3.1-8B-Instruct	schema	10	False	False	100	False	None	1738753067	data/d0t/dot_2	meta-llama/Llama-3.1-8B-Instruct	states	None	None	None	None	None	None	None	None	None	None	None
data/multiwoz24/dev_dials.json	5	ResplendentKit_tebu/11200	meta-llama/Llama-3.1-8B-Instruct	schema	10	False	False	100	False	None	1738751501	data/d0t/dot_2	meta-llama/Llama-3.1-8B-Instruct	states	None	None	None	None	None	None	None	None	None	None	None
data/multiwoz24/dev_dials.json	5	ResplendentKit_tebu/10900	meta-llama/Llama-3.1-8B-Instruct	schema	10	False	False	100	False	None	1738749935	data/d0t/dot_2	meta-llama/Llama-3.1-8B-Instruct	states	None	None	None	None	None	None	None	None	None	None	None
data/multiwoz24/dev_dials.json	5	ElusiveQuiGon_tebu/848	meta-llama/Llama-3.1-8B-Instruct	schema	10	False	False	100	False	None	1738749762	data/d0t/dot_2	meta-llama/Llama-3.1-8B-Instruct	updates	None	None	None	None	None	None	None	None	None	None	None
data/multiwoz24/dev_dials.json	5	ElusiveQuiGon_tebu/800	meta-llama/Llama-3.1-8B-Instruct	schema	10	False	False	100	False	None	1738749580	data/d0t/dot_2	meta-llama/Llama-3.1-8B-Instruct	updates	None	None	None	None	None	None	None	None	None	None	None
data/multiwoz24/dev_dials.json	5	ElusiveQuiGon_tebu/700	meta-llama/Llama-3.1-8B-Instruct	schema	10	False	False	100	False	None	1738749197	data/d0t/dot_2	meta-llama/Llama-3.1-8B-Instruct	updates	None	None	None	None	None	None	None	None	None	None	None
data/multiwoz24/dev_dials.json	5	ElusiveQuiGon_tebu/600	meta-llama/Llama-3.1-8B-Instruct	schema	10	False	False	100	False	None	1738748832	data/d0t/dot_2	meta-llama/Llama-3.1-8B-Instruct	updates	None	None	None	None	None	None	None	None	None	None	None
data/multiwoz24/dev_dials.json	5	ElusiveQuiGon_tebu/500	meta-llama/Llama-3.1-8B-Instruct	schema	10	False	False	100	False	None	1738748454	data/d0t/dot_2	meta-llama/Llama-3.1-8B-Instruct	updates	None	None	None	None	None	None	None	None	None	None	None
data/multiwoz24/dev_dials.json	5	ResplendentKit_tebu/10600	meta-llama/Llama-3.1-8B-Instruct	schema	10	False	False	100	False	None	1738748380	data/d0t/dot_2	meta-llama/Llama-3.1-8B-Instruct	states	None	None	None	None	None	None	None	None	None	None	None
data/multiwoz24/dev_dials.json	5	ElusiveQuiGon_tebu/400	meta-llama/Llama-3.1-8B-Instruct	schema	10	False	False	100	False	None	1738748084	data/d0t/dot_2	meta-llama/Llama-3.1-8B-Instruct	updates	None	None	None	None	None	None	None	None	None	None	None
data/multiwoz24/dev_dials.json	5	ElusiveQuiGon_tebu/300	meta-llama/Llama-3.1-8B-Instruct	schema	10	False	False	100	False	None	1738747709	data/d0t/dot_2	meta-llama/Llama-3.1-8B-Instruct	updates	None	None	None	None	None	None	None	None	None	None	None
data/multiwoz24/dev_dials.json	5	ElusiveQuiGon_tebu/250	meta-llama/Llama-3.1-8B-Instruct	schema	10	False	False	100	False	None	1738747517	data/d0t/dot_2	meta-llama/Llama-3.1-8B-Instruct	updates	None	None	None	None	None	None	None	None	None	None	None
data/multiwoz24/dev_dials.json	5	ElusiveQuiGon_tebu/200	meta-llama/Llama-3.1-8B-Instruct	schema	10	False	False	100	False	None	1738747329	data/d0t/dot_2	meta-llama/Llama-3.1-8B-Instruct	updates	None	None	None	None	None	None	None	None	None	None	None
data/multiwoz24/dev_dials.json	5	ElusiveQuiGon_tebu/150	meta-llama/Llama-3.1-8B-Instruct	schema	10	False	False	100	False	None	1738747140	data/d0t/dot_2	meta-llama/Llama-3.1-8B-Instruct	updates	None	None	None	None	None	None	None	None	None	None	None
data/multiwoz24/dev_dials.json	5	ElusiveQuiGon_tebu/100	meta-llama/Llama-3.1-8B-Instruct	schema	10	False	False	100	False	None	1738746957	data/d0t/dot_2	meta-llama/Llama-3.1-8B-Instruct	updates	None	None	None	None	None	None	None	None	None	None	None
data/multiwoz24/dev_dials.json	5	ElusiveQuiGon_tebu/75	meta-llama/Llama-3.1-8B-Instruct	schema	10	False	False	100	False	None	1738746862	data/d0t/dot_2	meta-llama/Llama-3.1-8B-Instruct	updates	None	None	None	None	None	None	None	None	None	None	None
data/multiwoz24/dev_dials.json	5	ResplendentKit_tebu/10300	meta-llama/Llama-3.1-8B-Instruct	schema	10	False	False	100	False	None	1738746821	data/d0t/dot_2	meta-llama/Llama-3.1-8B-Instruct	states	None	None	None	None	None	None	None	None	None	None	None
data/multiwoz24/dev_dials.json	5	ElusiveQuiGon_tebu/50	meta-llama/Llama-3.1-8B-Instruct	schema	10	False	False	100	False	None	1738746750	data/d0t/dot_2	meta-llama/Llama-3.1-8B-Instruct	updates	None	None	None	None	None	None	None	None	None	None	None
data/multiwoz24/dev_dials.json	5	ElusiveQuiGon_tebu/25	meta-llama/Llama-3.1-8B-Instruct	schema	10	False	False	100	False	None	1738746609	data/d0t/dot_2	meta-llama/Llama-3.1-8B-Instruct	updates	None	None	None	None	None	None	None	None	None	None	None
data/multiwoz24/dev_dials.json	None	CaptivatingReek_tebu/0	ex/FierceSaw_tebu/10000	schemaless	False	False	False	100	False	None	1738745638	data/d0t	meta-llama/Llama-3.2-1B-Instruct	updates	None	None	None	None	None	None	None	None	None	None	None
data/multiwoz24/dev_dials.json	5	ResplendentKit_tebu/10000	meta-llama/Llama-3.1-8B-Instruct	schema	10	False	False	100	False	None	1738745254	data/d0t/dot_2	meta-llama/Llama-3.1-8B-Instruct	states	None	None	None	None	None	None	None	None	None	None	None
data/multiwoz24/dev_dials.json	5	ResplendentKit_tebu/9700	meta-llama/Llama-3.1-8B-Instruct	schema	10	False	False	100	False	None	1738743684	data/d0t/dot_2	meta-llama/Llama-3.1-8B-Instruct	states	None	None	None	None	None	None	None	None	None	None	None
data/multiwoz24/dev_dials.json	None	DauntlessHoth_tebu/0	ex/MajesticMygeeto_tebu/10000	schema	True	True	False	100	False	None	1738743656	data/d0t/dot_2	meta-llama/Llama-3.2-1B-Instruct	states	None	None	None	None	None	None	None	None	None	None	None
data/multiwoz24/dev_dials.json	5	ResplendentKit_tebu/9400	meta-llama/Llama-3.1-8B-Instruct	schema	10	False	False	100	False	None	1738742124	data/d0t/dot_2	meta-llama/Llama-3.1-8B-Instruct	states	None	None	None	None	None	None	None	None	None	None	None
data/multiwoz24/dev_dials.json	5	ResplendentKit_tebu/9100	meta-llama/Llama-3.1-8B-Instruct	schema	10	False	False	100	False	None	1738740547	data/d0t/dot_2	meta-llama/Llama-3.1-8B-Instruct	states	None	None	None	None	None	None	None	None	None	None	None
data/multiwoz24/dev_dials.json	5	ResplendentKit_tebu/8800	meta-llama/Llama-3.1-8B-Instruct	schema	10	False	False	100	False	None	1738738982	data/d0t/dot_2	meta-llama/Llama-3.1-8B-Instruct	states	None	None	None	None	None	None	None	None	None	None	None
data/multiwoz24/dev_dials.json	5	ResplendentKit_tebu/8500	meta-llama/Llama-3.1-8B-Instruct	schema	10	False	False	100	False	None	1738737414	data/d0t/dot_2	meta-llama/Llama-3.1-8B-Instruct	states	None	None	None	None	None	None	None	None	None	None	None
data/multiwoz24/dev_dials.json	None	DashingZuckuss_tebu/0	ex/MajesticMygeeto_tebu/10000	schema	True	False	False	100	False	None	1738736333	data/d0t/dot_2	meta-llama/Llama-3.2-1B-Instruct	states	None	None	None	None	None	None	None	None	None	None	None
data/multiwoz24/dev_dials.json	None	DazzlingCatoNeimoidia_tebu/0	ex/MajesticMygeeto_tebu/10000	schema	True	False	False	100	False	None	1738736262	data/d0t/dot_2	meta-llama/Llama-3.2-1B-Instruct	states	None	None	None	None	None	None	None	None	None	None	None
data/multiwoz24/dev_dials.json	5	ResplendentKit_tebu/8200	meta-llama/Llama-3.1-8B-Instruct	schema	10	False	False	100	False	None	1738735850	data/d0t/dot_2	meta-llama/Llama-3.1-8B-Instruct	states	None	None	None	None	None	None	None	None	None	None	None
data/multiwoz24/dev_dials.json	None	UnconquerableTatooII_tebu/0	ex/MajesticMygeeto_tebu/10000	schema	True	False	False	100	False	None	1738735577	data/d0t/dot_2	meta-llama/Llama-3.2-1B-Instruct	states	None	None	None	None	None	None	None	None	None	None	None
data/multiwoz24/dev_dials.json	5	DauntlessVoss_tebu/0	ex/MajesticMygeeto_tebu/10000	schema	True	False	False	100	False	None	1738735132	data/d0t/dot_2	meta-llama/Llama-3.2-1B-Instruct	states	None	None	None	None	None	None	None	None	None	None	None
data/multiwoz24/dev_dials.json	5	ResplendentKit_tebu/7900	meta-llama/Llama-3.1-8B-Instruct	schema	10	False	False	100	False	None	1738734288	data/d0t/dot_2	meta-llama/Llama-3.1-8B-Instruct	states	None	None	None	None	None	None	None	None	None	None	None
data/multiwoz24/dev_dials.json	5	ResplendentKit_tebu/7600	meta-llama/Llama-3.1-8B-Instruct	schema	10	False	False	100	False	None	1738732716	data/d0t/dot_2	meta-llama/Llama-3.1-8B-Instruct	states	None	None	None	None	None	None	None	None	None	None	None
data/multiwoz24/dev_dials.json	5	RogueKefBir_tebu/11700	meta-llama/Llama-3.2-3B-Instruct	schema	10	False	False	100	False	None	1738732228	data/d0t/dot_2	meta-llama/Llama-3.2-3B-Instruct	states	None	None	None	None	None	None	None	None	None	None	None
data/multiwoz24/dev_dials.json	5	RogueKefBir_tebu/11500	meta-llama/Llama-3.2-3B-Instruct	schema	10	False	False	100	False	None	1738731533	data/d0t/dot_2	meta-llama/Llama-3.2-3B-Instruct	states	None	None	None	None	None	None	None	None	None	None	None
data/multiwoz24/dev_dials.json	5	ResplendentKit_tebu/7300	meta-llama/Llama-3.1-8B-Instruct	schema	10	False	False	100	False	None	1738731145	data/d0t/dot_2	meta-llama/Llama-3.1-8B-Instruct	states	None	None	None	None	None	None	None	None	None	None	None
data/multiwoz24/dev_dials.json	5	RogueKefBir_tebu/11200	meta-llama/Llama-3.2-3B-Instruct	schema	10	False	False	100	False	None	1738730551	data/d0t/dot_2	meta-llama/Llama-3.2-3B-Instruct	states	None	None	None	None	None	None	None	None	None	None	None
data/multiwoz24/dev_dials.json	5	ResplendentKit_tebu/7000	meta-llama/Llama-3.1-8B-Instruct	schema	10	False	False	100	False	None	1738729588	data/d0t/dot_2	meta-llama/Llama-3.1-8B-Instruct	states	None	None	None	None	None	None	None	None	None	None	None
data/multiwoz24/dev_dials.json	5	RogueKefBir_tebu/10900	meta-llama/Llama-3.2-3B-Instruct	schema	10	False	False	100	False	None	1738729586	data/d0t/dot_2	meta-llama/Llama-3.2-3B-Instruct	states	None	None	None	None	None	None	None	None	None	None	None
data/multiwoz24/dev_dials.json	5	RogueKefBir_tebu/10600	meta-llama/Llama-3.2-3B-Instruct	schema	10	False	False	100	False	None	1738728594	data/d0t/dot_2	meta-llama/Llama-3.2-3B-Instruct	states	None	None	None	None	None	None	None	None	None	None	None
data/multiwoz24/dev_dials.json	5	ResplendentKit_tebu/6700	meta-llama/Llama-3.1-8B-Instruct	schema	10	False	False	100	False	None	1738728031	data/d0t/dot_2	meta-llama/Llama-3.1-8B-Instruct	states	None	None	None	None	None	None	None	None	None	None	None
data/multiwoz24/dev_dials.json	5	RogueKefBir_tebu/10300	meta-llama/Llama-3.2-3B-Instruct	schema	10	False	False	100	False	None	1738727614	data/d0t/dot_2	meta-llama/Llama-3.2-3B-Instruct	states	None	None	None	None	None	None	None	None	None	None	None
data/multiwoz24/dev_dials.json	5	RogueKefBir_tebu/10000	meta-llama/Llama-3.2-3B-Instruct	schema	10	False	False	100	False	None	1738726633	data/d0t/dot_2	meta-llama/Llama-3.2-3B-Instruct	states	None	None	None	None	None	None	None	None	None	None	None
data/multiwoz24/dev_dials.json	5	ResplendentKit_tebu/6400	meta-llama/Llama-3.1-8B-Instruct	schema	10	False	False	100	False	None	1738726457	data/d0t/dot_2	meta-llama/Llama-3.1-8B-Instruct	states	None	None	None	None	None	None	None	None	None	None	None
data/multiwoz24/dev_dials.json	5	RogueKefBir_tebu/9700	meta-llama/Llama-3.2-3B-Instruct	schema	10	False	False	100	False	None	1738725640	data/d0t/dot_2	meta-llama/Llama-3.2-3B-Instruct	states	None	None	None	None	None	None	None	None	None	None	None
data/multiwoz24/dev_dials.json	5	ResilientThyferra_tebu/18550	meta-llama/Llama-3.2-1B-Instruct	schema	10	False	False	100	False	None	1738725380	data/sgd/train	meta-llama/Llama-3.2-1B-Instruct	states	None	None	None	None	None	None	None	None	None	None	None
data/multiwoz24/dev_dials.json	5	ResilientThyferra_tebu/18400	meta-llama/Llama-3.2-1B-Instruct	schema	10	False	False	100	False	None	1738725269	data/sgd/train	meta-llama/Llama-3.2-1B-Instruct	states	None	None	None	None	None	None	None	None	None	None	None
data/multiwoz24/dev_dials.json	5	ResilientThyferra_tebu/18100	meta-llama/Llama-3.2-1B-Instruct	schema	10	False	False	100	False	None	1738725063	data/sgd/train	meta-llama/Llama-3.2-1B-Instruct	states	None	None	None	None	None	None	None	None	None	None	None
data/multiwoz24/dev_dials.json	5	ResplendentKit_tebu/6100	meta-llama/Llama-3.1-8B-Instruct	schema	10	False	False	100	False	None	1738724901	data/d0t/dot_2	meta-llama/Llama-3.1-8B-Instruct	states	None	None	None	None	None	None	None	None	None	None	None
data/multiwoz24/dev_dials.json	5	ResilientThyferra_tebu/17800	meta-llama/Llama-3.2-1B-Instruct	schema	10	False	False	100	False	None	1738724864	data/sgd/train	meta-llama/Llama-3.2-1B-Instruct	states	None	None	None	None	None	None	None	None	None	None	None
data/multiwoz24/dev_dials.json	5	ResilientThyferra_tebu/17500	meta-llama/Llama-3.2-1B-Instruct	schema	10	False	False	100	False	None	1738724662	data/sgd/train	meta-llama/Llama-3.2-1B-Instruct	states	None	None	None	None	None	None	None	None	None	None	None
data/multiwoz24/dev_dials.json	5	RogueKefBir_tebu/9400	meta-llama/Llama-3.2-3B-Instruct	schema	10	False	False	100	False	None	1738724657	data/d0t/dot_2	meta-llama/Llama-3.2-3B-Instruct	states	None	None	None	None	None	None	None	None	None	None	None
data/multiwoz24/dev_dials.json	5	ResilientThyferra_tebu/17200	meta-llama/Llama-3.2-1B-Instruct	schema	10	False	False	100	False	None	1738724461	data/sgd/train	meta-llama/Llama-3.2-1B-Instruct	states	None	None	None	None	None	None	None	None	None	None	None
data/multiwoz24/dev_dials.json	5	ResilientThyferra_tebu/16900	meta-llama/Llama-3.2-1B-Instruct	schema	10	False	False	100	False	None	1738724256	data/sgd/train	meta-llama/Llama-3.2-1B-Instruct	states	None	None	None	None	None	None	None	None	None	None	None
data/multiwoz24/dev_dials.json	5	ResilientThyferra_tebu/16600	meta-llama/Llama-3.2-1B-Instruct	schema	10	False	False	100	False	None	1738724052	data/sgd/train	meta-llama/Llama-3.2-1B-Instruct	states	None	None	None	None	None	None	None	None	None	None	None
data/multiwoz24/dev_dials.json	5	ResilientThyferra_tebu/16300	meta-llama/Llama-3.2-1B-Instruct	schema	10	False	False	100	False	None	1738723847	data/sgd/train	meta-llama/Llama-3.2-1B-Instruct	states	None	None	None	None	None	None	None	None	None	None	None
data/multiwoz24/dev_dials.json	5	RogueKefBir_tebu/9100	meta-llama/Llama-3.2-3B-Instruct	schema	10	False	False	100	False	None	1738723674	data/d0t/dot_2	meta-llama/Llama-3.2-3B-Instruct	states	None	None	None	None	None	None	None	None	None	None	None
data/multiwoz24/dev_dials.json	5	ResilientThyferra_tebu/16000	meta-llama/Llama-3.2-1B-Instruct	schema	10	False	False	100	False	None	1738723645	data/sgd/train	meta-llama/Llama-3.2-1B-Instruct	states	None	None	None	None	None	None	None	None	None	None	None
data/multiwoz24/dev_dials.json	5	ResilientThyferra_tebu/15700	meta-llama/Llama-3.2-1B-Instruct	schema	10	False	False	100	False	None	1738723443	data/sgd/train	meta-llama/Llama-3.2-1B-Instruct	states	None	None	None	None	None	None	None	None	None	None	None
data/multiwoz24/dev_dials.json	5	ResplendentKit_tebu/5800	meta-llama/Llama-3.1-8B-Instruct	schema	10	False	False	100	False	None	1738723336	data/d0t/dot_2	meta-llama/Llama-3.1-8B-Instruct	states	None	None	None	None	None	None	None	None	None	None	None
data/multiwoz24/dev_dials.json	5	ResilientThyferra_tebu/15400	meta-llama/Llama-3.2-1B-Instruct	schema	10	False	False	100	False	None	1738723238	data/sgd/train	meta-llama/Llama-3.2-1B-Instruct	states	None	None	None	None	None	None	None	None	None	None	None
data/multiwoz24/dev_dials.json	5	ResilientThyferra_tebu/15100	meta-llama/Llama-3.2-1B-Instruct	schema	10	False	False	100	False	None	1738723037	data/sgd/train	meta-llama/Llama-3.2-1B-Instruct	states	None	None	None	None	None	None	None	None	None	None	None
data/multiwoz24/dev_dials.json	5	ResilientThyferra_tebu/14800	meta-llama/Llama-3.2-1B-Instruct	schema	10	False	False	100	False	None	1738722834	data/sgd/train	meta-llama/Llama-3.2-1B-Instruct	states	None	None	None	None	None	None	None	None	None	None	None
data/multiwoz24/dev_dials.json	5	RogueKefBir_tebu/8800	meta-llama/Llama-3.2-3B-Instruct	schema	10	False	False	100	False	None	1738722685	data/d0t/dot_2	meta-llama/Llama-3.2-3B-Instruct	states	None	None	None	None	None	None	None	None	None	None	None
data/multiwoz24/dev_dials.json	5	ResilientThyferra_tebu/14500	meta-llama/Llama-3.2-1B-Instruct	schema	10	False	False	100	False	None	1738722628	data/sgd/train	meta-llama/Llama-3.2-1B-Instruct	states	None	None	None	None	None	None	None	None	None	None	None
data/multiwoz24/dev_dials.json	5	ResilientThyferra_tebu/14200	meta-llama/Llama-3.2-1B-Instruct	schema	10	False	False	100	False	None	1738722428	data/sgd/train	meta-llama/Llama-3.2-1B-Instruct	states	None	None	None	None	None	None	None	None	None	None	None
data/multiwoz24/dev_dials.json	5	ResilientThyferra_tebu/13900	meta-llama/Llama-3.2-1B-Instruct	schema	10	False	False	100	False	None	1738722223	data/sgd/train	meta-llama/Llama-3.2-1B-Instruct	states	None	None	None	None	None	None	None	None	None	None	None
data/multiwoz24/dev_dials.json	5	ResilientThyferra_tebu/13600	meta-llama/Llama-3.2-1B-Instruct	schema	10	False	False	100	False	None	1738722019	data/sgd/train	meta-llama/Llama-3.2-1B-Instruct	states	None	None	None	None	None	None	None	None	None	None	None
data/multiwoz24/dev_dials.json	5	ResilientThyferra_tebu/13300	meta-llama/Llama-3.2-1B-Instruct	schema	10	False	False	100	False	None	1738721817	data/sgd/train	meta-llama/Llama-3.2-1B-Instruct	states	None	None	None	None	None	None	None	None	None	None	None
data/multiwoz24/dev_dials.json	5	ResplendentKit_tebu/5500	meta-llama/Llama-3.1-8B-Instruct	schema	10	False	False	100	False	None	1738721777	data/d0t/dot_2	meta-llama/Llama-3.1-8B-Instruct	states	None	None	None	None	None	None	None	None	None	None	None
data/multiwoz24/dev_dials.json	5	RogueKefBir_tebu/8500	meta-llama/Llama-3.2-3B-Instruct	schema	10	False	False	100	False	None	1738721711	data/d0t/dot_2	meta-llama/Llama-3.2-3B-Instruct	states	None	None	None	None	None	None	None	None	None	None	None
data/multiwoz24/dev_dials.json	5	FierceSaw_tebu/11305	meta-llama/Llama-3.2-1B-Instruct	schemaless	10	False	False	100	False	None	1738721650	data/d0t	meta-llama/Llama-3.2-1B-Instruct	updates	None	None	None	None	None	None	None	None	None	None	None
data/multiwoz24/dev_dials.json	5	ResilientThyferra_tebu/13000	meta-llama/Llama-3.2-1B-Instruct	schema	10	False	False	100	False	None	1738721612	data/sgd/train	meta-llama/Llama-3.2-1B-Instruct	states	None	None	None	None	None	None	None	None	None	None	None
data/multiwoz24/dev_dials.json	5	FierceSaw_tebu/11200	meta-llama/Llama-3.2-1B-Instruct	schemaless	10	False	False	100	False	None	1738721557	data/d0t	meta-llama/Llama-3.2-1B-Instruct	updates	None	None	None	None	None	None	None	None	None	None	None
data/multiwoz24/dev_dials.json	5	ResilientThyferra_tebu/12700	meta-llama/Llama-3.2-1B-Instruct	schema	10	False	False	100	False	None	1738721411	data/sgd/train	meta-llama/Llama-3.2-1B-Instruct	states	None	None	None	None	None	None	None	None	None	None	None
data/multiwoz24/dev_dials.json	5	FierceSaw_tebu/10900	meta-llama/Llama-3.2-1B-Instruct	schemaless	10	False	False	100	False	None	1738721326	data/d0t	meta-llama/Llama-3.2-1B-Instruct	updates	None	None	None	None	None	None	None	None	None	None	None
data/multiwoz24/dev_dials.json	5	DazzlingAcklay_tebu/11800	meta-llama/Llama-3.2-3B-Instruct	schema	10	False	False	100	False	None	1738721220	data/d0t/dot_2	meta-llama/Llama-3.2-3B-Instruct	updates	None	None	None	None	None	None	None	None	None	None	None
data/multiwoz24/dev_dials.json	5	ResilientThyferra_tebu/12400	meta-llama/Llama-3.2-1B-Instruct	schema	10	False	False	100	False	None	1738721208	data/sgd/train	meta-llama/Llama-3.2-1B-Instruct	states	None	None	None	None	None	None	None	None	None	None	None
data/multiwoz24/dev_dials.json	5	FierceSaw_tebu/10600	meta-llama/Llama-3.2-1B-Instruct	schemaless	10	False	False	100	False	None	1738721078	data/d0t	meta-llama/Llama-3.2-1B-Instruct	updates	None	None	None	None	None	None	None	None	None	None	None
data/multiwoz24/dev_dials.json	5	ResilientThyferra_tebu/12100	meta-llama/Llama-3.2-1B-Instruct	schema	10	False	False	100	False	None	1738721007	data/sgd/train	meta-llama/Llama-3.2-1B-Instruct	states	None	None	None	None	None	None	None	None	None	None	None
data/multiwoz24/dev_dials.json	5	FierceSaw_tebu/10300	meta-llama/Llama-3.2-1B-Instruct	schemaless	10	False	False	100	False	None	1738720849	data/d0t	meta-llama/Llama-3.2-1B-Instruct	updates	None	None	None	None	None	None	None	None	None	None	None
data/multiwoz24/dev_dials.json	5	ResilientThyferra_tebu/11800	meta-llama/Llama-3.2-1B-Instruct	schema	10	False	False	100	False	None	1738720804	data/sgd/train	meta-llama/Llama-3.2-1B-Instruct	states	None	None	None	None	None	None	None	None	None	None	None
data/multiwoz24/dev_dials.json	5	RogueKefBir_tebu/8200	meta-llama/Llama-3.2-3B-Instruct	schema	10	False	False	100	False	None	1738720720	data/d0t/dot_2	meta-llama/Llama-3.2-3B-Instruct	states	None	None	None	None	None	None	None	None	None	None	None
data/multiwoz24/dev_dials.json	5	FierceSaw_tebu/10000	meta-llama/Llama-3.2-1B-Instruct	schemaless	10	False	False	100	False	None	1738720609	data/d0t	meta-llama/Llama-3.2-1B-Instruct	updates	None	None	None	None	None	None	None	None	None	None	None
data/multiwoz24/dev_dials.json	5	ResilientThyferra_tebu/11500	meta-llama/Llama-3.2-1B-Instruct	schema	10	False	False	100	False	None	1738720604	data/sgd/train	meta-llama/Llama-3.2-1B-Instruct	states	None	None	None	None	None	None	None	None	None	None	None
data/multiwoz24/dev_dials.json	5	DazzlingAcklay_tebu/11500	meta-llama/Llama-3.2-3B-Instruct	schema	10	False	False	100	False	None	1738720499	data/d0t/dot_2	meta-llama/Llama-3.2-3B-Instruct	updates	None	None	None	None	None	None	None	None	None	None	None
data/multiwoz24/dev_dials.json	5	ResilientThyferra_tebu/11200	meta-llama/Llama-3.2-1B-Instruct	schema	10	False	False	100	False	None	1738720403	data/sgd/train	meta-llama/Llama-3.2-1B-Instruct	states	None	None	None	None	None	None	None	None	None	None	None
data/multiwoz24/dev_dials.json	5	FierceSaw_tebu/9700	meta-llama/Llama-3.2-1B-Instruct	schemaless	10	False	False	100	False	None	1738720376	data/d0t	meta-llama/Llama-3.2-1B-Instruct	updates	None	None	None	None	None	None	None	None	None	None	None
data/multiwoz24/dev_dials.json	5	ResplendentKit_tebu/5200	meta-llama/Llama-3.1-8B-Instruct	schema	10	False	False	100	False	None	1738720212	data/d0t/dot_2	meta-llama/Llama-3.1-8B-Instruct	states	None	None	None	None	None	None	None	None	None	None	None
data/multiwoz24/dev_dials.json	5	ResilientThyferra_tebu/10900	meta-llama/Llama-3.2-1B-Instruct	schema	10	False	False	100	False	None	1738720197	data/sgd/train	meta-llama/Llama-3.2-1B-Instruct	states	None	None	None	None	None	None	None	None	None	None	None
data/multiwoz24/dev_dials.json	5	FierceSaw_tebu/9400	meta-llama/Llama-3.2-1B-Instruct	schemaless	10	False	False	100	False	None	1738720145	data/d0t	meta-llama/Llama-3.2-1B-Instruct	updates	None	None	None	None	None	None	None	None	None	None	None
data/multiwoz24/dev_dials.json	5	ResilientThyferra_tebu/10600	meta-llama/Llama-3.2-1B-Instruct	schema	10	False	False	100	False	None	1738719996	data/sgd/train	meta-llama/Llama-3.2-1B-Instruct	states	None	None	None	None	None	None	None	None	None	None	None
data/multiwoz24/dev_dials.json	5	FierceSaw_tebu/9100	meta-llama/Llama-3.2-1B-Instruct	schemaless	10	False	False	100	False	None	1738719911	data/d0t	meta-llama/Llama-3.2-1B-Instruct	updates	None	None	None	None	None	None	None	None	None	None	None
data/multiwoz24/dev_dials.json	5	ResilientThyferra_tebu/10300	meta-llama/Llama-3.2-1B-Instruct	schema	10	False	False	100	False	None	1738719789	data/sgd/train	meta-llama/Llama-3.2-1B-Instruct	states	None	None	None	None	None	None	None	None	None	None	None
data/multiwoz24/dev_dials.json	5	DazzlingAcklay_tebu/11200	meta-llama/Llama-3.2-3B-Instruct	schema	10	False	False	100	False	None	1738719785	data/d0t/dot_2	meta-llama/Llama-3.2-3B-Instruct	updates	None	None	None	None	None	None	None	None	None	None	None
data/multiwoz24/dev_dials.json	5	RogueKefBir_tebu/7900	meta-llama/Llama-3.2-3B-Instruct	schema	10	False	False	100	False	None	1738719727	data/d0t/dot_2	meta-llama/Llama-3.2-3B-Instruct	states	None	None	None	None	None	None	None	None	None	None	None
data/multiwoz24/dev_dials.json	5	FierceSaw_tebu/8800	meta-llama/Llama-3.2-1B-Instruct	schemaless	10	False	False	100	False	None	1738719668	data/d0t	meta-llama/Llama-3.2-1B-Instruct	updates	None	None	None	None	None	None	None	None	None	None	None
data/multiwoz24/dev_dials.json	5	ResilientThyferra_tebu/10000	meta-llama/Llama-3.2-1B-Instruct	schema	10	False	False	100	False	None	1738719584	data/sgd/train	meta-llama/Llama-3.2-1B-Instruct	states	None	None	None	None	None	None	None	None	None	None	None
data/multiwoz24/dev_dials.json	5	FierceSaw_tebu/8500	meta-llama/Llama-3.2-1B-Instruct	schemaless	10	False	False	100	False	None	1738719438	data/d0t	meta-llama/Llama-3.2-1B-Instruct	updates	None	None	None	None	None	None	None	None	None	None	None
data/multiwoz24/dev_dials.json	5	ResilientThyferra_tebu/9700	meta-llama/Llama-3.2-1B-Instruct	schema	10	False	False	100	False	None	1738719378	data/sgd/train	meta-llama/Llama-3.2-1B-Instruct	states	None	None	None	None	None	None	None	None	None	None	None
data/multiwoz24/dev_dials.json	5	FierceSaw_tebu/8200	meta-llama/Llama-3.2-1B-Instruct	schemaless	10	False	False	100	False	None	1738719209	data/d0t	meta-llama/Llama-3.2-1B-Instruct	updates	None	None	None	None	None	None	None	None	None	None	None
data/multiwoz24/dev_dials.json	5	ResilientThyferra_tebu/9400	meta-llama/Llama-3.2-1B-Instruct	schema	10	False	False	100	False	None	1738719177	data/sgd/train	meta-llama/Llama-3.2-1B-Instruct	states	None	None	None	None	None	None	None	None	None	None	None
data/multiwoz24/dev_dials.json	5	DazzlingAcklay_tebu/10900	meta-llama/Llama-3.2-3B-Instruct	schema	10	False	False	100	False	None	1738719068	data/d0t/dot_2	meta-llama/Llama-3.2-3B-Instruct	updates	None	None	None	None	None	None	None	None	None	None	None
data/multiwoz24/dev_dials.json	5	FierceSaw_tebu/7900	meta-llama/Llama-3.2-1B-Instruct	schemaless	10	False	False	100	False	None	1738718978	data/d0t	meta-llama/Llama-3.2-1B-Instruct	updates	None	None	None	None	None	None	None	None	None	None	None
data/multiwoz24/dev_dials.json	5	ResilientThyferra_tebu/9100	meta-llama/Llama-3.2-1B-Instruct	schema	10	False	False	100	False	None	1738718975	data/sgd/train	meta-llama/Llama-3.2-1B-Instruct	states	None	None	None	None	None	None	None	None	None	None	None
data/multiwoz24/dev_dials.json	5	ResilientThyferra_tebu/8800	meta-llama/Llama-3.2-1B-Instruct	schema	10	False	False	100	False	None	1738718771	data/sgd/train	meta-llama/Llama-3.2-1B-Instruct	states	None	None	None	None	None	None	None	None	None	None	None
data/multiwoz24/dev_dials.json	5	RogueKefBir_tebu/7600	meta-llama/Llama-3.2-3B-Instruct	schema	10	False	False	100	False	None	1738718750	data/d0t/dot_2	meta-llama/Llama-3.2-3B-Instruct	states	None	None	None	None	None	None	None	None	None	None	None
data/multiwoz24/dev_dials.json	5	FierceSaw_tebu/7600	meta-llama/Llama-3.2-1B-Instruct	schemaless	10	False	False	100	False	None	1738718747	data/d0t	meta-llama/Llama-3.2-1B-Instruct	updates	None	None	None	None	None	None	None	None	None	None	None
data/multiwoz24/dev_dials.json	5	ResplendentKit_tebu/4900	meta-llama/Llama-3.1-8B-Instruct	schema	10	False	False	100	False	None	1738718641	data/d0t/dot_2	meta-llama/Llama-3.1-8B-Instruct	states	None	None	None	None	None	None	None	None	None	None	None
data/multiwoz24/dev_dials.json	5	ResilientThyferra_tebu/8500	meta-llama/Llama-3.2-1B-Instruct	schema	10	False	False	100	False	None	1738718571	data/sgd/train	meta-llama/Llama-3.2-1B-Instruct	states	None	None	None	None	None	None	None	None	None	None	None
data/multiwoz24/dev_dials.json	5	FierceSaw_tebu/7300	meta-llama/Llama-3.2-1B-Instruct	schemaless	10	False	False	100	False	None	1738718516	data/d0t	meta-llama/Llama-3.2-1B-Instruct	updates	None	None	None	None	None	None	None	None	None	None	None
data/multiwoz24/dev_dials.json	5	ResilientThyferra_tebu/8200	meta-llama/Llama-3.2-1B-Instruct	schema	10	False	False	100	False	None	1738718369	data/sgd/train	meta-llama/Llama-3.2-1B-Instruct	states	None	None	None	None	None	None	None	None	None	None	None
data/multiwoz24/dev_dials.json	5	DazzlingAcklay_tebu/10600	meta-llama/Llama-3.2-3B-Instruct	schema	10	False	False	100	False	None	1738718355	data/d0t/dot_2	meta-llama/Llama-3.2-3B-Instruct	updates	None	None	None	None	None	None	None	None	None	None	None
data/multiwoz24/dev_dials.json	5	FierceSaw_tebu/7000	meta-llama/Llama-3.2-1B-Instruct	schemaless	10	False	False	100	False	None	1738718288	data/d0t	meta-llama/Llama-3.2-1B-Instruct	updates	None	None	None	None	None	None	None	None	None	None	None
data/multiwoz24/dev_dials.json	5	ResilientThyferra_tebu/7900	meta-llama/Llama-3.2-1B-Instruct	schema	10	False	False	100	False	None	1738718165	data/sgd/train	meta-llama/Llama-3.2-1B-Instruct	states	None	None	None	None	None	None	None	None	None	None	None
data/multiwoz24/dev_dials.json	5	FierceSaw_tebu/6700	meta-llama/Llama-3.2-1B-Instruct	schemaless	10	False	False	100	False	None	1738718059	data/d0t	meta-llama/Llama-3.2-1B-Instruct	updates	None	None	None	None	None	None	None	None	None	None	None
data/multiwoz24/dev_dials.json	5	ResilientThyferra_tebu/7600	meta-llama/Llama-3.2-1B-Instruct	schema	10	False	False	100	False	None	1738717956	data/sgd/train	meta-llama/Llama-3.2-1B-Instruct	states	None	None	None	None	None	None	None	None	None	None	None
data/multiwoz24/dev_dials.json	5	FierceSaw_tebu/6400	meta-llama/Llama-3.2-1B-Instruct	schemaless	10	False	False	100	False	None	1738717826	data/d0t	meta-llama/Llama-3.2-1B-Instruct	updates	None	None	None	None	None	None	None	None	None	None	None
data/multiwoz24/dev_dials.json	5	RogueKefBir_tebu/7300	meta-llama/Llama-3.2-3B-Instruct	schema	10	False	False	100	False	None	1738717783	data/d0t/dot_2	meta-llama/Llama-3.2-3B-Instruct	states	None	None	None	None	None	None	None	None	None	None	None
data/multiwoz24/dev_dials.json	5	ResilientThyferra_tebu/7300	meta-llama/Llama-3.2-1B-Instruct	schema	10	False	False	100	False	None	1738717753	data/sgd/train	meta-llama/Llama-3.2-1B-Instruct	states	None	None	None	None	None	None	None	None	None	None	None
data/multiwoz24/dev_dials.json	5	DazzlingAcklay_tebu/10300	meta-llama/Llama-3.2-3B-Instruct	schema	10	False	False	100	False	None	1738717641	data/d0t/dot_2	meta-llama/Llama-3.2-3B-Instruct	updates	None	None	None	None	None	None	None	None	None	None	None
data/multiwoz24/dev_dials.json	5	FierceSaw_tebu/6100	meta-llama/Llama-3.2-1B-Instruct	schemaless	10	False	False	100	False	None	1738717597	data/d0t	meta-llama/Llama-3.2-1B-Instruct	updates	None	None	None	None	None	None	None	None	None	None	None
data/multiwoz24/dev_dials.json	5	ResilientThyferra_tebu/7000	meta-llama/Llama-3.2-1B-Instruct	schema	10	False	False	100	False	None	1738717551	data/sgd/train	meta-llama/Llama-3.2-1B-Instruct	states	None	None	None	None	None	None	None	None	None	None	None
data/multiwoz24/dev_dials.json	5	FierceSaw_tebu/5800	meta-llama/Llama-3.2-1B-Instruct	schemaless	10	False	False	100	False	None	1738717366	data/d0t	meta-llama/Llama-3.2-1B-Instruct	updates	None	None	None	None	None	None	None	None	None	None	None
data/multiwoz24/dev_dials.json	5	ResilientThyferra_tebu/6700	meta-llama/Llama-3.2-1B-Instruct	schema	10	False	False	100	False	None	1738717348	data/sgd/train	meta-llama/Llama-3.2-1B-Instruct	states	None	None	None	None	None	None	None	None	None	None	None
data/multiwoz24/dev_dials.json	5	ResilientThyferra_tebu/6400	meta-llama/Llama-3.2-1B-Instruct	schema	10	False	False	100	False	None	1738717145	data/sgd/train	meta-llama/Llama-3.2-1B-Instruct	states	None	None	None	None	None	None	None	None	None	None	None
data/multiwoz24/dev_dials.json	5	FierceSaw_tebu/5500	meta-llama/Llama-3.2-1B-Instruct	schemaless	10	False	False	100	False	None	1738717128	data/d0t	meta-llama/Llama-3.2-1B-Instruct	updates	None	None	None	None	None	None	None	None	None	None	None
data/multiwoz24/dev_dials.json	5	ResplendentKit_tebu/4600	meta-llama/Llama-3.1-8B-Instruct	schema	10	False	False	100	False	None	1738717072	data/d0t/dot_2	meta-llama/Llama-3.1-8B-Instruct	states	None	None	None	None	None	None	None	None	None	None	None
data/multiwoz24/dev_dials.json	5	ResilientThyferra_tebu/6100	meta-llama/Llama-3.2-1B-Instruct	schema	10	False	False	100	False	None	1738716936	data/sgd/train	meta-llama/Llama-3.2-1B-Instruct	states	None	None	None	None	None	None	None	None	None	None	None
data/multiwoz24/dev_dials.json	5	DazzlingAcklay_tebu/10000	meta-llama/Llama-3.2-3B-Instruct	schema	10	False	False	100	False	None	1738716920	data/d0t/dot_2	meta-llama/Llama-3.2-3B-Instruct	updates	None	None	None	None	None	None	None	None	None	None	None
data/multiwoz24/dev_dials.json	5	FierceSaw_tebu/5200	meta-llama/Llama-3.2-1B-Instruct	schemaless	10	False	False	100	False	None	1738716894	data/d0t	meta-llama/Llama-3.2-1B-Instruct	updates	None	None	None	None	None	None	None	None	None	None	None
data/multiwoz24/dev_dials.json	5	RogueKefBir_tebu/7000	meta-llama/Llama-3.2-3B-Instruct	schema	10	False	False	100	False	None	1738716801	data/d0t/dot_2	meta-llama/Llama-3.2-3B-Instruct	states	None	None	None	None	None	None	None	None	None	None	None
data/multiwoz24/dev_dials.json	5	ResilientThyferra_tebu/5800	meta-llama/Llama-3.2-1B-Instruct	schema	10	False	False	100	False	None	1738716730	data/sgd/train	meta-llama/Llama-3.2-1B-Instruct	states	None	None	None	None	None	None	None	None	None	None	None
data/multiwoz24/dev_dials.json	5	FierceSaw_tebu/4900	meta-llama/Llama-3.2-1B-Instruct	schemaless	10	False	False	100	False	None	1738716664	data/d0t	meta-llama/Llama-3.2-1B-Instruct	updates	None	None	None	None	None	None	None	None	None	None	None
data/multiwoz24/dev_dials.json	5	UnconquerablePalpatine_tebu/7356	meta-llama/Llama-3.2-1B-Instruct	schema	10	False	False	100	False	None	1738716569	data/sgd/train	meta-llama/Llama-3.2-1B-Instruct	updates	None	None	None	None	None	None	None	None	None	None	None
data/multiwoz24/dev_dials.json	5	UnconquerablePalpatine_tebu/7300	meta-llama/Llama-3.2-1B-Instruct	schema	10	False	False	100	False	None	1738716537	data/sgd/train	meta-llama/Llama-3.2-1B-Instruct	updates	None	None	None	None	None	None	None	None	None	None	None
data/multiwoz24/dev_dials.json	5	ResilientThyferra_tebu/5500	meta-llama/Llama-3.2-1B-Instruct	schema	10	False	False	100	False	None	1738716530	data/sgd/train	meta-llama/Llama-3.2-1B-Instruct	states	None	None	None	None	None	None	None	None	None	None	None
data/multiwoz24/dev_dials.json	5	FierceSaw_tebu/4600	meta-llama/Llama-3.2-1B-Instruct	schemaless	10	False	False	100	False	None	1738716435	data/d0t	meta-llama/Llama-3.2-1B-Instruct	updates	None	None	None	None	None	None	None	None	None	None	None
data/multiwoz24/dev_dials.json	5	UnconquerablePalpatine_tebu/7000	meta-llama/Llama-3.2-1B-Instruct	schema	10	False	False	100	False	None	1738716381	data/sgd/train	meta-llama/Llama-3.2-1B-Instruct	updates	None	None	None	None	None	None	None	None	None	None	None
data/multiwoz24/dev_dials.json	5	ResilientThyferra_tebu/5200	meta-llama/Llama-3.2-1B-Instruct	schema	10	False	False	100	False	None	1738716327	data/sgd/train	meta-llama/Llama-3.2-1B-Instruct	states	None	None	None	None	None	None	None	None	None	None	None
data/multiwoz24/dev_dials.json	5	UnconquerablePalpatine_tebu/6700	meta-llama/Llama-3.2-1B-Instruct	schema	10	False	False	100	False	None	1738716227	data/sgd/train	meta-llama/Llama-3.2-1B-Instruct	updates	None	None	None	None	None	None	None	None	None	None	None
data/multiwoz24/dev_dials.json	5	FierceSaw_tebu/4300	meta-llama/Llama-3.2-1B-Instruct	schemaless	10	False	False	100	False	None	1738716203	data/d0t	meta-llama/Llama-3.2-1B-Instruct	updates	None	None	None	None	None	None	None	None	None	None	None
data/multiwoz24/dev_dials.json	5	DazzlingAcklay_tebu/9700	meta-llama/Llama-3.2-3B-Instruct	schema	10	False	False	100	False	None	1738716200	data/d0t/dot_2	meta-llama/Llama-3.2-3B-Instruct	updates	None	None	None	None	None	None	None	None	None	None	None
data/multiwoz24/dev_dials.json	5	ResilientThyferra_tebu/4900	meta-llama/Llama-3.2-1B-Instruct	schema	10	False	False	100	False	None	1738716122	data/sgd/train	meta-llama/Llama-3.2-1B-Instruct	states	None	None	None	None	None	None	None	None	None	None	None
data/multiwoz24/dev_dials.json	5	UnconquerablePalpatine_tebu/6400	meta-llama/Llama-3.2-1B-Instruct	schema	10	False	False	100	False	None	1738716074	data/sgd/train	meta-llama/Llama-3.2-1B-Instruct	updates	None	None	None	None	None	None	None	None	None	None	None
data/multiwoz24/dev_dials.json	5	FierceSaw_tebu/4000	meta-llama/Llama-3.2-1B-Instruct	schemaless	10	False	False	100	False	None	1738715973	data/d0t	meta-llama/Llama-3.2-1B-Instruct	updates	None	None	None	None	None	None	None	None	None	None	None
data/multiwoz24/dev_dials.json	5	UnconquerablePalpatine_tebu/6100	meta-llama/Llama-3.2-1B-Instruct	schema	10	False	False	100	False	None	1738715921	data/sgd/train	meta-llama/Llama-3.2-1B-Instruct	updates	None	None	None	None	None	None	None	None	None	None	None
data/multiwoz24/dev_dials.json	5	ResilientThyferra_tebu/4600	meta-llama/Llama-3.2-1B-Instruct	schema	10	False	False	100	False	None	1738715914	data/sgd/train	meta-llama/Llama-3.2-1B-Instruct	states	None	None	None	None	None	None	None	None	None	None	None
data/multiwoz24/dev_dials.json	5	RogueKefBir_tebu/6700	meta-llama/Llama-3.2-3B-Instruct	schema	10	False	False	100	False	None	1738715800	data/d0t/dot_2	meta-llama/Llama-3.2-3B-Instruct	states	None	None	None	None	None	None	None	None	None	None	None
data/multiwoz24/dev_dials.json	5	UnconquerablePalpatine_tebu/5800	meta-llama/Llama-3.2-1B-Instruct	schema	10	False	False	100	False	None	1738715768	data/sgd/train	meta-llama/Llama-3.2-1B-Instruct	updates	None	None	None	None	None	None	None	None	None	None	None
data/multiwoz24/dev_dials.json	5	FierceSaw_tebu/3700	meta-llama/Llama-3.2-1B-Instruct	schemaless	10	False	False	100	False	None	1738715745	data/d0t	meta-llama/Llama-3.2-1B-Instruct	updates	None	None	None	None	None	None	None	None	None	None	None
data/multiwoz24/dev_dials.json	5	ResilientThyferra_tebu/4300	meta-llama/Llama-3.2-1B-Instruct	schema	10	False	False	100	False	None	1738715712	data/sgd/train	meta-llama/Llama-3.2-1B-Instruct	states	None	None	None	None	None	None	None	None	None	None	None
data/multiwoz24/dev_dials.json	5	UnconquerablePalpatine_tebu/5500	meta-llama/Llama-3.2-1B-Instruct	schema	10	False	False	100	False	None	1738715614	data/sgd/train	meta-llama/Llama-3.2-1B-Instruct	updates	None	None	None	None	None	None	None	None	None	None	None
data/multiwoz24/dev_dials.json	5	RogueYavinIV_tebu/10600	meta-llama/Llama-3.2-3B-Instruct	schema	10	False	False	100	False	None	1738715547	data/d0t/dot_2	meta-llama/Llama-3.2-3B-Instruct	updates	None	None	None	None	None	None	None	None	None	None	None
data/multiwoz24/dev_dials.json	5	FierceSaw_tebu/3400	meta-llama/Llama-3.2-1B-Instruct	schemaless	10	False	False	100	False	None	1738715515	data/d0t	meta-llama/Llama-3.2-1B-Instruct	updates	None	None	None	None	None	None	None	None	None	None	None
data/multiwoz24/dev_dials.json	5	ResilientThyferra_tebu/4000	meta-llama/Llama-3.2-1B-Instruct	schema	10	False	False	100	False	None	1738715508	data/sgd/train	meta-llama/Llama-3.2-1B-Instruct	states	None	None	None	None	None	None	None	None	None	None	None
data/multiwoz24/dev_dials.json	5	ResplendentKit_tebu/4300	meta-llama/Llama-3.1-8B-Instruct	schema	10	False	False	100	False	None	1738715506	data/d0t/dot_2	meta-llama/Llama-3.1-8B-Instruct	states	None	None	None	None	None	None	None	None	None	None	None
data/multiwoz24/dev_dials.json	5	DazzlingAcklay_tebu/9400	meta-llama/Llama-3.2-3B-Instruct	schema	10	False	False	100	False	None	1738715479	data/d0t/dot_2	meta-llama/Llama-3.2-3B-Instruct	updates	None	None	None	None	None	None	None	None	None	None	None
data/multiwoz24/dev_dials.json	5	UnconquerablePalpatine_tebu/5200	meta-llama/Llama-3.2-1B-Instruct	schema	10	False	False	100	False	None	1738715463	data/sgd/train	meta-llama/Llama-3.2-1B-Instruct	updates	None	None	None	None	None	None	None	None	None	None	None
data/multiwoz24/dev_dials.json	5	UnconquerablePalpatine_tebu/4900	meta-llama/Llama-3.2-1B-Instruct	schema	10	False	False	100	False	None	1738715309	data/sgd/train	meta-llama/Llama-3.2-1B-Instruct	updates	None	None	None	None	None	None	None	None	None	None	None
data/multiwoz24/dev_dials.json	5	ResilientThyferra_tebu/3700	meta-llama/Llama-3.2-1B-Instruct	schema	10	False	False	100	False	None	1738715303	data/sgd/train	meta-llama/Llama-3.2-1B-Instruct	states	None	None	None	None	None	None	None	None	None	None	None
data/multiwoz24/dev_dials.json	5	FierceSaw_tebu/3100	meta-llama/Llama-3.2-1B-Instruct	schemaless	10	False	False	100	False	None	1738715278	data/d0t	meta-llama/Llama-3.2-1B-Instruct	updates	None	None	None	None	None	None	None	None	None	None	None
data/multiwoz24/dev_dials.json	5	UnconquerablePalpatine_tebu/4600	meta-llama/Llama-3.2-1B-Instruct	schema	10	False	False	100	False	None	1738715154	data/sgd/train	meta-llama/Llama-3.2-1B-Instruct	updates	None	None	None	None	None	None	None	None	None	None	None
data/multiwoz24/dev_dials.json	5	ResilientThyferra_tebu/3400	meta-llama/Llama-3.2-1B-Instruct	schema	10	False	False	100	False	None	1738715101	data/sgd/train	meta-llama/Llama-3.2-1B-Instruct	states	None	None	None	None	None	None	None	None	None	None	None
data/multiwoz24/dev_dials.json	5	UnconquerablePalpatine_tebu/4300	meta-llama/Llama-3.2-1B-Instruct	schema	10	False	False	100	False	None	1738715001	data/sgd/train	meta-llama/Llama-3.2-1B-Instruct	updates	None	None	None	None	None	None	None	None	None	None	None
data/multiwoz24/dev_dials.json	5	FierceSaw_tebu/2800	meta-llama/Llama-3.2-1B-Instruct	schemaless	10	False	False	100	False	None	1738714998	data/d0t	meta-llama/Llama-3.2-1B-Instruct	updates	None	None	None	None	None	None	None	None	None	None	None
data/multiwoz24/dev_dials.json	5	ResilientThyferra_tebu/3100	meta-llama/Llama-3.2-1B-Instruct	schema	10	False	False	100	False	None	1738714899	data/sgd/train	meta-llama/Llama-3.2-1B-Instruct	states	None	None	None	None	None	None	None	None	None	None	None
data/multiwoz24/dev_dials.json	5	RogueYavinIV_tebu/10300	meta-llama/Llama-3.2-3B-Instruct	schema	10	False	False	100	False	None	1738714849	data/d0t/dot_2	meta-llama/Llama-3.2-3B-Instruct	updates	None	None	None	None	None	None	None	None	None	None	None
data/multiwoz24/dev_dials.json	5	UnconquerablePalpatine_tebu/4000	meta-llama/Llama-3.2-1B-Instruct	schema	10	False	False	100	False	None	1738714849	data/sgd/train	meta-llama/Llama-3.2-1B-Instruct	updates	None	None	None	None	None	None	None	None	None	None	None
data/multiwoz24/dev_dials.json	5	RogueKefBir_tebu/6400	meta-llama/Llama-3.2-3B-Instruct	schema	10	False	False	100	False	None	1738714796	data/d0t/dot_2	meta-llama/Llama-3.2-3B-Instruct	states	None	None	None	None	None	None	None	None	None	None	None
data/multiwoz24/dev_dials.json	5	FierceSaw_tebu/2500	meta-llama/Llama-3.2-1B-Instruct	schemaless	10	False	False	100	False	None	1738714768	data/d0t	meta-llama/Llama-3.2-1B-Instruct	updates	None	None	None	None	None	None	None	None	None	None	None
data/multiwoz24/dev_dials.json	5	DazzlingAcklay_tebu/9100	meta-llama/Llama-3.2-3B-Instruct	schema	10	False	False	100	False	None	1738714759	data/d0t/dot_2	meta-llama/Llama-3.2-3B-Instruct	updates	None	None	None	None	None	None	None	None	None	None	None
data/multiwoz24/dev_dials.json	5	UnconquerablePalpatine_tebu/3700	meta-llama/Llama-3.2-1B-Instruct	schema	10	False	False	100	False	None	1738714696	data/sgd/train	meta-llama/Llama-3.2-1B-Instruct	updates	None	None	None	None	None	None	None	None	None	None	None
data/multiwoz24/dev_dials.json	5	ResilientThyferra_tebu/2800	meta-llama/Llama-3.2-1B-Instruct	schema	10	False	False	100	False	None	1738714693	data/sgd/train	meta-llama/Llama-3.2-1B-Instruct	states	None	None	None	None	None	None	None	None	None	None	None
data/multiwoz24/dev_dials.json	5	UnconquerablePalpatine_tebu/3400	meta-llama/Llama-3.2-1B-Instruct	schema	10	False	False	100	False	None	1738714540	data/sgd/train	meta-llama/Llama-3.2-1B-Instruct	updates	None	None	None	None	None	None	None	None	None	None	None
data/multiwoz24/dev_dials.json	5	FierceSaw_tebu/2200	meta-llama/Llama-3.2-1B-Instruct	schemaless	10	False	False	100	False	None	1738714534	data/d0t	meta-llama/Llama-3.2-1B-Instruct	updates	None	None	None	None	None	None	None	None	None	None	None
data/multiwoz24/dev_dials.json	5	ResilientThyferra_tebu/2500	meta-llama/Llama-3.2-1B-Instruct	schema	10	False	False	100	False	None	1738714486	data/sgd/train	meta-llama/Llama-3.2-1B-Instruct	states	None	None	None	None	None	None	None	None	None	None	None
data/multiwoz24/dev_dials.json	5	UnconquerablePalpatine_tebu/3100	meta-llama/Llama-3.2-1B-Instruct	schema	10	False	False	100	False	None	1738714384	data/sgd/train	meta-llama/Llama-3.2-1B-Instruct	updates	None	None	None	None	None	None	None	None	None	None	None
data/multiwoz24/dev_dials.json	5	FierceSaw_tebu/1900	meta-llama/Llama-3.2-1B-Instruct	schemaless	10	False	False	100	False	None	1738714302	data/d0t	meta-llama/Llama-3.2-1B-Instruct	updates	None	None	None	None	None	None	None	None	None	None	None
data/multiwoz24/dev_dials.json	5	ResilientThyferra_tebu/2200	meta-llama/Llama-3.2-1B-Instruct	schema	10	False	False	100	False	None	1738714280	data/sgd/train	meta-llama/Llama-3.2-1B-Instruct	states	None	None	None	None	None	None	None	None	None	None	None
data/multiwoz24/dev_dials.json	5	UnconquerablePalpatine_tebu/2800	meta-llama/Llama-3.2-1B-Instruct	schema	10	False	False	100	False	None	1738714230	data/sgd/train	meta-llama/Llama-3.2-1B-Instruct	updates	None	None	None	None	None	None	None	None	None	None	None
data/multiwoz24/dev_dials.json	5	RogueYavinIV_tebu/10000	meta-llama/Llama-3.2-3B-Instruct	schema	10	False	False	100	False	None	1738714150	data/d0t/dot_2	meta-llama/Llama-3.2-3B-Instruct	updates	None	None	None	None	None	None	None	None	None	None	None
data/multiwoz24/dev_dials.json	5	ResilientThyferra_tebu/1900	meta-llama/Llama-3.2-1B-Instruct	schema	10	False	False	100	False	None	1738714076	data/sgd/train	meta-llama/Llama-3.2-1B-Instruct	states	None	None	None	None	None	None	None	None	None	None	None
data/multiwoz24/dev_dials.json	5	UnconquerablePalpatine_tebu/2500	meta-llama/Llama-3.2-1B-Instruct	schema	10	False	False	100	False	None	1738714075	data/sgd/train	meta-llama/Llama-3.2-1B-Instruct	updates	None	None	None	None	None	None	None	None	None	None	None
data/multiwoz24/dev_dials.json	5	FierceSaw_tebu/1600	meta-llama/Llama-3.2-1B-Instruct	schemaless	10	False	False	100	False	None	1738714072	data/d0t	meta-llama/Llama-3.2-1B-Instruct	updates	None	None	None	None	None	None	None	None	None	None	None
data/multiwoz24/dev_dials.json	5	DazzlingAcklay_tebu/8800	meta-llama/Llama-3.2-3B-Instruct	schema	10	False	False	100	False	None	1738714036	data/d0t/dot_2	meta-llama/Llama-3.2-3B-Instruct	updates	None	None	None	None	None	None	None	None	None	None	None
data/multiwoz24/dev_dials.json	5	ResplendentKit_tebu/4000	meta-llama/Llama-3.1-8B-Instruct	schema	10	False	False	100	False	None	1738713930	data/d0t/dot_2	meta-llama/Llama-3.1-8B-Instruct	states	None	None	None	None	None	None	None	None	None	None	None
data/multiwoz24/dev_dials.json	5	UnconquerablePalpatine_tebu/2200	meta-llama/Llama-3.2-1B-Instruct	schema	10	False	False	100	False	None	1738713917	data/sgd/train	meta-llama/Llama-3.2-1B-Instruct	updates	None	None	None	None	None	None	None	None	None	None	None
data/multiwoz24/dev_dials.json	5	ResilientThyferra_tebu/1600	meta-llama/Llama-3.2-1B-Instruct	schema	10	False	False	100	False	None	1738713872	data/sgd/train	meta-llama/Llama-3.2-1B-Instruct	states	None	None	None	None	None	None	None	None	None	None	None
data/multiwoz24/dev_dials.json	5	FierceSaw_tebu/1300	meta-llama/Llama-3.2-1B-Instruct	schemaless	10	False	False	100	False	None	1738713835	data/d0t	meta-llama/Llama-3.2-1B-Instruct	updates	None	None	None	None	None	None	None	None	None	None	None
data/multiwoz24/dev_dials.json	5	RogueKefBir_tebu/6100	meta-llama/Llama-3.2-3B-Instruct	schema	10	False	False	100	False	None	1738713793	data/d0t/dot_2	meta-llama/Llama-3.2-3B-Instruct	states	None	None	None	None	None	None	None	None	None	None	None
data/multiwoz24/dev_dials.json	5	UnconquerablePalpatine_tebu/1900	meta-llama/Llama-3.2-1B-Instruct	schema	10	False	False	100	False	None	1738713764	data/sgd/train	meta-llama/Llama-3.2-1B-Instruct	updates	None	None	None	None	None	None	None	None	None	None	None
data/multiwoz24/dev_dials.json	5	ResilientThyferra_tebu/1300	meta-llama/Llama-3.2-1B-Instruct	schema	10	False	False	100	False	None	1738713664	data/sgd/train	meta-llama/Llama-3.2-1B-Instruct	states	None	None	None	None	None	None	None	None	None	None	None
data/multiwoz24/dev_dials.json	5	UnconquerablePalpatine_tebu/1600	meta-llama/Llama-3.2-1B-Instruct	schema	10	False	False	100	False	None	1738713611	data/sgd/train	meta-llama/Llama-3.2-1B-Instruct	updates	None	None	None	None	None	None	None	None	None	None	None
data/multiwoz24/dev_dials.json	5	FierceSaw_tebu/1000	meta-llama/Llama-3.2-1B-Instruct	schemaless	10	False	False	100	False	None	1738713602	data/d0t	meta-llama/Llama-3.2-1B-Instruct	updates	None	None	None	None	None	None	None	None	None	None	None
data/multiwoz24/dev_dials.json	5	FierceSaw_tebu/900	meta-llama/Llama-3.2-1B-Instruct	schemaless	10	False	False	100	False	None	1738713513	data/d0t	meta-llama/Llama-3.2-1B-Instruct	updates	None	None	None	None	None	None	None	None	None	None	None
data/multiwoz24/dev_dials.json	5	ResilientThyferra_tebu/1000	meta-llama/Llama-3.2-1B-Instruct	schema	10	False	False	100	False	None	1738713466	data/sgd/train	meta-llama/Llama-3.2-1B-Instruct	states	None	None	None	None	None	None	None	None	None	None	None
data/multiwoz24/dev_dials.json	5	UnconquerablePalpatine_tebu/1300	meta-llama/Llama-3.2-1B-Instruct	schema	10	False	False	100	False	None	1738713458	data/sgd/train	meta-llama/Llama-3.2-1B-Instruct	updates	None	None	None	None	None	None	None	None	None	None	None
data/multiwoz24/dev_dials.json	5	RogueYavinIV_tebu/9700	meta-llama/Llama-3.2-3B-Instruct	schema	10	False	False	100	False	None	1738713449	data/d0t/dot_2	meta-llama/Llama-3.2-3B-Instruct	updates	None	None	None	None	None	None	None	None	None	None	None
data/multiwoz24/dev_dials.json	5	FierceSaw_tebu/800	meta-llama/Llama-3.2-1B-Instruct	schemaless	10	False	False	100	False	None	1738713430	data/d0t	meta-llama/Llama-3.2-1B-Instruct	updates	None	None	None	None	None	None	None	None	None	None	None
data/multiwoz24/dev_dials.json	5	ResilientThyferra_tebu/900	meta-llama/Llama-3.2-1B-Instruct	schema	10	False	False	100	False	None	1738713385	data/sgd/train	meta-llama/Llama-3.2-1B-Instruct	states	None	None	None	None	None	None	None	None	None	None	None
data/multiwoz24/dev_dials.json	5	FierceSaw_tebu/700	meta-llama/Llama-3.2-1B-Instruct	schemaless	10	False	False	100	False	None	1738713350	data/d0t	meta-llama/Llama-3.2-1B-Instruct	updates	None	None	None	None	None	None	None	None	None	None	None
data/multiwoz24/dev_dials.json	5	DazzlingAcklay_tebu/8500	meta-llama/Llama-3.2-3B-Instruct	schema	10	False	False	100	False	None	1738713328	data/d0t/dot_2	meta-llama/Llama-3.2-3B-Instruct	updates	None	None	None	None	None	None	None	None	None	None	None
data/multiwoz24/dev_dials.json	5	ResilientThyferra_tebu/800	meta-llama/Llama-3.2-1B-Instruct	schema	10	False	False	100	False	None	1738713307	data/sgd/train	meta-llama/Llama-3.2-1B-Instruct	states	None	None	None	None	None	None	None	None	None	None	None
data/multiwoz24/dev_dials.json	5	UnconquerablePalpatine_tebu/1000	meta-llama/Llama-3.2-1B-Instruct	schema	10	False	False	100	False	None	1738713305	data/sgd/train	meta-llama/Llama-3.2-1B-Instruct	updates	None	None	None	None	None	None	None	None	None	None	None
data/multiwoz24/dev_dials.json	5	FierceSaw_tebu/600	meta-llama/Llama-3.2-1B-Instruct	schemaless	10	False	False	100	False	None	1738713268	data/d0t	meta-llama/Llama-3.2-1B-Instruct	updates	None	None	None	None	None	None	None	None	None	None	None
data/multiwoz24/dev_dials.json	5	UnconquerablePalpatine_tebu/900	meta-llama/Llama-3.2-1B-Instruct	schema	10	False	False	100	False	None	1738713251	data/sgd/train	meta-llama/Llama-3.2-1B-Instruct	updates	None	None	None	None	None	None	None	None	None	None	None
data/multiwoz24/dev_dials.json	5	ResilientThyferra_tebu/700	meta-llama/Llama-3.2-1B-Instruct	schema	10	False	False	100	False	None	1738713226	data/sgd/train	meta-llama/Llama-3.2-1B-Instruct	states	None	None	None	None	None	None	None	None	None	None	None
data/multiwoz24/dev_dials.json	5	UnconquerablePalpatine_tebu/800	meta-llama/Llama-3.2-1B-Instruct	schema	10	False	False	100	False	None	1738713201	data/sgd/train	meta-llama/Llama-3.2-1B-Instruct	updates	None	None	None	None	None	None	None	None	None	None	None
data/multiwoz24/dev_dials.json	5	FierceSaw_tebu/500	meta-llama/Llama-3.2-1B-Instruct	schemaless	10	False	False	100	False	None	1738713182	data/d0t	meta-llama/Llama-3.2-1B-Instruct	updates	None	None	None	None	None	None	None	None	None	None	None
data/multiwoz24/dev_dials.json	5	ResilientThyferra_tebu/600	meta-llama/Llama-3.2-1B-Instruct	schema	10	False	False	100	False	None	1738713148	data/sgd/train	meta-llama/Llama-3.2-1B-Instruct	states	None	None	None	None	None	None	None	None	None	None	None
data/multiwoz24/dev_dials.json	5	UnconquerablePalpatine_tebu/700	meta-llama/Llama-3.2-1B-Instruct	schema	10	False	False	100	False	None	1738713146	data/sgd/train	meta-llama/Llama-3.2-1B-Instruct	updates	None	None	None	None	None	None	None	None	None	None	None
data/multiwoz24/dev_dials.json	5	FierceSaw_tebu/400	meta-llama/Llama-3.2-1B-Instruct	schemaless	10	False	False	100	False	None	1738713100	data/d0t	meta-llama/Llama-3.2-1B-Instruct	updates	None	None	None	None	None	None	None	None	None	None	None
data/multiwoz24/dev_dials.json	5	UnconquerablePalpatine_tebu/600	meta-llama/Llama-3.2-1B-Instruct	schema	10	False	False	100	False	None	1738713095	data/sgd/train	meta-llama/Llama-3.2-1B-Instruct	updates	None	None	None	None	None	None	None	None	None	None	None
data/multiwoz24/dev_dials.json	5	ResilientThyferra_tebu/500	meta-llama/Llama-3.2-1B-Instruct	schema	10	False	False	100	False	None	1738713066	data/sgd/train	meta-llama/Llama-3.2-1B-Instruct	states	None	None	None	None	None	None	None	None	None	None	None
data/multiwoz24/dev_dials.json	5	UnconquerablePalpatine_tebu/500	meta-llama/Llama-3.2-1B-Instruct	schema	10	False	False	100	False	None	1738713042	data/sgd/train	meta-llama/Llama-3.2-1B-Instruct	updates	None	None	None	None	None	None	None	None	None	None	None
data/multiwoz24/dev_dials.json	5	FierceSaw_tebu/300	meta-llama/Llama-3.2-1B-Instruct	schemaless	10	False	False	100	False	None	1738713017	data/d0t	meta-llama/Llama-3.2-1B-Instruct	updates	None	None	None	None	None	None	None	None	None	None	None
data/multiwoz24/dev_dials.json	5	UnconquerablePalpatine_tebu/400	meta-llama/Llama-3.2-1B-Instruct	schema	10	False	False	100	False	None	1738712991	data/sgd/train	meta-llama/Llama-3.2-1B-Instruct	updates	None	None	None	None	None	None	None	None	None	None	None
data/multiwoz24/dev_dials.json	5	ResilientThyferra_tebu/400	meta-llama/Llama-3.2-1B-Instruct	schema	10	False	False	100	False	None	1738712986	data/sgd/train	meta-llama/Llama-3.2-1B-Instruct	states	None	None	None	None	None	None	None	None	None	None	None
data/multiwoz24/dev_dials.json	5	FierceSaw_tebu/250	meta-llama/Llama-3.2-1B-Instruct	schemaless	10	False	False	100	False	None	1738712969	data/d0t	meta-llama/Llama-3.2-1B-Instruct	updates	None	None	None	None	None	None	None	None	None	None	None
data/multiwoz24/dev_dials.json	5	UnconquerablePalpatine_tebu/300	meta-llama/Llama-3.2-1B-Instruct	schema	10	False	False	100	False	None	1738712937	data/sgd/train	meta-llama/Llama-3.2-1B-Instruct	updates	None	None	None	None	None	None	None	None	None	None	None
data/multiwoz24/dev_dials.json	5	FierceSaw_tebu/200	meta-llama/Llama-3.2-1B-Instruct	schemaless	10	False	False	100	False	None	1738712924	data/d0t	meta-llama/Llama-3.2-1B-Instruct	updates	None	None	None	None	None	None	None	None	None	None	None
data/multiwoz24/dev_dials.json	5	UnconquerablePalpatine_tebu/250	meta-llama/Llama-3.2-1B-Instruct	schema	10	False	False	100	False	None	1738712912	data/sgd/train	meta-llama/Llama-3.2-1B-Instruct	updates	None	None	None	None	None	None	None	None	None	None	None
data/multiwoz24/dev_dials.json	5	ResilientThyferra_tebu/300	meta-llama/Llama-3.2-1B-Instruct	schema	10	False	False	100	False	None	1738712910	data/sgd/train	meta-llama/Llama-3.2-1B-Instruct	states	None	None	None	None	None	None	None	None	None	None	None
data/multiwoz24/dev_dials.json	5	UnconquerablePalpatine_tebu/200	meta-llama/Llama-3.2-1B-Instruct	schema	10	False	False	100	False	None	1738712883	data/sgd/train	meta-llama/Llama-3.2-1B-Instruct	updates	None	None	None	None	None	None	None	None	None	None	None
data/multiwoz24/dev_dials.json	5	FierceSaw_tebu/150	meta-llama/Llama-3.2-1B-Instruct	schemaless	10	False	False	100	False	None	1738712877	data/d0t	meta-llama/Llama-3.2-1B-Instruct	updates	None	None	None	None	None	None	None	None	None	None	None
data/multiwoz24/dev_dials.json	5	ResilientThyferra_tebu/250	meta-llama/Llama-3.2-1B-Instruct	schema	10	False	False	100	False	None	1738712863	data/sgd/train	meta-llama/Llama-3.2-1B-Instruct	states	None	None	None	None	None	None	None	None	None	None	None
data/multiwoz24/dev_dials.json	5	UnconquerablePalpatine_tebu/150	meta-llama/Llama-3.2-1B-Instruct	schema	10	False	False	100	False	None	1738712854	data/sgd/train	meta-llama/Llama-3.2-1B-Instruct	updates	None	None	None	None	None	None	None	None	None	None	None
data/multiwoz24/dev_dials.json	5	ResilientThyferra_tebu/200	meta-llama/Llama-3.2-1B-Instruct	schema	10	False	False	100	False	None	1738712815	data/sgd/train	meta-llama/Llama-3.2-1B-Instruct	states	None	None	None	None	None	None	None	None	None	None	None
data/multiwoz24/dev_dials.json	5	UnconquerablePalpatine_tebu/100	meta-llama/Llama-3.2-1B-Instruct	schema	10	False	False	100	False	None	1738712811	data/sgd/train	meta-llama/Llama-3.2-1B-Instruct	updates	None	None	None	None	None	None	None	None	None	None	None
data/multiwoz24/dev_dials.json	5	FierceSaw_tebu/100	meta-llama/Llama-3.2-1B-Instruct	schemaless	10	False	False	100	False	None	1738712791	data/d0t	meta-llama/Llama-3.2-1B-Instruct	updates	None	None	None	None	None	None	None	None	None	None	None
data/multiwoz24/dev_dials.json	5	RogueKefBir_tebu/5800	meta-llama/Llama-3.2-3B-Instruct	schema	10	False	False	100	False	None	1738712789	data/d0t/dot_2	meta-llama/Llama-3.2-3B-Instruct	states	None	None	None	None	None	None	None	None	None	None	None
data/multiwoz24/dev_dials.json	5	UnconquerablePalpatine_tebu/75	meta-llama/Llama-3.2-1B-Instruct	schema	10	False	False	100	False	None	1738712787	data/sgd/train	meta-llama/Llama-3.2-1B-Instruct	updates	None	None	None	None	None	None	None	None	None	None	None
data/multiwoz24/dev_dials.json	5	ResilientThyferra_tebu/150	meta-llama/Llama-3.2-1B-Instruct	schema	10	False	False	100	False	None	1738712770	data/sgd/train	meta-llama/Llama-3.2-1B-Instruct	states	None	None	None	None	None	None	None	None	None	None	None
data/multiwoz24/dev_dials.json	5	RogueYavinIV_tebu/9400	meta-llama/Llama-3.2-3B-Instruct	schema	10	False	False	100	False	None	1738712753	data/d0t/dot_2	meta-llama/Llama-3.2-3B-Instruct	updates	None	None	None	None	None	None	None	None	None	None	None
data/multiwoz24/dev_dials.json	5	UnconquerablePalpatine_tebu/50	meta-llama/Llama-3.2-1B-Instruct	schema	10	False	False	100	False	None	1738712726	data/sgd/train	meta-llama/Llama-3.2-1B-Instruct	updates	None	None	None	None	None	None	None	None	None	None	None
data/multiwoz24/dev_dials.json	5	ResilientThyferra_tebu/100	meta-llama/Llama-3.2-1B-Instruct	schema	10	False	False	100	False	None	1738712720	data/sgd/train	meta-llama/Llama-3.2-1B-Instruct	states	None	None	None	None	None	None	None	None	None	None	None
data/multiwoz24/dev_dials.json	5	ResilientThyferra_tebu/75	meta-llama/Llama-3.2-1B-Instruct	schema	10	False	False	100	False	None	1738712687	data/sgd/train	meta-llama/Llama-3.2-1B-Instruct	states	None	None	None	None	None	None	None	None	None	None	None
data/multiwoz24/dev_dials.json	5	UnconquerablePalpatine_tebu/25	meta-llama/Llama-3.2-1B-Instruct	schema	10	False	False	100	False	None	1738712687	data/sgd/train	meta-llama/Llama-3.2-1B-Instruct	updates	None	None	None	None	None	None	None	None	None	None	None
data/multiwoz24/dev_dials.json	5	FierceSaw_tebu/75	meta-llama/Llama-3.2-1B-Instruct	schemaless	10	False	False	100	False	None	1738712680	data/d0t	meta-llama/Llama-3.2-1B-Instruct	updates	None	None	None	None	None	None	None	None	None	None	None
data/multiwoz24/dev_dials.json	5	ResilientThyferra_tebu/50	meta-llama/Llama-3.2-1B-Instruct	schema	10	False	False	100	False	None	1738712661	data/sgd/train	meta-llama/Llama-3.2-1B-Instruct	states	None	None	None	None	None	None	None	None	None	None	None
data/multiwoz24/dev_dials.json	5	FierceSaw_tebu/50	meta-llama/Llama-3.2-1B-Instruct	schemaless	10	False	False	100	False	None	1738712642	data/d0t	meta-llama/Llama-3.2-1B-Instruct	updates	None	None	None	None	None	None	None	None	None	None	None
data/multiwoz24/dev_dials.json	5	ResilientThyferra_tebu/25	meta-llama/Llama-3.2-1B-Instruct	schema	10	False	False	100	False	None	1738712625	data/sgd/train	meta-llama/Llama-3.2-1B-Instruct	states	None	None	None	None	None	None	None	None	None	None	None
data/multiwoz24/dev_dials.json	5	DazzlingAcklay_tebu/8200	meta-llama/Llama-3.2-3B-Instruct	schema	10	False	False	100	False	None	1738712609	data/d0t/dot_2	meta-llama/Llama-3.2-3B-Instruct	updates	None	None	None	None	None	None	None	None	None	None	None
data/multiwoz24/dev_dials.json	5	FierceSaw_tebu/25	meta-llama/Llama-3.2-1B-Instruct	schemaless	10	False	False	100	False	None	1738712588	data/d0t	meta-llama/Llama-3.2-1B-Instruct	updates	None	None	None	None	None	None	None	None	None	None	None
data/multiwoz24/dev_dials.json	5	EpicWatto_tebu/25	meta-llama/Llama-3.2-1B-Instruct	schema	10	False	False	100	False	None	1738712546	data/sgd/train	meta-llama/Llama-3.2-1B-Instruct	states	None	None	None	None	None	None	None	None	None	None	None
data/multiwoz24/dev_dials.json	5	ResplendentKit_tebu/3700	meta-llama/Llama-3.1-8B-Instruct	schema	10	False	False	100	False	None	1738712367	data/d0t/dot_2	meta-llama/Llama-3.1-8B-Instruct	states	None	None	None	None	None	None	None	None	None	None	None
data/multiwoz24/dev_dials.json	5	RogueYavinIV_tebu/9100	meta-llama/Llama-3.2-3B-Instruct	schema	10	False	False	100	False	None	1738712056	data/d0t/dot_2	meta-llama/Llama-3.2-3B-Instruct	updates	None	None	None	None	None	None	None	None	None	None	None
data/multiwoz24/dev_dials.json	5	DazzlingAcklay_tebu/7900	meta-llama/Llama-3.2-3B-Instruct	schema	10	False	False	100	False	None	1738711897	data/d0t/dot_2	meta-llama/Llama-3.2-3B-Instruct	updates	None	None	None	None	None	None	None	None	None	None	None
data/multiwoz24/dev_dials.json	5	RogueKefBir_tebu/5500	meta-llama/Llama-3.2-3B-Instruct	schema	10	False	False	100	False	None	1738711787	data/d0t/dot_2	meta-llama/Llama-3.2-3B-Instruct	states	None	None	None	None	None	None	None	None	None	None	None
data/multiwoz24/dev_dials.json	5	RogueYavinIV_tebu/8800	meta-llama/Llama-3.2-3B-Instruct	schema	10	False	False	100	False	None	1738711360	data/d0t/dot_2	meta-llama/Llama-3.2-3B-Instruct	updates	None	None	None	None	None	None	None	None	None	None	None
data/multiwoz24/dev_dials.json	5	DazzlingAcklay_tebu/7600	meta-llama/Llama-3.2-3B-Instruct	schema	10	False	False	100	False	None	1738711182	data/d0t/dot_2	meta-llama/Llama-3.2-3B-Instruct	updates	None	None	None	None	None	None	None	None	None	None	None
data/multiwoz24/dev_dials.json	5	ResplendentKit_tebu/3400	meta-llama/Llama-3.1-8B-Instruct	schema	10	False	False	100	False	None	1738710794	data/d0t/dot_2	meta-llama/Llama-3.1-8B-Instruct	states	None	None	None	None	None	None	None	None	None	None	None
data/multiwoz24/dev_dials.json	5	RogueKefBir_tebu/5200	meta-llama/Llama-3.2-3B-Instruct	schema	10	False	False	100	False	None	1738710789	data/d0t/dot_2	meta-llama/Llama-3.2-3B-Instruct	states	None	None	None	None	None	None	None	None	None	None	None
data/multiwoz24/dev_dials.json	5	RogueYavinIV_tebu/8500	meta-llama/Llama-3.2-3B-Instruct	schema	10	False	False	100	False	None	1738710660	data/d0t/dot_2	meta-llama/Llama-3.2-3B-Instruct	updates	None	None	None	None	None	None	None	None	None	None	None
data/multiwoz24/dev_dials.json	5	DazzlingAcklay_tebu/7300	meta-llama/Llama-3.2-3B-Instruct	schema	10	False	False	100	False	None	1738710461	data/d0t/dot_2	meta-llama/Llama-3.2-3B-Instruct	updates	None	None	None	None	None	None	None	None	None	None	None
data/multiwoz24/dev_dials.json	5	MajesticMygeeto_tebu/11700	meta-llama/Llama-3.2-1B-Instruct	schema	10	False	False	100	False	None	1738710143	data/d0t/dot_2	meta-llama/Llama-3.2-1B-Instruct	states	None	None	None	None	None	None	None	None	None	None	None
data/multiwoz24/dev_dials.json	5	RogueYavinIV_tebu/8200	meta-llama/Llama-3.2-3B-Instruct	schema	10	False	False	100	False	None	1738709953	data/d0t/dot_2	meta-llama/Llama-3.2-3B-Instruct	updates	None	None	None	None	None	None	None	None	None	None	None
data/multiwoz24/dev_dials.json	5	RogueKefBir_tebu/4900	meta-llama/Llama-3.2-3B-Instruct	schema	10	False	False	100	False	None	1738709813	data/d0t/dot_2	meta-llama/Llama-3.2-3B-Instruct	states	None	None	None	None	None	None	None	None	None	None	None
data/multiwoz24/dev_dials.json	5	MajesticMygeeto_tebu/11500	meta-llama/Llama-3.2-1B-Instruct	schema	10	False	False	100	False	None	1738709807	data/d0t/dot_2	meta-llama/Llama-3.2-1B-Instruct	states	None	None	None	None	None	None	None	None	None	None	None
data/multiwoz24/dev_dials.json	5	DazzlingAcklay_tebu/7000	meta-llama/Llama-3.2-3B-Instruct	schema	10	False	False	100	False	None	1738709745	data/d0t/dot_2	meta-llama/Llama-3.2-3B-Instruct	updates	None	None	None	None	None	None	None	None	None	None	None
data/multiwoz24/dev_dials.json	5	MajesticMygeeto_tebu/11200	meta-llama/Llama-3.2-1B-Instruct	schema	10	False	False	100	False	None	1738709325	data/d0t/dot_2	meta-llama/Llama-3.2-1B-Instruct	states	None	None	None	None	None	None	None	None	None	None	None
data/multiwoz24/dev_dials.json	5	RogueYavinIV_tebu/7900	meta-llama/Llama-3.2-3B-Instruct	schema	10	False	False	100	False	None	1738709255	data/d0t/dot_2	meta-llama/Llama-3.2-3B-Instruct	updates	None	None	None	None	None	None	None	None	None	None	None
data/multiwoz24/dev_dials.json	5	ResplendentKit_tebu/3100	meta-llama/Llama-3.1-8B-Instruct	schema	10	False	False	100	False	None	1738709224	data/d0t/dot_2	meta-llama/Llama-3.1-8B-Instruct	states	None	None	None	None	None	None	None	None	None	None	None
data/multiwoz24/dev_dials.json	5	DazzlingAcklay_tebu/6700	meta-llama/Llama-3.2-3B-Instruct	schema	10	False	False	100	False	None	1738709025	data/d0t/dot_2	meta-llama/Llama-3.2-3B-Instruct	updates	None	None	None	None	None	None	None	None	None	None	None
data/multiwoz24/dev_dials.json	5	MajesticMygeeto_tebu/10900	meta-llama/Llama-3.2-1B-Instruct	schema	10	False	False	100	False	None	1738708844	data/d0t/dot_2	meta-llama/Llama-3.2-1B-Instruct	states	None	None	None	None	None	None	None	None	None	None	None
data/multiwoz24/dev_dials.json	5	RogueKefBir_tebu/4600	meta-llama/Llama-3.2-3B-Instruct	schema	10	False	False	100	False	None	1738708819	data/d0t/dot_2	meta-llama/Llama-3.2-3B-Instruct	states	None	None	None	None	None	None	None	None	None	None	None
data/multiwoz24/dev_dials.json	5	RogueYavinIV_tebu/7600	meta-llama/Llama-3.2-3B-Instruct	schema	10	False	False	100	False	None	1738708555	data/d0t/dot_2	meta-llama/Llama-3.2-3B-Instruct	updates	None	None	None	None	None	None	None	None	None	None	None
data/multiwoz24/dev_dials.json	5	MajesticMygeeto_tebu/10600	meta-llama/Llama-3.2-1B-Instruct	schema	10	False	False	100	False	None	1738708364	data/d0t/dot_2	meta-llama/Llama-3.2-1B-Instruct	states	None	None	None	None	None	None	None	None	None	None	None
data/multiwoz24/dev_dials.json	5	DazzlingAcklay_tebu/6400	meta-llama/Llama-3.2-3B-Instruct	schema	10	False	False	100	False	None	1738708307	data/d0t/dot_2	meta-llama/Llama-3.2-3B-Instruct	updates	None	None	None	None	None	None	None	None	None	None	None
data/multiwoz24/dev_dials.json	5	MajesticMygeeto_tebu/10300	meta-llama/Llama-3.2-1B-Instruct	schema	10	False	False	100	False	None	1738707875	data/d0t/dot_2	meta-llama/Llama-3.2-1B-Instruct	states	None	None	None	None	None	None	None	None	None	None	None
data/multiwoz24/dev_dials.json	5	RogueKefBir_tebu/4300	meta-llama/Llama-3.2-3B-Instruct	schema	10	False	False	100	False	None	1738707856	data/d0t/dot_2	meta-llama/Llama-3.2-3B-Instruct	states	None	None	None	None	None	None	None	None	None	None	None
data/multiwoz24/dev_dials.json	5	RogueYavinIV_tebu/7300	meta-llama/Llama-3.2-3B-Instruct	schema	10	False	False	100	False	None	1738707855	data/d0t/dot_2	meta-llama/Llama-3.2-3B-Instruct	updates	None	None	None	None	None	None	None	None	None	None	None
data/multiwoz24/dev_dials.json	5	ResplendentKit_tebu/2800	meta-llama/Llama-3.1-8B-Instruct	schema	10	False	False	100	False	None	1738707658	data/d0t/dot_2	meta-llama/Llama-3.1-8B-Instruct	states	None	None	None	None	None	None	None	None	None	None	None
data/multiwoz24/dev_dials.json	5	DazzlingAcklay_tebu/6100	meta-llama/Llama-3.2-3B-Instruct	schema	10	False	False	100	False	None	1738707587	data/d0t/dot_2	meta-llama/Llama-3.2-3B-Instruct	updates	None	None	None	None	None	None	None	None	None	None	None
data/multiwoz24/dev_dials.json	5	MajesticMygeeto_tebu/10000	meta-llama/Llama-3.2-1B-Instruct	schema	10	False	False	100	False	None	1738707391	data/d0t/dot_2	meta-llama/Llama-3.2-1B-Instruct	states	None	None	None	None	None	None	None	None	None	None	None
data/multiwoz24/dev_dials.json	5	RogueYavinIV_tebu/7000	meta-llama/Llama-3.2-3B-Instruct	schema	10	False	False	100	False	None	1738707157	data/d0t/dot_2	meta-llama/Llama-3.2-3B-Instruct	updates	None	None	None	None	None	None	None	None	None	None	None
data/multiwoz24/dev_dials.json	5	MajesticMygeeto_tebu/9700	meta-llama/Llama-3.2-1B-Instruct	schema	10	False	False	100	False	None	1738706891	data/d0t/dot_2	meta-llama/Llama-3.2-1B-Instruct	states	None	None	None	None	None	None	None	None	None	None	None
data/multiwoz24/dev_dials.json	5	DazzlingAcklay_tebu/5800	meta-llama/Llama-3.2-3B-Instruct	schema	10	False	False	100	False	None	1738706872	data/d0t/dot_2	meta-llama/Llama-3.2-3B-Instruct	updates	None	None	None	None	None	None	None	None	None	None	None
data/multiwoz24/dev_dials.json	5	RogueKefBir_tebu/4000	meta-llama/Llama-3.2-3B-Instruct	schema	10	False	False	100	False	None	1738706828	data/d0t/dot_2	meta-llama/Llama-3.2-3B-Instruct	states	None	None	None	None	None	None	None	None	None	None	None
data/multiwoz24/dev_dials.json	5	RogueYavinIV_tebu/6700	meta-llama/Llama-3.2-3B-Instruct	schema	10	False	False	100	False	None	1738706452	data/d0t/dot_2	meta-llama/Llama-3.2-3B-Instruct	updates	None	None	None	None	None	None	None	None	None	None	None
data/multiwoz24/dev_dials.json	5	MajesticMygeeto_tebu/9400	meta-llama/Llama-3.2-1B-Instruct	schema	10	False	False	100	False	None	1738706412	data/d0t/dot_2	meta-llama/Llama-3.2-1B-Instruct	states	None	None	None	None	None	None	None	None	None	None	None
data/multiwoz24/dev_dials.json	5	DazzlingAcklay_tebu/5500	meta-llama/Llama-3.2-3B-Instruct	schema	10	False	False	100	False	None	1738706153	data/d0t/dot_2	meta-llama/Llama-3.2-3B-Instruct	updates	None	None	None	None	None	None	None	None	None	None	None
data/multiwoz24/dev_dials.json	5	ResplendentKit_tebu/2500	meta-llama/Llama-3.1-8B-Instruct	schema	10	False	False	100	False	None	1738706090	data/d0t/dot_2	meta-llama/Llama-3.1-8B-Instruct	states	None	None	None	None	None	None	None	None	None	None	None
data/multiwoz24/dev_dials.json	5	MajesticMygeeto_tebu/9100	meta-llama/Llama-3.2-1B-Instruct	schema	10	False	False	100	False	None	1738705941	data/d0t/dot_2	meta-llama/Llama-3.2-1B-Instruct	states	None	None	None	None	None	None	None	None	None	None	None
data/multiwoz24/dev_dials.json	5	RogueKefBir_tebu/3700	meta-llama/Llama-3.2-3B-Instruct	schema	10	False	False	100	False	None	1738705829	data/d0t/dot_2	meta-llama/Llama-3.2-3B-Instruct	states	None	None	None	None	None	None	None	None	None	None	None
data/multiwoz24/dev_dials.json	5	RogueYavinIV_tebu/6400	meta-llama/Llama-3.2-3B-Instruct	schema	10	False	False	100	False	None	1738705752	data/d0t/dot_2	meta-llama/Llama-3.2-3B-Instruct	updates	None	None	None	None	None	None	None	None	None	None	None
data/multiwoz24/dev_dials.json	5	MajesticMygeeto_tebu/8800	meta-llama/Llama-3.2-1B-Instruct	schema	10	False	False	100	False	None	1738705441	data/d0t/dot_2	meta-llama/Llama-3.2-1B-Instruct	states	None	None	None	None	None	None	None	None	None	None	None
data/multiwoz24/dev_dials.json	5	DazzlingAcklay_tebu/5200	meta-llama/Llama-3.2-3B-Instruct	schema	10	False	False	100	False	None	1738705415	data/d0t/dot_2	meta-llama/Llama-3.2-3B-Instruct	updates	None	None	None	None	None	None	None	None	None	None	None
data/multiwoz24/dev_dials.json	5	FieryNalHutta_tebu/11800	meta-llama/Llama-3.2-1B-Instruct	schema	10	False	False	100	False	None	1738705055	data/d0t/dot_2	meta-llama/Llama-3.2-1B-Instruct	updates	None	None	None	None	None	None	None	None	None	None	None
data/multiwoz24/dev_dials.json	5	RogueYavinIV_tebu/6100	meta-llama/Llama-3.2-3B-Instruct	schema	10	False	False	100	False	None	1738705049	data/d0t/dot_2	meta-llama/Llama-3.2-3B-Instruct	updates	None	None	None	None	None	None	None	None	None	None	None
data/multiwoz24/dev_dials.json	5	MajesticMygeeto_tebu/8500	meta-llama/Llama-3.2-1B-Instruct	schema	10	False	False	100	False	None	1738704956	data/d0t/dot_2	meta-llama/Llama-3.2-1B-Instruct	states	None	None	None	None	None	None	None	None	None	None	None
data/multiwoz24/dev_dials.json	5	RogueKefBir_tebu/3400	meta-llama/Llama-3.2-3B-Instruct	schema	10	False	False	100	False	None	1738704829	data/d0t/dot_2	meta-llama/Llama-3.2-3B-Instruct	states	None	None	None	None	None	None	None	None	None	None	None
data/multiwoz24/dev_dials.json	5	FieryNalHutta_tebu/11500	meta-llama/Llama-3.2-1B-Instruct	schema	10	False	False	100	False	None	1738704687	data/d0t/dot_2	meta-llama/Llama-3.2-1B-Instruct	updates	None	None	None	None	None	None	None	None	None	None	None
data/multiwoz24/dev_dials.json	5	DazzlingAcklay_tebu/4900	meta-llama/Llama-3.2-3B-Instruct	schema	10	False	False	100	False	None	1738704679	data/d0t/dot_2	meta-llama/Llama-3.2-3B-Instruct	updates	None	None	None	None	None	None	None	None	None	None	None
data/multiwoz24/dev_dials.json	5	ResplendentKit_tebu/2200	meta-llama/Llama-3.1-8B-Instruct	schema	10	False	False	100	False	None	1738704518	data/d0t/dot_2	meta-llama/Llama-3.1-8B-Instruct	states	None	None	None	None	None	None	None	None	None	None	None
data/multiwoz24/dev_dials.json	5	MajesticMygeeto_tebu/8200	meta-llama/Llama-3.2-1B-Instruct	schema	10	False	False	100	False	None	1738704480	data/d0t/dot_2	meta-llama/Llama-3.2-1B-Instruct	states	None	None	None	None	None	None	None	None	None	None	None
data/multiwoz24/dev_dials.json	5	RogueYavinIV_tebu/5800	meta-llama/Llama-3.2-3B-Instruct	schema	10	False	False	100	False	None	1738704347	data/d0t/dot_2	meta-llama/Llama-3.2-3B-Instruct	updates	None	None	None	None	None	None	None	None	None	None	None
data/multiwoz24/dev_dials.json	5	FieryNalHutta_tebu/11200	meta-llama/Llama-3.2-1B-Instruct	schema	10	False	False	100	False	None	1738704320	data/d0t/dot_2	meta-llama/Llama-3.2-1B-Instruct	updates	None	None	None	None	None	None	None	None	None	None	None
data/multiwoz24/dev_dials.json	5	MajesticMygeeto_tebu/7900	meta-llama/Llama-3.2-1B-Instruct	schema	10	False	False	100	False	None	1738703994	data/d0t/dot_2	meta-llama/Llama-3.2-1B-Instruct	states	None	None	None	None	None	None	None	None	None	None	None
data/multiwoz24/dev_dials.json	5	FieryNalHutta_tebu/10900	meta-llama/Llama-3.2-1B-Instruct	schema	10	False	False	100	False	None	1738703959	data/d0t/dot_2	meta-llama/Llama-3.2-1B-Instruct	updates	None	None	None	None	None	None	None	None	None	None	None
data/multiwoz24/dev_dials.json	5	DazzlingAcklay_tebu/4600	meta-llama/Llama-3.2-3B-Instruct	schema	10	False	False	100	False	None	1738703958	data/d0t/dot_2	meta-llama/Llama-3.2-3B-Instruct	updates	None	None	None	None	None	None	None	None	None	None	None
data/multiwoz24/dev_dials.json	5	RogueKefBir_tebu/3100	meta-llama/Llama-3.2-3B-Instruct	schema	10	False	False	100	False	None	1738703827	data/d0t/dot_2	meta-llama/Llama-3.2-3B-Instruct	states	None	None	None	None	None	None	None	None	None	None	None
data/multiwoz24/dev_dials.json	5	RogueYavinIV_tebu/5500	meta-llama/Llama-3.2-3B-Instruct	schema	10	False	False	100	False	None	1738703645	data/d0t/dot_2	meta-llama/Llama-3.2-3B-Instruct	updates	None	None	None	None	None	None	None	None	None	None	None
data/multiwoz24/dev_dials.json	5	FieryNalHutta_tebu/10600	meta-llama/Llama-3.2-1B-Instruct	schema	10	False	False	100	False	None	1738703599	data/d0t/dot_2	meta-llama/Llama-3.2-1B-Instruct	updates	None	None	None	None	None	None	None	None	None	None	None
data/multiwoz24/dev_dials.json	5	MajesticMygeeto_tebu/7600	meta-llama/Llama-3.2-1B-Instruct	schema	10	False	False	100	False	None	1738703499	data/d0t/dot_2	meta-llama/Llama-3.2-1B-Instruct	states	None	None	None	None	None	None	None	None	None	None	None
data/multiwoz24/dev_dials.json	5	FieryNalHutta_tebu/10300	meta-llama/Llama-3.2-1B-Instruct	schema	10	False	False	100	False	None	1738703242	data/d0t/dot_2	meta-llama/Llama-3.2-1B-Instruct	updates	None	None	None	None	None	None	None	None	None	None	None
data/multiwoz24/dev_dials.json	5	DazzlingAcklay_tebu/4300	meta-llama/Llama-3.2-3B-Instruct	schema	10	False	False	100	False	None	1738703228	data/d0t/dot_2	meta-llama/Llama-3.2-3B-Instruct	updates	None	None	None	None	None	None	None	None	None	None	None
data/multiwoz24/dev_dials.json	5	MajesticMygeeto_tebu/7300	meta-llama/Llama-3.2-1B-Instruct	schema	10	False	False	100	False	None	1738703016	data/d0t/dot_2	meta-llama/Llama-3.2-1B-Instruct	states	None	None	None	None	None	None	None	None	None	None	None
data/multiwoz24/dev_dials.json	5	ResplendentKit_tebu/1900	meta-llama/Llama-3.1-8B-Instruct	schema	10	False	False	100	False	None	1738702961	data/d0t/dot_2	meta-llama/Llama-3.1-8B-Instruct	states	None	None	None	None	None	None	None	None	None	None	None
data/multiwoz24/dev_dials.json	5	RogueYavinIV_tebu/5200	meta-llama/Llama-3.2-3B-Instruct	schema	10	False	False	100	False	None	1738702946	data/d0t/dot_2	meta-llama/Llama-3.2-3B-Instruct	updates	None	None	None	None	None	None	None	None	None	None	None
data/multiwoz24/dev_dials.json	5	FieryNalHutta_tebu/10000	meta-llama/Llama-3.2-1B-Instruct	schema	10	False	False	100	False	None	1738702882	data/d0t/dot_2	meta-llama/Llama-3.2-1B-Instruct	updates	None	None	None	None	None	None	None	None	None	None	None
data/multiwoz24/dev_dials.json	5	RogueKefBir_tebu/2800	meta-llama/Llama-3.2-3B-Instruct	schema	10	False	False	100	False	None	1738702836	data/d0t/dot_2	meta-llama/Llama-3.2-3B-Instruct	states	None	None	None	None	None	None	None	None	None	None	None
data/multiwoz24/dev_dials.json	5	MajesticMygeeto_tebu/7000	meta-llama/Llama-3.2-1B-Instruct	schema	10	False	False	100	False	None	1738702530	data/d0t/dot_2	meta-llama/Llama-3.2-1B-Instruct	states	None	None	None	None	None	None	None	None	None	None	None
data/multiwoz24/dev_dials.json	5	FieryNalHutta_tebu/9700	meta-llama/Llama-3.2-1B-Instruct	schema	10	False	False	100	False	None	1738702526	data/d0t/dot_2	meta-llama/Llama-3.2-1B-Instruct	updates	None	None	None	None	None	None	None	None	None	None	None
data/multiwoz24/dev_dials.json	5	DazzlingAcklay_tebu/4000	meta-llama/Llama-3.2-3B-Instruct	schema	10	False	False	100	False	None	1738702508	data/d0t/dot_2	meta-llama/Llama-3.2-3B-Instruct	updates	None	None	None	None	None	None	None	None	None	None	None
data/multiwoz24/dev_dials.json	5	RogueYavinIV_tebu/4900	meta-llama/Llama-3.2-3B-Instruct	schema	10	False	False	100	False	None	1738702245	data/d0t/dot_2	meta-llama/Llama-3.2-3B-Instruct	updates	None	None	None	None	None	None	None	None	None	None	None
data/multiwoz24/dev_dials.json	5	FieryNalHutta_tebu/9400	meta-llama/Llama-3.2-1B-Instruct	schema	10	False	False	100	False	None	1738702160	data/d0t/dot_2	meta-llama/Llama-3.2-1B-Instruct	updates	None	None	None	None	None	None	None	None	None	None	None
data/multiwoz24/dev_dials.json	5	MajesticMygeeto_tebu/6700	meta-llama/Llama-3.2-1B-Instruct	schema	10	False	False	100	False	None	1738702045	data/d0t/dot_2	meta-llama/Llama-3.2-1B-Instruct	states	None	None	None	None	None	None	None	None	None	None	None
data/multiwoz24/dev_dials.json	5	RogueKefBir_tebu/2500	meta-llama/Llama-3.2-3B-Instruct	schema	10	False	False	100	False	None	1738701844	data/d0t/dot_2	meta-llama/Llama-3.2-3B-Instruct	states	None	None	None	None	None	None	None	None	None	None	None
data/multiwoz24/dev_dials.json	5	FieryNalHutta_tebu/9100	meta-llama/Llama-3.2-1B-Instruct	schema	10	False	False	100	False	None	1738701800	data/d0t/dot_2	meta-llama/Llama-3.2-1B-Instruct	updates	None	None	None	None	None	None	None	None	None	None	None
data/multiwoz24/dev_dials.json	5	DazzlingAcklay_tebu/3700	meta-llama/Llama-3.2-3B-Instruct	schema	10	False	False	100	False	None	1738701791	data/d0t/dot_2	meta-llama/Llama-3.2-3B-Instruct	updates	None	None	None	None	None	None	None	None	None	None	None
data/multiwoz24/dev_dials.json	5	MajesticMygeeto_tebu/6400	meta-llama/Llama-3.2-1B-Instruct	schema	10	False	False	100	False	None	1738701574	data/d0t/dot_2	meta-llama/Llama-3.2-1B-Instruct	states	None	None	None	None	None	None	None	None	None	None	None
data/multiwoz24/dev_dials.json	5	RogueYavinIV_tebu/4600	meta-llama/Llama-3.2-3B-Instruct	schema	10	False	False	100	False	None	1738701544	data/d0t/dot_2	meta-llama/Llama-3.2-3B-Instruct	updates	None	None	None	None	None	None	None	None	None	None	None
data/multiwoz24/dev_dials.json	5	FieryNalHutta_tebu/8800	meta-llama/Llama-3.2-1B-Instruct	schema	10	False	False	100	False	None	1738701437	data/d0t/dot_2	meta-llama/Llama-3.2-1B-Instruct	updates	None	None	None	None	None	None	None	None	None	None	None
data/multiwoz24/dev_dials.json	5	ResplendentKit_tebu/1600	meta-llama/Llama-3.1-8B-Instruct	schema	10	False	False	100	False	None	1738701395	data/d0t/dot_2	meta-llama/Llama-3.1-8B-Instruct	states	None	None	None	None	None	None	None	None	None	None	None
data/multiwoz24/dev_dials.json	5	MajesticMygeeto_tebu/6100	meta-llama/Llama-3.2-1B-Instruct	schema	10	False	False	100	False	None	1738701091	data/d0t/dot_2	meta-llama/Llama-3.2-1B-Instruct	states	None	None	None	None	None	None	None	None	None	None	None
data/multiwoz24/dev_dials.json	5	FieryNalHutta_tebu/8500	meta-llama/Llama-3.2-1B-Instruct	schema	10	False	False	100	False	None	1738701070	data/d0t/dot_2	meta-llama/Llama-3.2-1B-Instruct	updates	None	None	None	None	None	None	None	None	None	None	None
data/multiwoz24/dev_dials.json	5	DazzlingAcklay_tebu/3400	meta-llama/Llama-3.2-3B-Instruct	schema	10	False	False	100	False	None	1738701067	data/d0t/dot_2	meta-llama/Llama-3.2-3B-Instruct	updates	None	None	None	None	None	None	None	None	None	None	None
data/multiwoz24/dev_dials.json	5	RogueKefBir_tebu/2200	meta-llama/Llama-3.2-3B-Instruct	schema	10	False	False	100	False	None	1738700845	data/d0t/dot_2	meta-llama/Llama-3.2-3B-Instruct	states	None	None	None	None	None	None	None	None	None	None	None
data/multiwoz24/dev_dials.json	5	RogueYavinIV_tebu/4300	meta-llama/Llama-3.2-3B-Instruct	schema	10	False	False	100	False	None	1738700841	data/d0t/dot_2	meta-llama/Llama-3.2-3B-Instruct	updates	None	None	None	None	None	None	None	None	None	None	None
data/multiwoz24/dev_dials.json	5	FieryNalHutta_tebu/8200	meta-llama/Llama-3.2-1B-Instruct	schema	10	False	False	100	False	None	1738700702	data/d0t/dot_2	meta-llama/Llama-3.2-1B-Instruct	updates	None	None	None	None	None	None	None	None	None	None	None
data/multiwoz24/dev_dials.json	5	MajesticMygeeto_tebu/5800	meta-llama/Llama-3.2-1B-Instruct	schema	10	False	False	100	False	None	1738700613	data/d0t/dot_2	meta-llama/Llama-3.2-1B-Instruct	states	None	None	None	None	None	None	None	None	None	None	None
data/multiwoz24/dev_dials.json	5	DazzlingAcklay_tebu/3100	meta-llama/Llama-3.2-3B-Instruct	schema	10	False	False	100	False	None	1738700344	data/d0t/dot_2	meta-llama/Llama-3.2-3B-Instruct	updates	None	None	None	None	None	None	None	None	None	None	None
data/multiwoz24/dev_dials.json	5	FieryNalHutta_tebu/7900	meta-llama/Llama-3.2-1B-Instruct	schema	10	False	False	100	False	None	1738700338	data/d0t/dot_2	meta-llama/Llama-3.2-1B-Instruct	updates	None	None	None	None	None	None	None	None	None	None	None
data/multiwoz24/dev_dials.json	5	RogueYavinIV_tebu/4000	meta-llama/Llama-3.2-3B-Instruct	schema	10	False	False	100	False	None	1738700140	data/d0t/dot_2	meta-llama/Llama-3.2-3B-Instruct	updates	None	None	None	None	None	None	None	None	None	None	None
data/multiwoz24/dev_dials.json	5	MajesticMygeeto_tebu/5500	meta-llama/Llama-3.2-1B-Instruct	schema	10	False	False	100	False	None	1738700136	data/d0t/dot_2	meta-llama/Llama-3.2-1B-Instruct	states	None	None	None	None	None	None	None	None	None	None	None
data/multiwoz24/dev_dials.json	5	FieryNalHutta_tebu/7600	meta-llama/Llama-3.2-1B-Instruct	schema	10	False	False	100	False	None	1738699973	data/d0t/dot_2	meta-llama/Llama-3.2-1B-Instruct	updates	None	None	None	None	None	None	None	None	None	None	None
data/multiwoz24/dev_dials.json	5	ResplendentKit_tebu/1300	meta-llama/Llama-3.1-8B-Instruct	schema	10	False	False	100	False	None	1738699836	data/d0t/dot_2	meta-llama/Llama-3.1-8B-Instruct	states	None	None	None	None	None	None	None	None	None	None	None
data/multiwoz24/dev_dials.json	5	RogueKefBir_tebu/1900	meta-llama/Llama-3.2-3B-Instruct	schema	10	False	False	100	False	None	1738699835	data/d0t/dot_2	meta-llama/Llama-3.2-3B-Instruct	states	None	None	None	None	None	None	None	None	None	None	None
data/multiwoz24/dev_dials.json	5	MajesticMygeeto_tebu/5200	meta-llama/Llama-3.2-1B-Instruct	schema	10	False	False	100	False	None	1738699646	data/d0t/dot_2	meta-llama/Llama-3.2-1B-Instruct	states	None	None	None	None	None	None	None	None	None	None	None
data/multiwoz24/dev_dials.json	5	DazzlingAcklay_tebu/2800	meta-llama/Llama-3.2-3B-Instruct	schema	10	False	False	100	False	None	1738699625	data/d0t/dot_2	meta-llama/Llama-3.2-3B-Instruct	updates	None	None	None	None	None	None	None	None	None	None	None
data/multiwoz24/dev_dials.json	5	FieryNalHutta_tebu/7300	meta-llama/Llama-3.2-1B-Instruct	schema	10	False	False	100	False	None	1738699614	data/d0t/dot_2	meta-llama/Llama-3.2-1B-Instruct	updates	None	None	None	None	None	None	None	None	None	None	None
data/multiwoz24/dev_dials.json	5	RogueYavinIV_tebu/3700	meta-llama/Llama-3.2-3B-Instruct	schema	10	False	False	100	False	None	1738699438	data/d0t/dot_2	meta-llama/Llama-3.2-3B-Instruct	updates	None	None	None	None	None	None	None	None	None	None	None
data/multiwoz24/dev_dials.json	5	FieryNalHutta_tebu/7000	meta-llama/Llama-3.2-1B-Instruct	schema	10	False	False	100	False	None	1738699250	data/d0t/dot_2	meta-llama/Llama-3.2-1B-Instruct	updates	None	None	None	None	None	None	None	None	None	None	None
data/multiwoz24/dev_dials.json	5	MajesticMygeeto_tebu/4900	meta-llama/Llama-3.2-1B-Instruct	schema	10	False	False	100	False	None	1738699173	data/d0t/dot_2	meta-llama/Llama-3.2-1B-Instruct	states	None	None	None	None	None	None	None	None	None	None	None
data/multiwoz24/dev_dials.json	5	DazzlingAcklay_tebu/2500	meta-llama/Llama-3.2-3B-Instruct	schema	10	False	False	100	False	None	1738698897	data/d0t/dot_2	meta-llama/Llama-3.2-3B-Instruct	updates	None	None	None	None	None	None	None	None	None	None	None
data/multiwoz24/dev_dials.json	5	FieryNalHutta_tebu/6700	meta-llama/Llama-3.2-1B-Instruct	schema	10	False	False	100	False	None	1738698884	data/d0t/dot_2	meta-llama/Llama-3.2-1B-Instruct	updates	None	None	None	None	None	None	None	None	None	None	None
data/multiwoz24/dev_dials.json	5	RogueKefBir_tebu/1600	meta-llama/Llama-3.2-3B-Instruct	schema	10	False	False	100	False	None	1738698841	data/d0t/dot_2	meta-llama/Llama-3.2-3B-Instruct	states	None	None	None	None	None	None	None	None	None	None	None
data/multiwoz24/dev_dials.json	5	RogueYavinIV_tebu/3400	meta-llama/Llama-3.2-3B-Instruct	schema	10	False	False	100	False	None	1738698725	data/d0t/dot_2	meta-llama/Llama-3.2-3B-Instruct	updates	None	None	None	None	None	None	None	None	None	None	None
data/multiwoz24/dev_dials.json	5	MajesticMygeeto_tebu/4600	meta-llama/Llama-3.2-1B-Instruct	schema	10	False	False	100	False	None	1738698689	data/d0t/dot_2	meta-llama/Llama-3.2-1B-Instruct	states	None	None	None	None	None	None	None	None	None	None	None
data/multiwoz24/dev_dials.json	5	FieryNalHutta_tebu/6400	meta-llama/Llama-3.2-1B-Instruct	schema	10	False	False	100	False	None	1738698524	data/d0t/dot_2	meta-llama/Llama-3.2-1B-Instruct	updates	None	None	None	None	None	None	None	None	None	None	None
data/multiwoz24/dev_dials.json	5	ResplendentKit_tebu/1000	meta-llama/Llama-3.1-8B-Instruct	schema	10	False	False	100	False	None	1738698268	data/d0t/dot_2	meta-llama/Llama-3.1-8B-Instruct	states	None	None	None	None	None	None	None	None	None	None	None
data/multiwoz24/dev_dials.json	5	MajesticMygeeto_tebu/4300	meta-llama/Llama-3.2-1B-Instruct	schema	10	False	False	100	False	None	1738698218	data/d0t/dot_2	meta-llama/Llama-3.2-1B-Instruct	states	None	None	None	None	None	None	None	None	None	None	None
data/multiwoz24/dev_dials.json	5	DazzlingAcklay_tebu/2200	meta-llama/Llama-3.2-3B-Instruct	schema	10	False	False	100	False	None	1738698169	data/d0t/dot_2	meta-llama/Llama-3.2-3B-Instruct	updates	None	None	None	None	None	None	None	None	None	None	None
data/multiwoz24/dev_dials.json	5	FieryNalHutta_tebu/6100	meta-llama/Llama-3.2-1B-Instruct	schema	10	False	False	100	False	None	1738698164	data/d0t/dot_2	meta-llama/Llama-3.2-1B-Instruct	updates	None	None	None	None	None	None	None	None	None	None	None
data/multiwoz24/dev_dials.json	5	RogueYavinIV_tebu/3100	meta-llama/Llama-3.2-3B-Instruct	schema	10	False	False	100	False	None	1738698015	data/d0t/dot_2	meta-llama/Llama-3.2-3B-Instruct	updates	None	None	None	None	None	None	None	None	None	None	None
data/multiwoz24/dev_dials.json	5	RogueKefBir_tebu/1300	meta-llama/Llama-3.2-3B-Instruct	schema	10	False	False	100	False	None	1738697832	data/d0t/dot_2	meta-llama/Llama-3.2-3B-Instruct	states	None	None	None	None	None	None	None	None	None	None	None
data/multiwoz24/dev_dials.json	5	FieryNalHutta_tebu/5800	meta-llama/Llama-3.2-1B-Instruct	schema	10	False	False	100	False	None	1738697802	data/d0t/dot_2	meta-llama/Llama-3.2-1B-Instruct	updates	None	None	None	None	None	None	None	None	None	None	None
data/multiwoz24/dev_dials.json	5	MajesticMygeeto_tebu/4000	meta-llama/Llama-3.2-1B-Instruct	schema	10	False	False	100	False	None	1738697736	data/d0t/dot_2	meta-llama/Llama-3.2-1B-Instruct	states	None	None	None	None	None	None	None	None	None	None	None
data/multiwoz24/dev_dials.json	5	ResplendentKit_tebu/900	meta-llama/Llama-3.1-8B-Instruct	schema	10	False	False	100	False	None	1738697696	data/d0t/dot_2	meta-llama/Llama-3.1-8B-Instruct	states	None	None	None	None	None	None	None	None	None	None	None
data/multiwoz24/dev_dials.json	5	DazzlingAcklay_tebu/1900	meta-llama/Llama-3.2-3B-Instruct	schema	10	False	False	100	False	None	1738697451	data/d0t/dot_2	meta-llama/Llama-3.2-3B-Instruct	updates	None	None	None	None	None	None	None	None	None	None	None
data/multiwoz24/dev_dials.json	5	FieryNalHutta_tebu/5500	meta-llama/Llama-3.2-1B-Instruct	schema	10	False	False	100	False	None	1738697434	data/d0t/dot_2	meta-llama/Llama-3.2-1B-Instruct	updates	None	None	None	None	None	None	None	None	None	None	None
data/multiwoz24/dev_dials.json	5	RogueYavinIV_tebu/2800	meta-llama/Llama-3.2-3B-Instruct	schema	10	False	False	100	False	None	1738697318	data/d0t/dot_2	meta-llama/Llama-3.2-3B-Instruct	updates	None	None	None	None	None	None	None	None	None	None	None
data/multiwoz24/dev_dials.json	5	MajesticMygeeto_tebu/3700	meta-llama/Llama-3.2-1B-Instruct	schema	10	False	False	100	False	None	1738697266	data/d0t/dot_2	meta-llama/Llama-3.2-1B-Instruct	states	None	None	None	None	None	None	None	None	None	None	None
data/multiwoz24/dev_dials.json	5	ResplendentKit_tebu/800	meta-llama/Llama-3.1-8B-Instruct	schema	10	False	False	100	False	None	1738697132	data/d0t/dot_2	meta-llama/Llama-3.1-8B-Instruct	states	None	None	None	None	None	None	None	None	None	None	None
data/multiwoz24/dev_dials.json	5	FieryNalHutta_tebu/5200	meta-llama/Llama-3.2-1B-Instruct	schema	10	False	False	100	False	None	1738697071	data/d0t/dot_2	meta-llama/Llama-3.2-1B-Instruct	updates	None	None	None	None	None	None	None	None	None	None	None
data/multiwoz24/dev_dials.json	5	RogueKefBir_tebu/1000	meta-llama/Llama-3.2-3B-Instruct	schema	10	False	False	100	False	None	1738696838	data/d0t/dot_2	meta-llama/Llama-3.2-3B-Instruct	states	None	None	None	None	None	None	None	None	None	None	None
data/multiwoz24/dev_dials.json	5	MajesticMygeeto_tebu/3400	meta-llama/Llama-3.2-1B-Instruct	schema	10	False	False	100	False	None	1738696778	data/d0t/dot_2	meta-llama/Llama-3.2-1B-Instruct	states	None	None	None	None	None	None	None	None	None	None	None
data/multiwoz24/dev_dials.json	5	DazzlingAcklay_tebu/1600	meta-llama/Llama-3.2-3B-Instruct	schema	10	False	False	100	False	None	1738696724	data/d0t/dot_2	meta-llama/Llama-3.2-3B-Instruct	updates	None	None	None	None	None	None	None	None	None	None	None
data/multiwoz24/dev_dials.json	5	FieryNalHutta_tebu/4900	meta-llama/Llama-3.2-1B-Instruct	schema	10	False	False	100	False	None	1738696709	data/d0t/dot_2	meta-llama/Llama-3.2-1B-Instruct	updates	None	None	None	None	None	None	None	None	None	None	None
data/multiwoz24/dev_dials.json	5	RogueYavinIV_tebu/2500	meta-llama/Llama-3.2-3B-Instruct	schema	10	False	False	100	False	None	1738696606	data/d0t/dot_2	meta-llama/Llama-3.2-3B-Instruct	updates	None	None	None	None	None	None	None	None	None	None	None
data/multiwoz24/dev_dials.json	5	ResplendentKit_tebu/700	meta-llama/Llama-3.1-8B-Instruct	schema	10	False	False	100	False	None	1738696564	data/d0t/dot_2	meta-llama/Llama-3.1-8B-Instruct	states	None	None	None	None	None	None	None	None	None	None	None
data/multiwoz24/dev_dials.json	5	RogueKefBir_tebu/900	meta-llama/Llama-3.2-3B-Instruct	schema	10	False	False	100	False	None	1738696427	data/d0t/dot_2	meta-llama/Llama-3.2-3B-Instruct	states	None	None	None	None	None	None	None	None	None	None	None
data/multiwoz24/dev_dials.json	5	FieryNalHutta_tebu/4600	meta-llama/Llama-3.2-1B-Instruct	schema	10	False	False	100	False	None	1738696342	data/d0t/dot_2	meta-llama/Llama-3.2-1B-Instruct	updates	None	None	None	None	None	None	None	None	None	None	None
data/multiwoz24/dev_dials.json	5	MajesticMygeeto_tebu/3100	meta-llama/Llama-3.2-1B-Instruct	schema	10	False	False	100	False	None	1738696302	data/d0t/dot_2	meta-llama/Llama-3.2-1B-Instruct	states	None	None	None	None	None	None	None	None	None	None	None
data/multiwoz24/dev_dials.json	5	RogueKefBir_tebu/800	meta-llama/Llama-3.2-3B-Instruct	schema	10	False	False	100	False	None	1738696034	data/d0t/dot_2	meta-llama/Llama-3.2-3B-Instruct	states	None	None	None	None	None	None	None	None	None	None	None
data/multiwoz24/dev_dials.json	5	DazzlingAcklay_tebu/1300	meta-llama/Llama-3.2-3B-Instruct	schema	10	False	False	100	False	None	1738695984	data/d0t/dot_2	meta-llama/Llama-3.2-3B-Instruct	updates	None	None	None	None	None	None	None	None	None	None	None
data/multiwoz24/dev_dials.json	5	FieryNalHutta_tebu/4300	meta-llama/Llama-3.2-1B-Instruct	schema	10	False	False	100	False	None	1738695982	data/d0t/dot_2	meta-llama/Llama-3.2-1B-Instruct	updates	None	None	None	None	None	None	None	None	None	None	None
data/multiwoz24/dev_dials.json	5	ResplendentKit_tebu/600	meta-llama/Llama-3.1-8B-Instruct	schema	10	False	False	100	False	None	1738695972	data/d0t/dot_2	meta-llama/Llama-3.1-8B-Instruct	states	None	None	None	None	None	None	None	None	None	None	None
data/multiwoz24/dev_dials.json	5	RogueYavinIV_tebu/2200	meta-llama/Llama-3.2-3B-Instruct	schema	10	False	False	100	False	None	1738695901	data/d0t/dot_2	meta-llama/Llama-3.2-3B-Instruct	updates	None	None	None	None	None	None	None	None	None	None	None
data/multiwoz24/dev_dials.json	5	MajesticMygeeto_tebu/2800	meta-llama/Llama-3.2-1B-Instruct	schema	10	False	False	100	False	None	1738695822	data/d0t/dot_2	meta-llama/Llama-3.2-1B-Instruct	states	None	None	None	None	None	None	None	None	None	None	None
data/multiwoz24/dev_dials.json	5	RogueKefBir_tebu/700	meta-llama/Llama-3.2-3B-Instruct	schema	10	False	False	100	False	None	1738695654	data/d0t/dot_2	meta-llama/Llama-3.2-3B-Instruct	states	None	None	None	None	None	None	None	None	None	None	None
data/multiwoz24/dev_dials.json	5	FieryNalHutta_tebu/4000	meta-llama/Llama-3.2-1B-Instruct	schema	10	False	False	100	False	None	1738695624	data/d0t/dot_2	meta-llama/Llama-3.2-1B-Instruct	updates	None	None	None	None	None	None	None	None	None	None	None
data/multiwoz24/dev_dials.json	5	ResplendentKit_tebu/500	meta-llama/Llama-3.1-8B-Instruct	schema	10	False	False	100	False	None	1738695392	data/d0t/dot_2	meta-llama/Llama-3.1-8B-Instruct	states	None	None	None	None	None	None	None	None	None	None	None
data/multiwoz24/dev_dials.json	5	MajesticMygeeto_tebu/2500	meta-llama/Llama-3.2-1B-Instruct	schema	10	False	False	100	False	None	1738695345	data/d0t/dot_2	meta-llama/Llama-3.2-1B-Instruct	states	None	None	None	None	None	None	None	None	None	None	None
data/multiwoz24/dev_dials.json	5	FieryNalHutta_tebu/3700	meta-llama/Llama-3.2-1B-Instruct	schema	10	False	False	100	False	None	1738695267	data/d0t/dot_2	meta-llama/Llama-3.2-1B-Instruct	updates	None	None	None	None	None	None	None	None	None	None	None
data/multiwoz24/dev_dials.json	5	RogueKefBir_tebu/600	meta-llama/Llama-3.2-3B-Instruct	schema	10	False	False	100	False	None	1738695243	data/d0t/dot_2	meta-llama/Llama-3.2-3B-Instruct	states	None	None	None	None	None	None	None	None	None	None	None
data/multiwoz24/dev_dials.json	5	DazzlingAcklay_tebu/1000	meta-llama/Llama-3.2-3B-Instruct	schema	10	False	False	100	False	None	1738695242	data/d0t/dot_2	meta-llama/Llama-3.2-3B-Instruct	updates	None	None	None	None	None	None	None	None	None	None	None
data/multiwoz24/dev_dials.json	5	RogueYavinIV_tebu/1900	meta-llama/Llama-3.2-3B-Instruct	schema	10	False	False	100	False	None	1738695193	data/d0t/dot_2	meta-llama/Llama-3.2-3B-Instruct	updates	None	None	None	None	None	None	None	None	None	None	None
data/multiwoz24/dev_dials.json	5	DazzlingAcklay_tebu/900	meta-llama/Llama-3.2-3B-Instruct	schema	10	False	False	100	False	None	1738694986	data/d0t/dot_2	meta-llama/Llama-3.2-3B-Instruct	updates	None	None	None	None	None	None	None	None	None	None	None
data/multiwoz24/dev_dials.json	5	FieryNalHutta_tebu/3400	meta-llama/Llama-3.2-1B-Instruct	schema	10	False	False	100	False	None	1738694907	data/d0t/dot_2	meta-llama/Llama-3.2-1B-Instruct	updates	None	None	None	None	None	None	None	None	None	None	None
data/multiwoz24/dev_dials.json	5	MajesticMygeeto_tebu/2200	meta-llama/Llama-3.2-1B-Instruct	schema	10	False	False	100	False	None	1738694857	data/d0t/dot_2	meta-llama/Llama-3.2-1B-Instruct	states	None	None	None	None	None	None	None	None	None	None	None
data/multiwoz24/dev_dials.json	5	RogueKefBir_tebu/500	meta-llama/Llama-3.2-3B-Instruct	schema	10	False	False	100	False	None	1738694833	data/d0t/dot_2	meta-llama/Llama-3.2-3B-Instruct	states	None	None	None	None	None	None	None	None	None	None	None
data/multiwoz24/dev_dials.json	5	ResplendentKit_tebu/400	meta-llama/Llama-3.1-8B-Instruct	schema	10	False	False	100	False	None	1738694823	data/d0t/dot_2	meta-llama/Llama-3.1-8B-Instruct	states	None	None	None	None	None	None	None	None	None	None	None
data/multiwoz24/dev_dials.json	5	DazzlingAcklay_tebu/800	meta-llama/Llama-3.2-3B-Instruct	schema	10	False	False	100	False	None	1738694726	data/d0t/dot_2	meta-llama/Llama-3.2-3B-Instruct	updates	None	None	None	None	None	None	None	None	None	None	None
data/multiwoz24/dev_dials.json	5	FieryNalHutta_tebu/3100	meta-llama/Llama-3.2-1B-Instruct	schema	10	False	False	100	False	None	1738694551	data/d0t/dot_2	meta-llama/Llama-3.2-1B-Instruct	updates	None	None	None	None	None	None	None	None	None	None	None
data/multiwoz24/dev_dials.json	5	RogueYavinIV_tebu/1600	meta-llama/Llama-3.2-3B-Instruct	schema	10	False	False	100	False	None	1738694504	data/d0t/dot_2	meta-llama/Llama-3.2-3B-Instruct	updates	None	None	None	None	None	None	None	None	None	None	None
data/multiwoz24/dev_dials.json	5	DazzlingAcklay_tebu/700	meta-llama/Llama-3.2-3B-Instruct	schema	10	False	False	100	False	None	1738694452	data/d0t/dot_2	meta-llama/Llama-3.2-3B-Instruct	updates	None	None	None	None	None	None	None	None	None	None	None
data/multiwoz24/dev_dials.json	5	RogueKefBir_tebu/400	meta-llama/Llama-3.2-3B-Instruct	schema	10	False	False	100	False	None	1738694443	data/d0t/dot_2	meta-llama/Llama-3.2-3B-Instruct	states	None	None	None	None	None	None	None	None	None	None	None
data/multiwoz24/dev_dials.json	5	MajesticMygeeto_tebu/1900	meta-llama/Llama-3.2-1B-Instruct	schema	10	False	False	100	False	None	1738694368	data/d0t/dot_2	meta-llama/Llama-3.2-1B-Instruct	states	None	None	None	None	None	None	None	None	None	None	None
data/multiwoz24/dev_dials.json	5	ResplendentKit_tebu/300	meta-llama/Llama-3.1-8B-Instruct	schema	10	False	False	100	False	None	1738694242	data/d0t/dot_2	meta-llama/Llama-3.1-8B-Instruct	states	None	None	None	None	None	None	None	None	None	None	None
data/multiwoz24/dev_dials.json	5	FieryNalHutta_tebu/2800	meta-llama/Llama-3.2-1B-Instruct	schema	10	False	False	100	False	None	1738694193	data/d0t/dot_2	meta-llama/Llama-3.2-1B-Instruct	updates	None	None	None	None	None	None	None	None	None	None	None
data/multiwoz24/dev_dials.json	5	DazzlingAcklay_tebu/600	meta-llama/Llama-3.2-3B-Instruct	schema	10	False	False	100	False	None	1738694184	data/d0t/dot_2	meta-llama/Llama-3.2-3B-Instruct	updates	None	None	None	None	None	None	None	None	None	None	None
data/multiwoz24/dev_dials.json	5	RogueKefBir_tebu/300	meta-llama/Llama-3.2-3B-Instruct	schema	10	False	False	100	False	None	1738694049	data/d0t/dot_2	meta-llama/Llama-3.2-3B-Instruct	states	None	None	None	None	None	None	None	None	None	None	None
data/multiwoz24/dev_dials.json	5	DazzlingAcklay_tebu/500	meta-llama/Llama-3.2-3B-Instruct	schema	10	False	False	100	False	None	1738693948	data/d0t/dot_2	meta-llama/Llama-3.2-3B-Instruct	updates	None	None	None	None	None	None	None	None	None	None	None
data/multiwoz24/dev_dials.json	5	ResplendentKit_tebu/250	meta-llama/Llama-3.1-8B-Instruct	schema	10	False	False	100	False	None	1738693920	data/d0t/dot_2	meta-llama/Llama-3.1-8B-Instruct	states	None	None	None	None	None	None	None	None	None	None	None
data/multiwoz24/dev_dials.json	5	MajesticMygeeto_tebu/1600	meta-llama/Llama-3.2-1B-Instruct	schema	10	False	False	100	False	None	1738693889	data/d0t/dot_2	meta-llama/Llama-3.2-1B-Instruct	states	None	None	None	None	None	None	None	None	None	None	None
data/multiwoz24/dev_dials.json	5	FieryNalHutta_tebu/2500	meta-llama/Llama-3.2-1B-Instruct	schema	10	False	False	100	False	None	1738693829	data/d0t/dot_2	meta-llama/Llama-3.2-1B-Instruct	updates	None	None	None	None	None	None	None	None	None	None	None
data/multiwoz24/dev_dials.json	5	RogueYavinIV_tebu/1300	meta-llama/Llama-3.2-3B-Instruct	schema	10	False	False	100	False	None	1738693813	data/d0t/dot_2	meta-llama/Llama-3.2-3B-Instruct	updates	None	None	None	None	None	None	None	None	None	None	None
data/multiwoz24/dev_dials.json	5	RogueKefBir_tebu/250	meta-llama/Llama-3.2-3B-Instruct	schema	10	False	False	100	False	None	1738693741	data/d0t/dot_2	meta-llama/Llama-3.2-3B-Instruct	states	None	None	None	None	None	None	None	None	None	None	None
data/multiwoz24/dev_dials.json	5	DazzlingAcklay_tebu/400	meta-llama/Llama-3.2-3B-Instruct	schema	10	False	False	100	False	None	1738693674	data/d0t/dot_2	meta-llama/Llama-3.2-3B-Instruct	updates	None	None	None	None	None	None	None	None	None	None	None
data/multiwoz24/dev_dials.json	5	ResplendentKit_tebu/200	meta-llama/Llama-3.1-8B-Instruct	schema	10	False	False	100	False	None	1738693587	data/d0t/dot_2	meta-llama/Llama-3.1-8B-Instruct	states	None	None	None	None	None	None	None	None	None	None	None
data/multiwoz24/dev_dials.json	5	RogueKefBir_tebu/200	meta-llama/Llama-3.2-3B-Instruct	schema	10	False	False	100	False	None	1738693501	data/d0t/dot_2	meta-llama/Llama-3.2-3B-Instruct	states	None	None	None	None	None	None	None	None	None	None	None
data/multiwoz24/dev_dials.json	5	FieryNalHutta_tebu/2200	meta-llama/Llama-3.2-1B-Instruct	schema	10	False	False	100	False	None	1738693474	data/d0t/dot_2	meta-llama/Llama-3.2-1B-Instruct	updates	None	None	None	None	None	None	None	None	None	None	None
data/multiwoz24/dev_dials.json	5	DazzlingAcklay_tebu/300	meta-llama/Llama-3.2-3B-Instruct	schema	10	False	False	100	False	None	1738693415	data/d0t/dot_2	meta-llama/Llama-3.2-3B-Instruct	updates	None	None	None	None	None	None	None	None	None	None	None
data/multiwoz24/dev_dials.json	5	MajesticMygeeto_tebu/1300	meta-llama/Llama-3.2-1B-Instruct	schema	10	False	False	100	False	None	1738693397	data/d0t/dot_2	meta-llama/Llama-3.2-1B-Instruct	states	None	None	None	None	None	None	None	None	None	None	None
data/multiwoz24/dev_dials.json	5	DazzlingAcklay_tebu/250	meta-llama/Llama-3.2-3B-Instruct	schema	10	False	False	100	False	None	1738693273	data/d0t/dot_2	meta-llama/Llama-3.2-3B-Instruct	updates	None	None	None	None	None	None	None	None	None	None	None
data/multiwoz24/dev_dials.json	5	ResplendentKit_tebu/150	meta-llama/Llama-3.1-8B-Instruct	schema	10	False	False	100	False	None	1738693272	data/d0t/dot_2	meta-llama/Llama-3.1-8B-Instruct	states	None	None	None	None	None	None	None	None	None	None	None
data/multiwoz24/dev_dials.json	5	RogueKefBir_tebu/150	meta-llama/Llama-3.2-3B-Instruct	schema	10	False	False	100	False	None	1738693267	data/d0t/dot_2	meta-llama/Llama-3.2-3B-Instruct	states	None	None	None	None	None	None	None	None	None	None	None
data/multiwoz24/dev_dials.json	5	DazzlingAcklay_tebu/200	meta-llama/Llama-3.2-3B-Instruct	schema	10	False	False	100	False	None	1738693129	data/d0t/dot_2	meta-llama/Llama-3.2-3B-Instruct	updates	None	None	None	None	None	None	None	None	None	None	None
data/multiwoz24/dev_dials.json	5	RogueYavinIV_tebu/1000	meta-llama/Llama-3.2-3B-Instruct	schema	10	False	False	100	False	None	1738693126	data/d0t/dot_2	meta-llama/Llama-3.2-3B-Instruct	updates	None	None	None	None	None	None	None	None	None	None	None
data/multiwoz24/dev_dials.json	5	FieryNalHutta_tebu/1900	meta-llama/Llama-3.2-1B-Instruct	schema	10	False	False	100	False	None	1738693114	data/d0t/dot_2	meta-llama/Llama-3.2-1B-Instruct	updates	None	None	None	None	None	None	None	None	None	None	None
data/multiwoz24/dev_dials.json	5	DazzlingAcklay_tebu/150	meta-llama/Llama-3.2-3B-Instruct	schema	10	False	False	100	False	None	1738692995	data/d0t/dot_2	meta-llama/Llama-3.2-3B-Instruct	updates	None	None	None	None	None	None	None	None	None	None	None
data/multiwoz24/dev_dials.json	5	ResplendentKit_tebu/100	meta-llama/Llama-3.1-8B-Instruct	schema	10	False	False	100	False	None	1738692956	data/d0t/dot_2	meta-llama/Llama-3.1-8B-Instruct	states	None	None	None	None	None	None	None	None	None	None	None
data/multiwoz24/dev_dials.json	5	RogueKefBir_tebu/100	meta-llama/Llama-3.2-3B-Instruct	schema	10	False	False	100	False	None	1738692949	data/d0t/dot_2	meta-llama/Llama-3.2-3B-Instruct	states	None	None	None	None	None	None	None	None	None	None	None
data/multiwoz24/dev_dials.json	5	MajesticMygeeto_tebu/1000	meta-llama/Llama-3.2-1B-Instruct	schema	10	False	False	100	False	None	1738692915	data/d0t/dot_2	meta-llama/Llama-3.2-1B-Instruct	states	None	None	None	None	None	None	None	None	None	None	None
data/multiwoz24/dev_dials.json	5	RogueYavinIV_tebu/900	meta-llama/Llama-3.2-3B-Instruct	schema	10	False	False	100	False	None	1738692895	data/d0t/dot_2	meta-llama/Llama-3.2-3B-Instruct	updates	None	None	None	None	None	None	None	None	None	None	None
data/multiwoz24/dev_dials.json	5	DazzlingAcklay_tebu/100	meta-llama/Llama-3.2-3B-Instruct	schema	10	False	False	100	False	None	1738692774	data/d0t/dot_2	meta-llama/Llama-3.2-3B-Instruct	updates	None	None	None	None	None	None	None	None	None	None	None
data/multiwoz24/dev_dials.json	5	FieryNalHutta_tebu/1600	meta-llama/Llama-3.2-1B-Instruct	schema	10	False	False	100	False	None	1738692746	data/d0t/dot_2	meta-llama/Llama-3.2-1B-Instruct	updates	None	None	None	None	None	None	None	None	None	None	None
data/multiwoz24/dev_dials.json	5	MajesticMygeeto_tebu/900	meta-llama/Llama-3.2-1B-Instruct	schema	10	False	False	100	False	None	1738692715	data/d0t/dot_2	meta-llama/Llama-3.2-1B-Instruct	states	None	None	None	None	None	None	None	None	None	None	None
data/multiwoz24/dev_dials.json	5	ResplendentKit_tebu/75	meta-llama/Llama-3.1-8B-Instruct	schema	10	False	False	100	False	None	1738692696	data/d0t/dot_2	meta-llama/Llama-3.1-8B-Instruct	states	None	None	None	None	None	None	None	None	None	None	None
data/multiwoz24/dev_dials.json	5	RogueYavinIV_tebu/800	meta-llama/Llama-3.2-3B-Instruct	schema	10	False	False	100	False	None	1738692664	data/d0t/dot_2	meta-llama/Llama-3.2-3B-Instruct	updates	None	None	None	None	None	None	None	None	None	None	None
data/multiwoz24/dev_dials.json	5	RogueKefBir_tebu/75	meta-llama/Llama-3.2-3B-Instruct	schema	10	False	False	100	False	None	1738692645	data/d0t/dot_2	meta-llama/Llama-3.2-3B-Instruct	states	None	None	None	None	None	None	None	None	None	None	None
data/multiwoz24/dev_dials.json	5	DazzlingAcklay_tebu/75	meta-llama/Llama-3.2-3B-Instruct	schema	10	False	False	100	False	None	1738692571	data/d0t/dot_2	meta-llama/Llama-3.2-3B-Instruct	updates	None	None	None	None	None	None	None	None	None	None	None
data/multiwoz24/dev_dials.json	5	ResplendentKit_tebu/50	meta-llama/Llama-3.1-8B-Instruct	schema	10	False	False	100	False	None	1738692530	data/d0t/dot_2	meta-llama/Llama-3.1-8B-Instruct	states	None	None	None	None	None	None	None	None	None	None	None
data/multiwoz24/dev_dials.json	5	MajesticMygeeto_tebu/800	meta-llama/Llama-3.2-1B-Instruct	schema	10	False	False	100	False	None	1738692526	data/d0t/dot_2	meta-llama/Llama-3.2-1B-Instruct	states	None	None	None	None	None	None	None	None	None	None	None
data/multiwoz24/dev_dials.json	5	RogueKefBir_tebu/50	meta-llama/Llama-3.2-3B-Instruct	schema	10	False	False	100	False	None	1738692500	data/d0t/dot_2	meta-llama/Llama-3.2-3B-Instruct	states	None	None	None	None	None	None	None	None	None	None	None
data/multiwoz24/dev_dials.json	5	DazzlingAcklay_tebu/50	meta-llama/Llama-3.2-3B-Instruct	schema	10	False	False	100	False	None	1738692487	data/d0t/dot_2	meta-llama/Llama-3.2-3B-Instruct	updates	None	None	None	None	None	None	None	None	None	None	None
data/multiwoz24/dev_dials.json	5	RogueYavinIV_tebu/700	meta-llama/Llama-3.2-3B-Instruct	schema	10	False	False	100	False	None	1738692432	data/d0t/dot_2	meta-llama/Llama-3.2-3B-Instruct	updates	None	None	None	None	None	None	None	None	None	None	None
data/multiwoz24/dev_dials.json	5	FieryNalHutta_tebu/1300	meta-llama/Llama-3.2-1B-Instruct	schema	10	False	False	100	False	None	1738692389	data/d0t/dot_2	meta-llama/Llama-3.2-1B-Instruct	updates	None	None	None	None	None	None	None	None	None	None	None
data/multiwoz24/dev_dials.json	5	DazzlingAcklay_tebu/25	meta-llama/Llama-3.2-3B-Instruct	schema	10	False	False	100	False	None	1738692371	data/d0t/dot_2	meta-llama/Llama-3.2-3B-Instruct	updates	None	None	None	None	None	None	None	None	None	None	None
data/multiwoz24/dev_dials.json	5	RogueKefBir_tebu/25	meta-llama/Llama-3.2-3B-Instruct	schema	10	False	False	100	False	None	1738692364	data/d0t/dot_2	meta-llama/Llama-3.2-3B-Instruct	states	None	None	None	None	None	None	None	None	None	None	None
data/multiwoz24/dev_dials.json	5	ResplendentKit_tebu/25	meta-llama/Llama-3.1-8B-Instruct	schema	10	False	False	100	False	None	1738692344	data/d0t/dot_2	meta-llama/Llama-3.1-8B-Instruct	states	None	None	None	None	None	None	None	None	None	None	None
data/multiwoz24/dev_dials.json	5	MajesticMygeeto_tebu/700	meta-llama/Llama-3.2-1B-Instruct	schema	10	False	False	100	False	None	1738692328	data/d0t/dot_2	meta-llama/Llama-3.2-1B-Instruct	states	None	None	None	None	None	None	None	None	None	None	None
data/multiwoz24/dev_dials.json	5	RogueYavinIV_tebu/600	meta-llama/Llama-3.2-3B-Instruct	schema	10	False	False	100	False	None	1738692202	data/d0t/dot_2	meta-llama/Llama-3.2-3B-Instruct	updates	None	None	None	None	None	None	None	None	None	None	None
data/multiwoz24/dev_dials.json	5	MajesticMygeeto_tebu/600	meta-llama/Llama-3.2-1B-Instruct	schema	10	False	False	100	False	None	1738692122	data/d0t/dot_2	meta-llama/Llama-3.2-1B-Instruct	states	None	None	None	None	None	None	None	None	None	None	None
data/multiwoz24/dev_dials.json	5	FieryNalHutta_tebu/1000	meta-llama/Llama-3.2-1B-Instruct	schema	10	False	False	100	False	None	1738692025	data/d0t/dot_2	meta-llama/Llama-3.2-1B-Instruct	updates	None	None	None	None	None	None	None	None	None	None	None
data/multiwoz24/dev_dials.json	5	RogueYavinIV_tebu/500	meta-llama/Llama-3.2-3B-Instruct	schema	10	False	False	100	False	None	1738691974	data/d0t/dot_2	meta-llama/Llama-3.2-3B-Instruct	updates	None	None	None	None	None	None	None	None	None	None	None
data/multiwoz24/dev_dials.json	5	MajesticMygeeto_tebu/500	meta-llama/Llama-3.2-1B-Instruct	schema	10	False	False	100	False	None	1738691931	data/d0t/dot_2	meta-llama/Llama-3.2-1B-Instruct	states	None	None	None	None	None	None	None	None	None	None	None
data/multiwoz24/dev_dials.json	5	FieryNalHutta_tebu/900	meta-llama/Llama-3.2-1B-Instruct	schema	10	False	False	100	False	None	1738691903	data/d0t/dot_2	meta-llama/Llama-3.2-1B-Instruct	updates	None	None	None	None	None	None	None	None	None	None	None
data/multiwoz24/dev_dials.json	5	FieryNalHutta_tebu/800	meta-llama/Llama-3.2-1B-Instruct	schema	10	False	False	100	False	None	1738691778	data/d0t/dot_2	meta-llama/Llama-3.2-1B-Instruct	updates	None	None	None	None	None	None	None	None	None	None	None
data/multiwoz24/dev_dials.json	5	RogueYavinIV_tebu/400	meta-llama/Llama-3.2-3B-Instruct	schema	10	False	False	100	False	None	1738691745	data/d0t/dot_2	meta-llama/Llama-3.2-3B-Instruct	updates	None	None	None	None	None	None	None	None	None	None	None
data/multiwoz24/dev_dials.json	5	MajesticMygeeto_tebu/400	meta-llama/Llama-3.2-1B-Instruct	schema	10	False	False	100	False	None	1738691732	data/d0t/dot_2	meta-llama/Llama-3.2-1B-Instruct	states	None	None	None	None	None	None	None	None	None	None	None
data/multiwoz24/dev_dials.json	5	FieryNalHutta_tebu/700	meta-llama/Llama-3.2-1B-Instruct	schema	10	False	False	100	False	None	1738691650	data/d0t/dot_2	meta-llama/Llama-3.2-1B-Instruct	updates	None	None	None	None	None	None	None	None	None	None	None
data/multiwoz24/dev_dials.json	5	MajesticMygeeto_tebu/300	meta-llama/Llama-3.2-1B-Instruct	schema	10	False	False	100	False	None	1738691541	data/d0t/dot_2	meta-llama/Llama-3.2-1B-Instruct	states	None	None	None	None	None	None	None	None	None	None	None
data/multiwoz24/dev_dials.json	5	FieryNalHutta_tebu/600	meta-llama/Llama-3.2-1B-Instruct	schema	10	False	False	100	False	None	1738691524	data/d0t/dot_2	meta-llama/Llama-3.2-1B-Instruct	updates	None	None	None	None	None	None	None	None	None	None	None
data/multiwoz24/dev_dials.json	5	RogueYavinIV_tebu/300	meta-llama/Llama-3.2-3B-Instruct	schema	10	False	False	100	False	None	1738691518	data/d0t/dot_2	meta-llama/Llama-3.2-3B-Instruct	updates	None	None	None	None	None	None	None	None	None	None	None
data/multiwoz24/dev_dials.json	5	MajesticMygeeto_tebu/250	meta-llama/Llama-3.2-1B-Instruct	schema	10	False	False	100	False	None	1738691415	data/d0t/dot_2	meta-llama/Llama-3.2-1B-Instruct	states	None	None	None	None	None	None	None	None	None	None	None
data/multiwoz24/dev_dials.json	5	RogueYavinIV_tebu/250	meta-llama/Llama-3.2-3B-Instruct	schema	10	False	False	100	False	None	1738691403	data/d0t/dot_2	meta-llama/Llama-3.2-3B-Instruct	updates	None	None	None	None	None	None	None	None	None	None	None
data/multiwoz24/dev_dials.json	5	FieryNalHutta_tebu/500	meta-llama/Llama-3.2-1B-Instruct	schema	10	False	False	100	False	None	1738691400	data/d0t/dot_2	meta-llama/Llama-3.2-1B-Instruct	updates	None	None	None	None	None	None	None	None	None	None	None
data/multiwoz24/dev_dials.json	5	MajesticMygeeto_tebu/200	meta-llama/Llama-3.2-1B-Instruct	schema	10	False	False	100	False	None	1738691293	data/d0t/dot_2	meta-llama/Llama-3.2-1B-Instruct	states	None	None	None	None	None	None	None	None	None	None	None
data/multiwoz24/dev_dials.json	5	RogueYavinIV_tebu/200	meta-llama/Llama-3.2-3B-Instruct	schema	10	False	False	100	False	None	1738691286	data/d0t/dot_2	meta-llama/Llama-3.2-3B-Instruct	updates	None	None	None	None	None	None	None	None	None	None	None
data/multiwoz24/dev_dials.json	5	FieryNalHutta_tebu/400	meta-llama/Llama-3.2-1B-Instruct	schema	10	False	False	100	False	None	1738691270	data/d0t/dot_2	meta-llama/Llama-3.2-1B-Instruct	updates	None	None	None	None	None	None	None	None	None	None	None
data/multiwoz24/dev_dials.json	5	MajesticMygeeto_tebu/150	meta-llama/Llama-3.2-1B-Instruct	schema	10	False	False	100	False	None	1738691179	data/d0t/dot_2	meta-llama/Llama-3.2-1B-Instruct	states	None	None	None	None	None	None	None	None	None	None	None
data/multiwoz24/dev_dials.json	5	RogueYavinIV_tebu/150	meta-llama/Llama-3.2-3B-Instruct	schema	10	False	False	100	False	None	1738691172	data/d0t/dot_2	meta-llama/Llama-3.2-3B-Instruct	updates	None	None	None	None	None	None	None	None	None	None	None
data/multiwoz24/dev_dials.json	5	FieryNalHutta_tebu/300	meta-llama/Llama-3.2-1B-Instruct	schema	10	False	False	100	False	None	1738691127	data/d0t/dot_2	meta-llama/Llama-3.2-1B-Instruct	updates	None	None	None	None	None	None	None	None	None	None	None
data/multiwoz24/dev_dials.json	5	FieryNalHutta_tebu/250	meta-llama/Llama-3.2-1B-Instruct	schema	10	False	False	100	False	None	1738691069	data/d0t/dot_2	meta-llama/Llama-3.2-1B-Instruct	updates	None	None	None	None	None	None	None	None	None	None	None
data/multiwoz24/dev_dials.json	5	FieryNalHutta_tebu/200	meta-llama/Llama-3.2-1B-Instruct	schema	10	False	False	100	False	None	1738691004	data/d0t/dot_2	meta-llama/Llama-3.2-1B-Instruct	updates	None	None	None	None	None	None	None	None	None	None	None
data/multiwoz24/dev_dials.json	5	MajesticMygeeto_tebu/100	meta-llama/Llama-3.2-1B-Instruct	schema	10	False	False	100	False	None	1738690982	data/d0t/dot_2	meta-llama/Llama-3.2-1B-Instruct	states	None	None	None	None	None	None	None	None	None	None	None
data/multiwoz24/dev_dials.json	5	RogueYavinIV_tebu/100	meta-llama/Llama-3.2-3B-Instruct	schema	10	False	False	100	False	None	1738690939	data/d0t/dot_2	meta-llama/Llama-3.2-3B-Instruct	updates	None	None	None	None	None	None	None	None	None	None	None
data/multiwoz24/dev_dials.json	5	FieryNalHutta_tebu/150	meta-llama/Llama-3.2-1B-Instruct	schema	10	False	False	100	False	None	1738690937	data/d0t/dot_2	meta-llama/Llama-3.2-1B-Instruct	updates	None	None	None	None	None	None	None	None	None	None	None
data/multiwoz24/dev_dials.json	5	FieryNalHutta_tebu/100	meta-llama/Llama-3.2-1B-Instruct	schema	10	False	False	100	False	None	1738690869	data/d0t/dot_2	meta-llama/Llama-3.2-1B-Instruct	updates	None	None	None	None	None	None	None	None	None	None	None
data/multiwoz24/dev_dials.json	5	FieryNalHutta_tebu/75	meta-llama/Llama-3.2-1B-Instruct	schema	10	False	False	100	False	None	1738690817	data/d0t/dot_2	meta-llama/Llama-3.2-1B-Instruct	updates	None	None	None	None	None	None	None	None	None	None	None
data/multiwoz24/dev_dials.json	5	MajesticMygeeto_tebu/75	meta-llama/Llama-3.2-1B-Instruct	schema	10	False	False	100	False	None	1738690811	data/d0t/dot_2	meta-llama/Llama-3.2-1B-Instruct	states	None	None	None	None	None	None	None	None	None	None	None
data/multiwoz24/dev_dials.json	5	RogueYavinIV_tebu/75	meta-llama/Llama-3.2-3B-Instruct	schema	10	False	False	100	False	None	1738690768	data/d0t/dot_2	meta-llama/Llama-3.2-3B-Instruct	updates	None	None	None	None	None	None	None	None	None	None	None
data/multiwoz24/dev_dials.json	5	FieryNalHutta_tebu/50	meta-llama/Llama-3.2-1B-Instruct	schema	10	False	False	100	False	None	1738690759	data/d0t/dot_2	meta-llama/Llama-3.2-1B-Instruct	updates	None	None	None	None	None	None	None	None	None	None	None
data/multiwoz24/dev_dials.json	5	MajesticMygeeto_tebu/50	meta-llama/Llama-3.2-1B-Instruct	schema	10	False	False	100	False	None	1738690738	data/d0t/dot_2	meta-llama/Llama-3.2-1B-Instruct	states	None	None	None	None	None	None	None	None	None	None	None
data/multiwoz24/dev_dials.json	5	FieryNalHutta_tebu/25	meta-llama/Llama-3.2-1B-Instruct	schema	10	False	False	100	False	None	1738690683	data/d0t/dot_2	meta-llama/Llama-3.2-1B-Instruct	updates	None	None	None	None	None	None	None	None	None	None	None
data/multiwoz24/dev_dials.json	5	MajesticMygeeto_tebu/25	meta-llama/Llama-3.2-1B-Instruct	schema	10	False	False	100	False	None	1738690664	data/d0t/dot_2	meta-llama/Llama-3.2-1B-Instruct	states	None	None	None	None	None	None	None	None	None	None	None
data/multiwoz24/dev_dials.json	5	RogueYavinIV_tebu/50	meta-llama/Llama-3.2-3B-Instruct	schema	10	False	False	100	False	None	1738690634	data/d0t/dot_2	meta-llama/Llama-3.2-3B-Instruct	updates	None	None	None	None	None	None	None	None	None	None	None
data/multiwoz24/dev_dials.json	5	WondrousBespin_tebu/50	meta-llama/Llama-3.2-1B-Instruct	schema	10	False	False	100	False	None	1738690553	data/d0t/dot_2	meta-llama/Llama-3.2-1B-Instruct	updates	None	None	None	None	None	None	None	None	None	None	None
data/multiwoz24/dev_dials.json	5	EpicZuckuss_tebu/50	meta-llama/Llama-3.2-1B-Instruct	schema	10	False	False	100	False	None	1738690533	data/d0t/dot_2	meta-llama/Llama-3.2-1B-Instruct	states	None	None	None	None	None	None	None	None	None	None	None
data/multiwoz24/dev_dials.json	5	RogueYavinIV_tebu/25	meta-llama/Llama-3.2-3B-Instruct	schema	10	False	False	100	False	None	1738690532	data/d0t/dot_2	meta-llama/Llama-3.2-3B-Instruct	updates	None	None	None	None	None	None	None	None	None	None	None
data/multiwoz24/dev_dials.json	5	WondrousBespin_tebu/25	meta-llama/Llama-3.2-1B-Instruct	schema	10	False	False	100	False	None	1738690472	data/d0t/dot_2	meta-llama/Llama-3.2-1B-Instruct	updates	None	None	None	None	None	None	None	None	None	None	None
data/multiwoz24/dev_dials.json	5	EpicZuckuss_tebu/25	meta-llama/Llama-3.2-1B-Instruct	schema	10	False	False	100	False	None	1738690455	data/d0t/dot_2	meta-llama/Llama-3.2-1B-Instruct	states	None	None	None	None	None	None	None	None	None	None	None
data/multiwoz24/dev_dials.json	5	SwiftTatooII_tebu/1300	meta-llama/Llama-3.2-3B-Instruct	schemaless	10	False	False	100	False	None	1738690324	data/d0t/dot_2	meta-llama/Llama-3.2-3B-Instruct	states	None	None	None	None	None	None	None	None	None	None	None
data/multiwoz24/dev_dials.json	5	SwiftTatooII_tebu/1000	meta-llama/Llama-3.2-3B-Instruct	schemaless	10	False	False	100	False	None	1738689492	data/d0t/dot_2	meta-llama/Llama-3.2-3B-Instruct	states	None	None	None	None	None	None	None	None	None	None	None
data/multiwoz24/dev_dials.json	5	StellarYagaMinor_tebu/8800	meta-llama/Llama-3.2-3B-Instruct	schema	10	False	False	100	False	None	1738689438	data/d0t/dot_2	meta-llama/Llama-3.2-3B-Instruct	states	None	None	None	None	None	None	None	None	None	None	None
data/multiwoz24/dev_dials.json	5	UntamedKuiil_tebu/5200	meta-llama/Llama-3.1-8B-Instruct	schema	10	False	False	100	False	None	1738689404	data/d0t/dot_2	meta-llama/Llama-3.1-8B-Instruct	states	None	None	None	None	None	None	None	None	None	None	None
data/multiwoz24/dev_dials.json	5	SwiftTatooII_tebu/900	meta-llama/Llama-3.2-3B-Instruct	schemaless	10	False	False	100	False	None	1738689149	data/d0t/dot_2	meta-llama/Llama-3.2-3B-Instruct	states	None	None	None	None	None	None	None	None	None	None	None
data/multiwoz24/dev_dials.json	5	SwiftTatooII_tebu/800	meta-llama/Llama-3.2-3B-Instruct	schemaless	10	False	False	100	False	None	1738688780	data/d0t/dot_2	meta-llama/Llama-3.2-3B-Instruct	states	None	None	None	None	None	None	None	None	None	None	None
data/multiwoz24/dev_dials.json	5	SwiftTatooII_tebu/700	meta-llama/Llama-3.2-3B-Instruct	schemaless	10	False	False	100	False	None	1738688434	data/d0t/dot_2	meta-llama/Llama-3.2-3B-Instruct	states	None	None	None	None	None	None	None	None	None	None	None
data/multiwoz24/dev_dials.json	5	StellarYagaMinor_tebu/8500	meta-llama/Llama-3.2-3B-Instruct	schema	10	False	False	100	False	None	1738688382	data/d0t/dot_2	meta-llama/Llama-3.2-3B-Instruct	states	None	None	None	None	None	None	None	None	None	None	None
data/multiwoz24/dev_dials.json	5	SwiftTatooII_tebu/600	meta-llama/Llama-3.2-3B-Instruct	schemaless	10	False	False	100	False	None	1738688081	data/d0t/dot_2	meta-llama/Llama-3.2-3B-Instruct	states	None	None	None	None	None	None	None	None	None	None	None
data/multiwoz24/dev_dials.json	5	SwiftTatooII_tebu/500	meta-llama/Llama-3.2-3B-Instruct	schemaless	10	False	False	100	False	None	1738687720	data/d0t/dot_2	meta-llama/Llama-3.2-3B-Instruct	states	None	None	None	None	None	None	None	None	None	None	None
data/multiwoz24/dev_dials.json	5	UntamedKuiil_tebu/4900	meta-llama/Llama-3.1-8B-Instruct	schema	10	False	False	100	False	None	1738687569	data/d0t/dot_2	meta-llama/Llama-3.1-8B-Instruct	states	None	None	None	None	None	None	None	None	None	None	None
data/multiwoz24/dev_dials.json	5	SwiftTatooII_tebu/400	meta-llama/Llama-3.2-3B-Instruct	schemaless	10	False	False	100	False	None	1738687364	data/d0t/dot_2	meta-llama/Llama-3.2-3B-Instruct	states	None	None	None	None	None	None	None	None	None	None	None
data/multiwoz24/dev_dials.json	5	StellarYagaMinor_tebu/8200	meta-llama/Llama-3.2-3B-Instruct	schema	10	False	False	100	False	None	1738687294	data/d0t/dot_2	meta-llama/Llama-3.2-3B-Instruct	states	None	None	None	None	None	None	None	None	None	None	None
data/multiwoz24/dev_dials.json	5	SwiftTatooII_tebu/300	meta-llama/Llama-3.2-3B-Instruct	schemaless	10	False	False	100	False	None	1738686996	data/d0t/dot_2	meta-llama/Llama-3.2-3B-Instruct	states	None	None	None	None	None	None	None	None	None	None	None
data/multiwoz24/dev_dials.json	5	SwiftTatooII_tebu/250	meta-llama/Llama-3.2-3B-Instruct	schemaless	10	False	False	100	False	None	1738686775	data/d0t/dot_2	meta-llama/Llama-3.2-3B-Instruct	states	None	None	None	None	None	None	None	None	None	None	None
data/multiwoz24/dev_dials.json	5	SwiftTatooII_tebu/200	meta-llama/Llama-3.2-3B-Instruct	schemaless	10	False	False	100	False	None	1738686548	data/d0t/dot_2	meta-llama/Llama-3.2-3B-Instruct	states	None	None	None	None	None	None	None	None	None	None	None
data/multiwoz24/dev_dials.json	5	SwiftTatooII_tebu/150	meta-llama/Llama-3.2-3B-Instruct	schemaless	10	False	False	100	False	None	1738686354	data/d0t/dot_2	meta-llama/Llama-3.2-3B-Instruct	states	None	None	None	None	None	None	None	None	None	None	None
data/multiwoz24/dev_dials.json	5	StellarYagaMinor_tebu/7900	meta-llama/Llama-3.2-3B-Instruct	schema	10	False	False	100	False	None	1738686213	data/d0t/dot_2	meta-llama/Llama-3.2-3B-Instruct	states	None	None	None	None	None	None	None	None	None	None	None
data/multiwoz24/dev_dials.json	5	SwiftTatooII_tebu/100	meta-llama/Llama-3.2-3B-Instruct	schemaless	10	False	False	100	False	None	1738686157	data/d0t/dot_2	meta-llama/Llama-3.2-3B-Instruct	states	None	None	None	None	None	None	None	None	None	None	None
data/multiwoz24/dev_dials.json	5	SwiftTatooII_tebu/75	meta-llama/Llama-3.2-3B-Instruct	schemaless	10	False	False	100	False	None	1738685927	data/d0t/dot_2	meta-llama/Llama-3.2-3B-Instruct	states	None	None	None	None	None	None	None	None	None	None	None
data/multiwoz24/dev_dials.json	5	SwiftTatooII_tebu/50	meta-llama/Llama-3.2-3B-Instruct	schemaless	10	False	False	100	False	None	1738685788	data/d0t/dot_2	meta-llama/Llama-3.2-3B-Instruct	states	None	None	None	None	None	None	None	None	None	None	None
data/multiwoz24/dev_dials.json	5	UntamedKuiil_tebu/4600	meta-llama/Llama-3.1-8B-Instruct	schema	10	False	False	100	False	None	1738685758	data/d0t/dot_2	meta-llama/Llama-3.1-8B-Instruct	states	None	None	None	None	None	None	None	None	None	None	None
data/multiwoz24/dev_dials.json	5	SwiftTatooII_tebu/25	meta-llama/Llama-3.2-3B-Instruct	schemaless	10	False	False	100	False	None	1738685674	data/d0t/dot_2	meta-llama/Llama-3.2-3B-Instruct	states	None	None	None	None	None	None	None	None	None	None	None
data/multiwoz24/dev_dials.json	5	StellarYagaMinor_tebu/7600	meta-llama/Llama-3.2-3B-Instruct	schema	10	False	False	100	False	None	1738685123	data/d0t/dot_2	meta-llama/Llama-3.2-3B-Instruct	states	None	None	None	None	None	None	None	None	None	None	None
data/multiwoz24/dev_dials.json	5	StellarYagaMinor_tebu/7300	meta-llama/Llama-3.2-3B-Instruct	schema	10	False	False	100	False	None	1738684067	data/d0t/dot_2	meta-llama/Llama-3.2-3B-Instruct	states	None	None	None	None	None	None	None	None	None	None	None
data/multiwoz24/dev_dials.json	5	UntamedKuiil_tebu/4300	meta-llama/Llama-3.1-8B-Instruct	schema	10	False	False	100	False	None	1738683942	data/d0t/dot_2	meta-llama/Llama-3.1-8B-Instruct	states	None	None	None	None	None	None	None	None	None	None	None
data/multiwoz24/dev_dials.json	5	StellarYagaMinor_tebu/7000	meta-llama/Llama-3.2-3B-Instruct	schema	10	False	False	100	False	None	1738683002	data/d0t/dot_2	meta-llama/Llama-3.2-3B-Instruct	states	None	None	None	None	None	None	None	None	None	None	None
data/multiwoz24/dev_dials.json	5	UntamedKuiil_tebu/4000	meta-llama/Llama-3.1-8B-Instruct	schema	10	False	False	100	False	None	1738682104	data/d0t/dot_2	meta-llama/Llama-3.1-8B-Instruct	states	None	None	None	None	None	None	None	None	None	None	None
data/multiwoz24/dev_dials.json	5	StellarYagaMinor_tebu/6700	meta-llama/Llama-3.2-3B-Instruct	schema	10	False	False	100	False	None	1738681938	data/d0t/dot_2	meta-llama/Llama-3.2-3B-Instruct	states	None	None	None	None	None	None	None	None	None	None	None
data/multiwoz24/dev_dials.json	5	StellarYagaMinor_tebu/6400	meta-llama/Llama-3.2-3B-Instruct	schema	10	False	False	100	False	None	1738680881	data/d0t/dot_2	meta-llama/Llama-3.2-3B-Instruct	states	None	None	None	None	None	None	None	None	None	None	None
data/multiwoz24/dev_dials.json	5	UntamedKuiil_tebu/3700	meta-llama/Llama-3.1-8B-Instruct	schema	10	False	False	100	False	None	1738680253	data/d0t/dot_2	meta-llama/Llama-3.1-8B-Instruct	states	None	None	None	None	None	None	None	None	None	None	None
data/multiwoz24/dev_dials.json	5	StellarYagaMinor_tebu/6100	meta-llama/Llama-3.2-3B-Instruct	schema	10	False	False	100	False	None	1738679814	data/d0t/dot_2	meta-llama/Llama-3.2-3B-Instruct	states	None	None	None	None	None	None	None	None	None	None	None
data/multiwoz24/dev_dials.json	5	StellarYagaMinor_tebu/5800	meta-llama/Llama-3.2-3B-Instruct	schema	10	False	False	100	False	None	1738678722	data/d0t/dot_2	meta-llama/Llama-3.2-3B-Instruct	states	None	None	None	None	None	None	None	None	None	None	None
data/multiwoz24/dev_dials.json	5	UntamedKuiil_tebu/3400	meta-llama/Llama-3.1-8B-Instruct	schema	10	False	False	100	False	None	1738678430	data/d0t/dot_2	meta-llama/Llama-3.1-8B-Instruct	states	None	None	None	None	None	None	None	None	None	None	None
data/multiwoz24/dev_dials.json	5	StellarYagaMinor_tebu/5500	meta-llama/Llama-3.2-3B-Instruct	schema	10	False	False	100	False	None	1738677648	data/d0t/dot_2	meta-llama/Llama-3.2-3B-Instruct	states	None	None	None	None	None	None	None	None	None	None	None
data/multiwoz24/dev_dials.json	5	StellarYagaMinor_tebu/5200	meta-llama/Llama-3.2-3B-Instruct	schema	10	False	False	100	False	None	1738676591	data/d0t/dot_2	meta-llama/Llama-3.2-3B-Instruct	states	None	None	None	None	None	None	None	None	None	None	None
data/multiwoz24/dev_dials.json	5	UntamedKuiil_tebu/3100	meta-llama/Llama-3.1-8B-Instruct	schema	10	False	False	100	False	None	1738676583	data/d0t/dot_2	meta-llama/Llama-3.1-8B-Instruct	states	None	None	None	None	None	None	None	None	None	None	None
data/multiwoz24/dev_dials.json	5	MysticalMirial_tebu/11600	meta-llama/Llama-3.2-1B-Instruct	schema	10	False	False	100	False	None	1738676004	data/d0t/dot_2	meta-llama/Llama-3.2-1B-Instruct	states	None	None	None	None	None	None	None	None	None	None	None
data/multiwoz24/dev_dials.json	5	MysticalMirial_tebu/11500	meta-llama/Llama-3.2-1B-Instruct	schema	10	False	False	100	False	None	1738675824	data/d0t/dot_2	meta-llama/Llama-3.2-1B-Instruct	states	None	None	None	None	None	None	None	None	None	None	None
data/multiwoz24/dev_dials.json	5	StellarYagaMinor_tebu/4900	meta-llama/Llama-3.2-3B-Instruct	schema	10	False	False	100	False	None	1738675527	data/d0t/dot_2	meta-llama/Llama-3.2-3B-Instruct	states	None	None	None	None	None	None	None	None	None	None	None
data/multiwoz24/dev_dials.json	5	MysticalMirial_tebu/11200	meta-llama/Llama-3.2-1B-Instruct	schema	10	False	False	100	False	None	1738675334	data/d0t/dot_2	meta-llama/Llama-3.2-1B-Instruct	states	None	None	None	None	None	None	None	None	None	None	None
data/multiwoz24/dev_dials.json	5	MysticalMirial_tebu/10900	meta-llama/Llama-3.2-1B-Instruct	schema	10	False	False	100	False	None	1738674850	data/d0t/dot_2	meta-llama/Llama-3.2-1B-Instruct	states	None	None	None	None	None	None	None	None	None	None	None
data/multiwoz24/dev_dials.json	5	UntamedKuiil_tebu/2800	meta-llama/Llama-3.1-8B-Instruct	schema	10	False	False	100	False	None	1738674758	data/d0t/dot_2	meta-llama/Llama-3.1-8B-Instruct	states	None	None	None	None	None	None	None	None	None	None	None
data/multiwoz24/dev_dials.json	5	StellarYagaMinor_tebu/4600	meta-llama/Llama-3.2-3B-Instruct	schema	10	False	False	100	False	None	1738674438	data/d0t/dot_2	meta-llama/Llama-3.2-3B-Instruct	states	None	None	None	None	None	None	None	None	None	None	None
data/multiwoz24/dev_dials.json	5	MysticalMirial_tebu/10600	meta-llama/Llama-3.2-1B-Instruct	schema	10	False	False	100	False	None	1738674345	data/d0t/dot_2	meta-llama/Llama-3.2-1B-Instruct	states	None	None	None	None	None	None	None	None	None	None	None
data/multiwoz24/dev_dials.json	5	MysticalMirial_tebu/10300	meta-llama/Llama-3.2-1B-Instruct	schema	10	False	False	100	False	None	1738673851	data/d0t/dot_2	meta-llama/Llama-3.2-1B-Instruct	states	None	None	None	None	None	None	None	None	None	None	None
data/multiwoz24/dev_dials.json	5	StellarYagaMinor_tebu/4300	meta-llama/Llama-3.2-3B-Instruct	schema	10	False	False	100	False	None	1738673364	data/d0t/dot_2	meta-llama/Llama-3.2-3B-Instruct	states	None	None	None	None	None	None	None	None	None	None	None
data/multiwoz24/dev_dials.json	5	MysticalMirial_tebu/10000	meta-llama/Llama-3.2-1B-Instruct	schema	10	False	False	100	False	None	1738673349	data/d0t/dot_2	meta-llama/Llama-3.2-1B-Instruct	states	None	None	None	None	None	None	None	None	None	None	None
data/multiwoz24/dev_dials.json	5	UntamedKuiil_tebu/2500	meta-llama/Llama-3.1-8B-Instruct	schema	10	False	False	100	False	None	1738672889	data/d0t/dot_2	meta-llama/Llama-3.1-8B-Instruct	states	None	None	None	None	None	None	None	None	None	None	None
data/multiwoz24/dev_dials.json	5	MysticalMirial_tebu/9700	meta-llama/Llama-3.2-1B-Instruct	schema	10	False	False	100	False	None	1738672849	data/d0t/dot_2	meta-llama/Llama-3.2-1B-Instruct	states	None	None	None	None	None	None	None	None	None	None	None
data/multiwoz24/dev_dials.json	5	WiseKorriban_tebu/11700	meta-llama/Llama-3.2-1B-Instruct	schema	10	False	False	100	False	None	1738672543	data/d0t/dot_2	meta-llama/Llama-3.2-1B-Instruct	updates	None	None	None	None	None	None	None	None	None	None	None
data/multiwoz24/dev_dials.json	5	EnigmaticPillio_tebu/11800	meta-llama/Llama-3.2-1B-Instruct	schemaless	10	False	False	100	False	None	1738672511	data/d0t/dot_2	meta-llama/Llama-3.2-1B-Instruct	states	None	None	None	None	None	None	None	None	None	None	None
data/multiwoz24/dev_dials.json	5	MysticalMirial_tebu/9400	meta-llama/Llama-3.2-1B-Instruct	schema	10	False	False	100	False	None	1738672362	data/d0t/dot_2	meta-llama/Llama-3.2-1B-Instruct	states	None	None	None	None	None	None	None	None	None	None	None
data/multiwoz24/dev_dials.json	5	StellarYagaMinor_tebu/4000	meta-llama/Llama-3.2-3B-Instruct	schema	10	False	False	100	False	None	1738672297	data/d0t/dot_2	meta-llama/Llama-3.2-3B-Instruct	states	None	None	None	None	None	None	None	None	None	None	None
data/multiwoz24/dev_dials.json	5	WiseKorriban_tebu/11500	meta-llama/Llama-3.2-1B-Instruct	schema	10	False	False	100	False	None	1738672260	data/d0t/dot_2	meta-llama/Llama-3.2-1B-Instruct	updates	None	None	None	None	None	None	None	None	None	None	None
data/multiwoz24/dev_dials.json	5	EnigmaticPillio_tebu/11500	meta-llama/Llama-3.2-1B-Instruct	schemaless	10	False	False	100	False	None	1738672082	data/d0t/dot_2	meta-llama/Llama-3.2-1B-Instruct	states	None	None	None	None	None	None	None	None	None	None	None
data/multiwoz24/dev_dials.json	5	MysticalMirial_tebu/9100	meta-llama/Llama-3.2-1B-Instruct	schema	10	False	False	100	False	None	1738671873	data/d0t/dot_2	meta-llama/Llama-3.2-1B-Instruct	states	None	None	None	None	None	None	None	None	None	None	None
data/multiwoz24/dev_dials.json	5	WiseKorriban_tebu/11200	meta-llama/Llama-3.2-1B-Instruct	schema	10	False	False	100	False	None	1738671841	data/d0t/dot_2	meta-llama/Llama-3.2-1B-Instruct	updates	None	None	None	None	None	None	None	None	None	None	None
data/multiwoz24/dev_dials.json	5	EnigmaticPillio_tebu/11200	meta-llama/Llama-3.2-1B-Instruct	schemaless	10	False	False	100	False	None	1738671677	data/d0t/dot_2	meta-llama/Llama-3.2-1B-Instruct	states	None	None	None	None	None	None	None	None	None	None	None
data/multiwoz24/dev_dials.json	5	WiseKorriban_tebu/10900	meta-llama/Llama-3.2-1B-Instruct	schema	10	False	False	100	False	None	1738671423	data/d0t/dot_2	meta-llama/Llama-3.2-1B-Instruct	updates	None	None	None	None	None	None	None	None	None	None	None
data/multiwoz24/dev_dials.json	5	MysticalMirial_tebu/8800	meta-llama/Llama-3.2-1B-Instruct	schema	10	False	False	100	False	None	1738671347	data/d0t/dot_2	meta-llama/Llama-3.2-1B-Instruct	states	None	None	None	None	None	None	None	None	None	None	None
data/multiwoz24/dev_dials.json	5	EnigmaticPillio_tebu/10900	meta-llama/Llama-3.2-1B-Instruct	schemaless	10	False	False	100	False	None	1738671279	data/d0t/dot_2	meta-llama/Llama-3.2-1B-Instruct	states	None	None	None	None	None	None	None	None	None	None	None
data/multiwoz24/dev_dials.json	5	StellarYagaMinor_tebu/3700	meta-llama/Llama-3.2-3B-Instruct	schema	10	False	False	100	False	None	1738671217	data/d0t/dot_2	meta-llama/Llama-3.2-3B-Instruct	states	None	None	None	None	None	None	None	None	None	None	None
data/multiwoz24/dev_dials.json	5	UntamedKuiil_tebu/2200	meta-llama/Llama-3.1-8B-Instruct	schema	10	False	False	100	False	None	1738671071	data/d0t/dot_2	meta-llama/Llama-3.1-8B-Instruct	states	None	None	None	None	None	None	None	None	None	None	None
data/multiwoz24/dev_dials.json	5	WiseKorriban_tebu/10600	meta-llama/Llama-3.2-1B-Instruct	schema	10	False	False	100	False	None	1738671004	data/d0t/dot_2	meta-llama/Llama-3.2-1B-Instruct	updates	None	None	None	None	None	None	None	None	None	None	None
data/multiwoz24/dev_dials.json	5	EnigmaticPillio_tebu/10600	meta-llama/Llama-3.2-1B-Instruct	schemaless	10	False	False	100	False	None	1738670868	data/d0t/dot_2	meta-llama/Llama-3.2-1B-Instruct	states	None	None	None	None	None	None	None	None	None	None	None
data/multiwoz24/dev_dials.json	5	MysticalMirial_tebu/8500	meta-llama/Llama-3.2-1B-Instruct	schema	10	False	False	100	False	None	1738670855	data/d0t/dot_2	meta-llama/Llama-3.2-1B-Instruct	states	None	None	None	None	None	None	None	None	None	None	None
data/multiwoz24/dev_dials.json	5	WiseKorriban_tebu/10300	meta-llama/Llama-3.2-1B-Instruct	schema	10	False	False	100	False	None	1738670591	data/d0t/dot_2	meta-llama/Llama-3.2-1B-Instruct	updates	None	None	None	None	None	None	None	None	None	None	None
data/multiwoz24/dev_dials.json	5	EnigmaticPillio_tebu/10300	meta-llama/Llama-3.2-1B-Instruct	schemaless	10	False	False	100	False	None	1738670470	data/d0t/dot_2	meta-llama/Llama-3.2-1B-Instruct	states	None	None	None	None	None	None	None	None	None	None	None
data/multiwoz24/dev_dials.json	5	MysticalMirial_tebu/8200	meta-llama/Llama-3.2-1B-Instruct	schema	10	False	False	100	False	None	1738670329	data/d0t/dot_2	meta-llama/Llama-3.2-1B-Instruct	states	None	None	None	None	None	None	None	None	None	None	None
data/multiwoz24/dev_dials.json	5	WiseKorriban_tebu/10000	meta-llama/Llama-3.2-1B-Instruct	schema	10	False	False	100	False	None	1738670175	data/d0t/dot_2	meta-llama/Llama-3.2-1B-Instruct	updates	None	None	None	None	None	None	None	None	None	None	None
data/multiwoz24/dev_dials.json	5	StellarYagaMinor_tebu/3400	meta-llama/Llama-3.2-3B-Instruct	schema	10	False	False	100	False	None	1738670142	data/d0t/dot_2	meta-llama/Llama-3.2-3B-Instruct	states	None	None	None	None	None	None	None	None	None	None	None
data/multiwoz24/dev_dials.json	5	EnigmaticPillio_tebu/10000	meta-llama/Llama-3.2-1B-Instruct	schemaless	10	False	False	100	False	None	1738670078	data/d0t/dot_2	meta-llama/Llama-3.2-1B-Instruct	states	None	None	None	None	None	None	None	None	None	None	None
data/multiwoz24/dev_dials.json	5	MysticalMirial_tebu/7900	meta-llama/Llama-3.2-1B-Instruct	schema	10	False	False	100	False	None	1738669803	data/d0t/dot_2	meta-llama/Llama-3.2-1B-Instruct	states	None	None	None	None	None	None	None	None	None	None	None
data/multiwoz24/dev_dials.json	5	WiseKorriban_tebu/9700	meta-llama/Llama-3.2-1B-Instruct	schema	10	False	False	100	False	None	1738669745	data/d0t/dot_2	meta-llama/Llama-3.2-1B-Instruct	updates	None	None	None	None	None	None	None	None	None	None	None
data/multiwoz24/dev_dials.json	5	EnigmaticPillio_tebu/9700	meta-llama/Llama-3.2-1B-Instruct	schemaless	10	False	False	100	False	None	1738669667	data/d0t/dot_2	meta-llama/Llama-3.2-1B-Instruct	states	None	None	None	None	None	None	None	None	None	None	None
data/multiwoz24/dev_dials.json	5	WiseKorriban_tebu/9400	meta-llama/Llama-3.2-1B-Instruct	schema	10	False	False	100	False	None	1738669329	data/d0t/dot_2	meta-llama/Llama-3.2-1B-Instruct	updates	None	None	None	None	None	None	None	None	None	None	None
data/multiwoz24/dev_dials.json	5	MysticalMirial_tebu/7600	meta-llama/Llama-3.2-1B-Instruct	schema	10	False	False	100	False	None	1738669264	data/d0t/dot_2	meta-llama/Llama-3.2-1B-Instruct	states	None	None	None	None	None	None	None	None	None	None	None
data/multiwoz24/dev_dials.json	5	EnigmaticPillio_tebu/9400	meta-llama/Llama-3.2-1B-Instruct	schemaless	10	False	False	100	False	None	1738669261	data/d0t/dot_2	meta-llama/Llama-3.2-1B-Instruct	states	None	None	None	None	None	None	None	None	None	None	None
data/multiwoz24/dev_dials.json	5	UntamedKuiil_tebu/1900	meta-llama/Llama-3.1-8B-Instruct	schema	10	False	False	100	False	None	1738669219	data/d0t/dot_2	meta-llama/Llama-3.1-8B-Instruct	states	None	None	None	None	None	None	None	None	None	None	None
data/multiwoz24/dev_dials.json	5	StellarYagaMinor_tebu/3100	meta-llama/Llama-3.2-3B-Instruct	schema	10	False	False	100	False	None	1738669069	data/d0t/dot_2	meta-llama/Llama-3.2-3B-Instruct	states	None	None	None	None	None	None	None	None	None	None	None
data/multiwoz24/dev_dials.json	5	WiseKorriban_tebu/9100	meta-llama/Llama-3.2-1B-Instruct	schema	10	False	False	100	False	None	1738668916	data/d0t/dot_2	meta-llama/Llama-3.2-1B-Instruct	updates	None	None	None	None	None	None	None	None	None	None	None
data/multiwoz24/dev_dials.json	5	EnigmaticPillio_tebu/9100	meta-llama/Llama-3.2-1B-Instruct	schemaless	10	False	False	100	False	None	1738668850	data/d0t/dot_2	meta-llama/Llama-3.2-1B-Instruct	states	None	None	None	None	None	None	None	None	None	None	None
data/multiwoz24/dev_dials.json	5	MysticalMirial_tebu/7300	meta-llama/Llama-3.2-1B-Instruct	schema	10	False	False	100	False	None	1738668771	data/d0t/dot_2	meta-llama/Llama-3.2-1B-Instruct	states	None	None	None	None	None	None	None	None	None	None	None
data/multiwoz24/dev_dials.json	5	WiseKorriban_tebu/8800	meta-llama/Llama-3.2-1B-Instruct	schema	10	False	False	100	False	None	1738668501	data/d0t/dot_2	meta-llama/Llama-3.2-1B-Instruct	updates	None	None	None	None	None	None	None	None	None	None	None
data/multiwoz24/dev_dials.json	5	EnigmaticPillio_tebu/8800	meta-llama/Llama-3.2-1B-Instruct	schemaless	10	False	False	100	False	None	1738668452	data/d0t/dot_2	meta-llama/Llama-3.2-1B-Instruct	states	None	None	None	None	None	None	None	None	None	None	None
data/multiwoz24/dev_dials.json	5	MysticalMirial_tebu/7000	meta-llama/Llama-3.2-1B-Instruct	schema	10	False	False	100	False	None	1738668277	data/d0t/dot_2	meta-llama/Llama-3.2-1B-Instruct	states	None	None	None	None	None	None	None	None	None	None	None
data/multiwoz24/dev_dials.json	5	WiseKorriban_tebu/8500	meta-llama/Llama-3.2-1B-Instruct	schema	10	False	False	100	False	None	1738668086	data/d0t/dot_2	meta-llama/Llama-3.2-1B-Instruct	updates	None	None	None	None	None	None	None	None	None	None	None
data/multiwoz24/dev_dials.json	5	EnigmaticPillio_tebu/8500	meta-llama/Llama-3.2-1B-Instruct	schemaless	10	False	False	100	False	None	1738668055	data/d0t/dot_2	meta-llama/Llama-3.2-1B-Instruct	states	None	None	None	None	None	None	None	None	None	None	None
data/multiwoz24/dev_dials.json	5	StellarYagaMinor_tebu/2800	meta-llama/Llama-3.2-3B-Instruct	schema	10	False	False	100	False	None	1738668005	data/d0t/dot_2	meta-llama/Llama-3.2-3B-Instruct	states	None	None	None	None	None	None	None	None	None	None	None
data/multiwoz24/dev_dials.json	5	MysticalMirial_tebu/6700	meta-llama/Llama-3.2-1B-Instruct	schema	10	False	False	100	False	None	1738667785	data/d0t/dot_2	meta-llama/Llama-3.2-1B-Instruct	states	None	None	None	None	None	None	None	None	None	None	None
data/multiwoz24/dev_dials.json	5	WiseKorriban_tebu/8200	meta-llama/Llama-3.2-1B-Instruct	schema	10	False	False	100	False	None	1738667671	data/d0t/dot_2	meta-llama/Llama-3.2-1B-Instruct	updates	None	None	None	None	None	None	None	None	None	None	None
data/multiwoz24/dev_dials.json	5	EnigmaticPillio_tebu/8200	meta-llama/Llama-3.2-1B-Instruct	schemaless	10	False	False	100	False	None	1738667656	data/d0t/dot_2	meta-llama/Llama-3.2-1B-Instruct	states	None	None	None	None	None	None	None	None	None	None	None
data/multiwoz24/dev_dials.json	5	UntamedKuiil_tebu/1600	meta-llama/Llama-3.1-8B-Instruct	schema	10	False	False	100	False	None	1738667398	data/d0t/dot_2	meta-llama/Llama-3.1-8B-Instruct	states	None	None	None	None	None	None	None	None	None	None	None
data/multiwoz24/dev_dials.json	5	MysticalMirial_tebu/6400	meta-llama/Llama-3.2-1B-Instruct	schema	10	False	False	100	False	None	1738667280	data/d0t/dot_2	meta-llama/Llama-3.2-1B-Instruct	states	None	None	None	None	None	None	None	None	None	None	None
data/multiwoz24/dev_dials.json	5	WiseKorriban_tebu/7900	meta-llama/Llama-3.2-1B-Instruct	schema	10	False	False	100	False	None	1738667259	data/d0t/dot_2	meta-llama/Llama-3.2-1B-Instruct	updates	None	None	None	None	None	None	None	None	None	None	None
data/multiwoz24/dev_dials.json	5	EnigmaticPillio_tebu/7900	meta-llama/Llama-3.2-1B-Instruct	schemaless	10	False	False	100	False	None	1738667256	data/d0t/dot_2	meta-llama/Llama-3.2-1B-Instruct	states	None	None	None	None	None	None	None	None	None	None	None
data/multiwoz24/dev_dials.json	5	StellarYagaMinor_tebu/2500	meta-llama/Llama-3.2-3B-Instruct	schema	10	False	False	100	False	None	1738666931	data/d0t/dot_2	meta-llama/Llama-3.2-3B-Instruct	states	None	None	None	None	None	None	None	None	None	None	None
data/multiwoz24/dev_dials.json	5	EnigmaticPillio_tebu/7600	meta-llama/Llama-3.2-1B-Instruct	schemaless	10	False	False	100	False	None	1738666853	data/d0t/dot_2	meta-llama/Llama-3.2-1B-Instruct	states	None	None	None	None	None	None	None	None	None	None	None
data/multiwoz24/dev_dials.json	5	WiseKorriban_tebu/7600	meta-llama/Llama-3.2-1B-Instruct	schema	10	False	False	100	False	None	1738666844	data/d0t/dot_2	meta-llama/Llama-3.2-1B-Instruct	updates	None	None	None	None	None	None	None	None	None	None	None
data/multiwoz24/dev_dials.json	5	MysticalMirial_tebu/6100	meta-llama/Llama-3.2-1B-Instruct	schema	10	False	False	100	False	None	1738666789	data/d0t/dot_2	meta-llama/Llama-3.2-1B-Instruct	states	None	None	None	None	None	None	None	None	None	None	None
data/multiwoz24/dev_dials.json	5	EnigmaticPillio_tebu/7300	meta-llama/Llama-3.2-1B-Instruct	schemaless	10	False	False	100	False	None	1738666437	data/d0t/dot_2	meta-llama/Llama-3.2-1B-Instruct	states	None	None	None	None	None	None	None	None	None	None	None
data/multiwoz24/dev_dials.json	5	WiseKorriban_tebu/7300	meta-llama/Llama-3.2-1B-Instruct	schema	10	False	False	100	False	None	1738666429	data/d0t/dot_2	meta-llama/Llama-3.2-1B-Instruct	updates	None	None	None	None	None	None	None	None	None	None	None
data/multiwoz24/dev_dials.json	5	MysticalMirial_tebu/5800	meta-llama/Llama-3.2-1B-Instruct	schema	10	False	False	100	False	None	1738666286	data/d0t/dot_2	meta-llama/Llama-3.2-1B-Instruct	states	None	None	None	None	None	None	None	None	None	None	None
data/multiwoz24/dev_dials.json	5	RelentlessTusken_tebu/11800	meta-llama/Llama-3.2-1B-Instruct	schemaless	10	False	False	100	False	None	1738666178	data/d0t/dot_2	meta-llama/Llama-3.2-1B-Instruct	updates	None	None	None	None	None	None	None	None	None	None	None
data/multiwoz24/dev_dials.json	5	EnigmaticPillio_tebu/7000	meta-llama/Llama-3.2-1B-Instruct	schemaless	10	False	False	100	False	None	1738666034	data/d0t/dot_2	meta-llama/Llama-3.2-1B-Instruct	states	None	None	None	None	None	None	None	None	None	None	None
data/multiwoz24/dev_dials.json	5	WiseKorriban_tebu/7000	meta-llama/Llama-3.2-1B-Instruct	schema	10	False	False	100	False	None	1738666016	data/d0t/dot_2	meta-llama/Llama-3.2-1B-Instruct	updates	None	None	None	None	None	None	None	None	None	None	None
data/multiwoz24/dev_dials.json	5	RelentlessTusken_tebu/11500	meta-llama/Llama-3.2-1B-Instruct	schemaless	10	False	False	100	False	None	1738665931	data/d0t/dot_2	meta-llama/Llama-3.2-1B-Instruct	updates	None	None	None	None	None	None	None	None	None	None	None
data/multiwoz24/dev_dials.json	5	StellarYagaMinor_tebu/2200	meta-llama/Llama-3.2-3B-Instruct	schema	10	False	False	100	False	None	1738665849	data/d0t/dot_2	meta-llama/Llama-3.2-3B-Instruct	states	None	None	None	None	None	None	None	None	None	None	None
data/multiwoz24/dev_dials.json	5	MysticalMirial_tebu/5500	meta-llama/Llama-3.2-1B-Instruct	schema	10	False	False	100	False	None	1738665799	data/d0t/dot_2	meta-llama/Llama-3.2-1B-Instruct	states	None	None	None	None	None	None	None	None	None	None	None
data/multiwoz24/dev_dials.json	5	RelentlessTusken_tebu/11200	meta-llama/Llama-3.2-1B-Instruct	schemaless	10	False	False	100	False	None	1738665684	data/d0t/dot_2	meta-llama/Llama-3.2-1B-Instruct	updates	None	None	None	None	None	None	None	None	None	None	None
data/multiwoz24/dev_dials.json	5	EnigmaticPillio_tebu/6700	meta-llama/Llama-3.2-1B-Instruct	schemaless	10	False	False	100	False	None	1738665632	data/d0t/dot_2	meta-llama/Llama-3.2-1B-Instruct	states	None	None	None	None	None	None	None	None	None	None	None
data/multiwoz24/dev_dials.json	5	WiseKorriban_tebu/6700	meta-llama/Llama-3.2-1B-Instruct	schema	10	False	False	100	False	None	1738665602	data/d0t/dot_2	meta-llama/Llama-3.2-1B-Instruct	updates	None	None	None	None	None	None	None	None	None	None	None
data/multiwoz24/dev_dials.json	5	UntamedKuiil_tebu/1300	meta-llama/Llama-3.1-8B-Instruct	schema	10	False	False	100	False	None	1738665551	data/d0t/dot_2	meta-llama/Llama-3.1-8B-Instruct	states	None	None	None	None	None	None	None	None	None	None	None
data/multiwoz24/dev_dials.json	5	RelentlessTusken_tebu/10900	meta-llama/Llama-3.2-1B-Instruct	schemaless	10	False	False	100	False	None	1738665438	data/d0t/dot_2	meta-llama/Llama-3.2-1B-Instruct	updates	None	None	None	None	None	None	None	None	None	None	None
data/multiwoz24/dev_dials.json	5	MysticalMirial_tebu/5200	meta-llama/Llama-3.2-1B-Instruct	schema	10	False	False	100	False	None	1738665301	data/d0t/dot_2	meta-llama/Llama-3.2-1B-Instruct	states	None	None	None	None	None	None	None	None	None	None	None
data/multiwoz24/dev_dials.json	5	EnigmaticPillio_tebu/6400	meta-llama/Llama-3.2-1B-Instruct	schemaless	10	False	False	100	False	None	1738665238	data/d0t/dot_2	meta-llama/Llama-3.2-1B-Instruct	states	None	None	None	None	None	None	None	None	None	None	None
data/multiwoz24/dev_dials.json	5	RelentlessTusken_tebu/10600	meta-llama/Llama-3.2-1B-Instruct	schemaless	10	False	False	100	False	None	1738665190	data/d0t/dot_2	meta-llama/Llama-3.2-1B-Instruct	updates	None	None	None	None	None	None	None	None	None	None	None
data/multiwoz24/dev_dials.json	5	WiseKorriban_tebu/6400	meta-llama/Llama-3.2-1B-Instruct	schema	10	False	False	100	False	None	1738665185	data/d0t/dot_2	meta-llama/Llama-3.2-1B-Instruct	updates	None	None	None	None	None	None	None	None	None	None	None
data/multiwoz24/dev_dials.json	5	RelentlessTusken_tebu/10300	meta-llama/Llama-3.2-1B-Instruct	schemaless	10	False	False	100	False	None	1738664943	data/d0t/dot_2	meta-llama/Llama-3.2-1B-Instruct	updates	None	None	None	None	None	None	None	None	None	None	None
data/multiwoz24/dev_dials.json	5	EnigmaticPillio_tebu/6100	meta-llama/Llama-3.2-1B-Instruct	schemaless	10	False	False	100	False	None	1738664844	data/d0t/dot_2	meta-llama/Llama-3.2-1B-Instruct	states	None	None	None	None	None	None	None	None	None	None	None
data/multiwoz24/dev_dials.json	5	MysticalMirial_tebu/4900	meta-llama/Llama-3.2-1B-Instruct	schema	10	False	False	100	False	None	1738664792	data/d0t/dot_2	meta-llama/Llama-3.2-1B-Instruct	states	None	None	None	None	None	None	None	None	None	None	None
data/multiwoz24/dev_dials.json	5	WiseKorriban_tebu/6100	meta-llama/Llama-3.2-1B-Instruct	schema	10	False	False	100	False	None	1738664768	data/d0t/dot_2	meta-llama/Llama-3.2-1B-Instruct	updates	None	None	None	None	None	None	None	None	None	None	None
data/multiwoz24/dev_dials.json	5	StellarYagaMinor_tebu/1900	meta-llama/Llama-3.2-3B-Instruct	schema	10	False	False	100	False	None	1738664763	data/d0t/dot_2	meta-llama/Llama-3.2-3B-Instruct	states	None	None	None	None	None	None	None	None	None	None	None
data/multiwoz24/dev_dials.json	5	RelentlessTusken_tebu/10000	meta-llama/Llama-3.2-1B-Instruct	schemaless	10	False	False	100	False	None	1738664696	data/d0t/dot_2	meta-llama/Llama-3.2-1B-Instruct	updates	None	None	None	None	None	None	None	None	None	None	None
data/multiwoz24/dev_dials.json	5	RelentlessTusken_tebu/9700	meta-llama/Llama-3.2-1B-Instruct	schemaless	10	False	False	100	False	None	1738664449	data/d0t/dot_2	meta-llama/Llama-3.2-1B-Instruct	updates	None	None	None	None	None	None	None	None	None	None	None
data/multiwoz24/dev_dials.json	5	EnigmaticPillio_tebu/5800	meta-llama/Llama-3.2-1B-Instruct	schemaless	10	False	False	100	False	None	1738664435	data/d0t/dot_2	meta-llama/Llama-3.2-1B-Instruct	states	None	None	None	None	None	None	None	None	None	None	None
data/multiwoz24/dev_dials.json	5	WiseKorriban_tebu/5800	meta-llama/Llama-3.2-1B-Instruct	schema	10	False	False	100	False	None	1738664354	data/d0t/dot_2	meta-llama/Llama-3.2-1B-Instruct	updates	None	None	None	None	None	None	None	None	None	None	None
data/multiwoz24/dev_dials.json	5	MysticalMirial_tebu/4600	meta-llama/Llama-3.2-1B-Instruct	schema	10	False	False	100	False	None	1738664291	data/d0t/dot_2	meta-llama/Llama-3.2-1B-Instruct	states	None	None	None	None	None	None	None	None	None	None	None
data/multiwoz24/dev_dials.json	5	RelentlessTusken_tebu/9400	meta-llama/Llama-3.2-1B-Instruct	schemaless	10	False	False	100	False	None	1738664203	data/d0t/dot_2	meta-llama/Llama-3.2-1B-Instruct	updates	None	None	None	None	None	None	None	None	None	None	None
data/multiwoz24/dev_dials.json	5	EnigmaticPillio_tebu/5500	meta-llama/Llama-3.2-1B-Instruct	schemaless	10	False	False	100	False	None	1738664033	data/d0t/dot_2	meta-llama/Llama-3.2-1B-Instruct	states	None	None	None	None	None	None	None	None	None	None	None
data/multiwoz24/dev_dials.json	5	RelentlessTusken_tebu/9100	meta-llama/Llama-3.2-1B-Instruct	schemaless	10	False	False	100	False	None	1738663957	data/d0t/dot_2	meta-llama/Llama-3.2-1B-Instruct	updates	None	None	None	None	None	None	None	None	None	None	None
data/multiwoz24/dev_dials.json	5	WiseKorriban_tebu/5500	meta-llama/Llama-3.2-1B-Instruct	schema	10	False	False	100	False	None	1738663938	data/d0t/dot_2	meta-llama/Llama-3.2-1B-Instruct	updates	None	None	None	None	None	None	None	None	None	None	None
data/multiwoz24/dev_dials.json	5	MysticalMirial_tebu/4300	meta-llama/Llama-3.2-1B-Instruct	schema	10	False	False	100	False	None	1738663788	data/d0t/dot_2	meta-llama/Llama-3.2-1B-Instruct	states	None	None	None	None	None	None	None	None	None	None	None
data/multiwoz24/dev_dials.json	5	RelentlessTusken_tebu/8800	meta-llama/Llama-3.2-1B-Instruct	schemaless	10	False	False	100	False	None	1738663709	data/d0t/dot_2	meta-llama/Llama-3.2-1B-Instruct	updates	None	None	None	None	None	None	None	None	None	None	None
data/multiwoz24/dev_dials.json	5	UntamedKuiil_tebu/1000	meta-llama/Llama-3.1-8B-Instruct	schema	10	False	False	100	False	None	1738663683	data/d0t/dot_2	meta-llama/Llama-3.1-8B-Instruct	states	None	None	None	None	None	None	None	None	None	None	None
data/multiwoz24/dev_dials.json	5	StellarYagaMinor_tebu/1600	meta-llama/Llama-3.2-3B-Instruct	schema	10	False	False	100	False	None	1738663653	data/d0t/dot_2	meta-llama/Llama-3.2-3B-Instruct	states	None	None	None	None	None	None	None	None	None	None	None
data/multiwoz24/dev_dials.json	5	EnigmaticPillio_tebu/5200	meta-llama/Llama-3.2-1B-Instruct	schemaless	10	False	False	100	False	None	1738663643	data/d0t/dot_2	meta-llama/Llama-3.2-1B-Instruct	states	None	None	None	None	None	None	None	None	None	None	None
data/multiwoz24/dev_dials.json	5	WiseKorriban_tebu/5200	meta-llama/Llama-3.2-1B-Instruct	schema	10	False	False	100	False	None	1738663522	data/d0t/dot_2	meta-llama/Llama-3.2-1B-Instruct	updates	None	None	None	None	None	None	None	None	None	None	None
data/multiwoz24/dev_dials.json	5	RelentlessTusken_tebu/8500	meta-llama/Llama-3.2-1B-Instruct	schemaless	10	False	False	100	False	None	1738663463	data/d0t/dot_2	meta-llama/Llama-3.2-1B-Instruct	updates	None	None	None	None	None	None	None	None	None	None	None
data/multiwoz24/dev_dials.json	5	MysticalMirial_tebu/4000	meta-llama/Llama-3.2-1B-Instruct	schema	10	False	False	100	False	None	1738663287	data/d0t/dot_2	meta-llama/Llama-3.2-1B-Instruct	states	None	None	None	None	None	None	None	None	None	None	None
data/multiwoz24/dev_dials.json	5	EnigmaticPillio_tebu/4900	meta-llama/Llama-3.2-1B-Instruct	schemaless	10	False	False	100	False	None	1738663248	data/d0t/dot_2	meta-llama/Llama-3.2-1B-Instruct	states	None	None	None	None	None	None	None	None	None	None	None
data/multiwoz24/dev_dials.json	5	RelentlessTusken_tebu/8200	meta-llama/Llama-3.2-1B-Instruct	schemaless	10	False	False	100	False	None	1738663217	data/d0t/dot_2	meta-llama/Llama-3.2-1B-Instruct	updates	None	None	None	None	None	None	None	None	None	None	None
data/multiwoz24/dev_dials.json	5	WiseKorriban_tebu/4900	meta-llama/Llama-3.2-1B-Instruct	schema	10	False	False	100	False	None	1738663105	data/d0t/dot_2	meta-llama/Llama-3.2-1B-Instruct	updates	None	None	None	None	None	None	None	None	None	None	None
data/multiwoz24/dev_dials.json	5	UntamedKuiil_tebu/900	meta-llama/Llama-3.1-8B-Instruct	schema	10	False	False	100	False	None	1738662976	data/d0t/dot_2	meta-llama/Llama-3.1-8B-Instruct	states	None	None	None	None	None	None	None	None	None	None	None
data/multiwoz24/dev_dials.json	5	RelentlessTusken_tebu/7900	meta-llama/Llama-3.2-1B-Instruct	schemaless	10	False	False	100	False	None	1738662969	data/d0t/dot_2	meta-llama/Llama-3.2-1B-Instruct	updates	None	None	None	None	None	None	None	None	None	None	None
data/multiwoz24/dev_dials.json	5	EnigmaticPillio_tebu/4600	meta-llama/Llama-3.2-1B-Instruct	schemaless	10	False	False	100	False	None	1738662849	data/d0t/dot_2	meta-llama/Llama-3.2-1B-Instruct	states	None	None	None	None	None	None	None	None	None	None	None
data/multiwoz24/dev_dials.json	5	MysticalMirial_tebu/3700	meta-llama/Llama-3.2-1B-Instruct	schema	10	False	False	100	False	None	1738662780	data/d0t/dot_2	meta-llama/Llama-3.2-1B-Instruct	states	None	None	None	None	None	None	None	None	None	None	None
data/multiwoz24/dev_dials.json	5	RelentlessTusken_tebu/7600	meta-llama/Llama-3.2-1B-Instruct	schemaless	10	False	False	100	False	None	1738662720	data/d0t/dot_2	meta-llama/Llama-3.2-1B-Instruct	updates	None	None	None	None	None	None	None	None	None	None	None
data/multiwoz24/dev_dials.json	5	WiseKorriban_tebu/4600	meta-llama/Llama-3.2-1B-Instruct	schema	10	False	False	100	False	None	1738662690	data/d0t/dot_2	meta-llama/Llama-3.2-1B-Instruct	updates	None	None	None	None	None	None	None	None	None	None	None
data/multiwoz24/dev_dials.json	5	StellarYagaMinor_tebu/1300	meta-llama/Llama-3.2-3B-Instruct	schema	10	False	False	100	False	None	1738662545	data/d0t/dot_2	meta-llama/Llama-3.2-3B-Instruct	states	None	None	None	None	None	None	None	None	None	None	None
data/multiwoz24/dev_dials.json	5	RelentlessTusken_tebu/7300	meta-llama/Llama-3.2-1B-Instruct	schemaless	10	False	False	100	False	None	1738662474	data/d0t/dot_2	meta-llama/Llama-3.2-1B-Instruct	updates	None	None	None	None	None	None	None	None	None	None	None
data/multiwoz24/dev_dials.json	5	EnigmaticPillio_tebu/4300	meta-llama/Llama-3.2-1B-Instruct	schemaless	10	False	False	100	False	None	1738662448	data/d0t/dot_2	meta-llama/Llama-3.2-1B-Instruct	states	None	None	None	None	None	None	None	None	None	None	None
data/multiwoz24/dev_dials.json	5	UntamedKuiil_tebu/800	meta-llama/Llama-3.1-8B-Instruct	schema	10	False	False	100	False	None	1738662320	data/d0t/dot_2	meta-llama/Llama-3.1-8B-Instruct	states	None	None	None	None	None	None	None	None	None	None	None
data/multiwoz24/dev_dials.json	5	MysticalMirial_tebu/3400	meta-llama/Llama-3.2-1B-Instruct	schema	10	False	False	100	False	None	1738662282	data/d0t/dot_2	meta-llama/Llama-3.2-1B-Instruct	states	None	None	None	None	None	None	None	None	None	None	None
data/multiwoz24/dev_dials.json	5	WiseKorriban_tebu/4300	meta-llama/Llama-3.2-1B-Instruct	schema	10	False	False	100	False	None	1738662276	data/d0t/dot_2	meta-llama/Llama-3.2-1B-Instruct	updates	None	None	None	None	None	None	None	None	None	None	None
data/multiwoz24/dev_dials.json	5	RelentlessTusken_tebu/7000	meta-llama/Llama-3.2-1B-Instruct	schemaless	10	False	False	100	False	None	1738662228	data/d0t/dot_2	meta-llama/Llama-3.2-1B-Instruct	updates	None	None	None	None	None	None	None	None	None	None	None
data/multiwoz24/dev_dials.json	5	EnigmaticPillio_tebu/4000	meta-llama/Llama-3.2-1B-Instruct	schemaless	10	False	False	100	False	None	1738662046	data/d0t/dot_2	meta-llama/Llama-3.2-1B-Instruct	states	None	None	None	None	None	None	None	None	None	None	None
data/multiwoz24/dev_dials.json	5	RelentlessTusken_tebu/6700	meta-llama/Llama-3.2-1B-Instruct	schemaless	10	False	False	100	False	None	1738661982	data/d0t/dot_2	meta-llama/Llama-3.2-1B-Instruct	updates	None	None	None	None	None	None	None	None	None	None	None
data/multiwoz24/dev_dials.json	5	WiseKorriban_tebu/4000	meta-llama/Llama-3.2-1B-Instruct	schema	10	False	False	100	False	None	1738661861	data/d0t/dot_2	meta-llama/Llama-3.2-1B-Instruct	updates	None	None	None	None	None	None	None	None	None	None	None
data/multiwoz24/dev_dials.json	5	MysticalMirial_tebu/3100	meta-llama/Llama-3.2-1B-Instruct	schema	10	False	False	100	False	None	1738661786	data/d0t/dot_2	meta-llama/Llama-3.2-1B-Instruct	states	None	None	None	None	None	None	None	None	None	None	None
data/multiwoz24/dev_dials.json	5	RelentlessTusken_tebu/6400	meta-llama/Llama-3.2-1B-Instruct	schemaless	10	False	False	100	False	None	1738661736	data/d0t/dot_2	meta-llama/Llama-3.2-1B-Instruct	updates	None	None	None	None	None	None	None	None	None	None	None
data/multiwoz24/dev_dials.json	5	EnigmaticPillio_tebu/3700	meta-llama/Llama-3.2-1B-Instruct	schemaless	10	False	False	100	False	None	1738661648	data/d0t/dot_2	meta-llama/Llama-3.2-1B-Instruct	states	None	None	None	None	None	None	None	None	None	None	None
data/multiwoz24/dev_dials.json	5	UntamedKuiil_tebu/700	meta-llama/Llama-3.1-8B-Instruct	schema	10	False	False	100	False	None	1738661630	data/d0t/dot_2	meta-llama/Llama-3.1-8B-Instruct	states	None	None	None	None	None	None	None	None	None	None	None
data/multiwoz24/dev_dials.json	5	RelentlessTusken_tebu/6100	meta-llama/Llama-3.2-1B-Instruct	schemaless	10	False	False	100	False	None	1738661489	data/d0t/dot_2	meta-llama/Llama-3.2-1B-Instruct	updates	None	None	None	None	None	None	None	None	None	None	None
data/multiwoz24/dev_dials.json	5	StellarYagaMinor_tebu/1000	meta-llama/Llama-3.2-3B-Instruct	schema	10	False	False	100	False	None	1738661463	data/d0t/dot_2	meta-llama/Llama-3.2-3B-Instruct	states	None	None	None	None	None	None	None	None	None	None	None
data/multiwoz24/dev_dials.json	5	WiseKorriban_tebu/3700	meta-llama/Llama-3.2-1B-Instruct	schema	10	False	False	100	False	None	1738661450	data/d0t/dot_2	meta-llama/Llama-3.2-1B-Instruct	updates	None	None	None	None	None	None	None	None	None	None	None
data/multiwoz24/dev_dials.json	5	MysticalMirial_tebu/2800	meta-llama/Llama-3.2-1B-Instruct	schema	10	False	False	100	False	None	1738661285	data/d0t/dot_2	meta-llama/Llama-3.2-1B-Instruct	states	None	None	None	None	None	None	None	None	None	None	None
data/multiwoz24/dev_dials.json	5	EnigmaticPillio_tebu/3400	meta-llama/Llama-3.2-1B-Instruct	schemaless	10	False	False	100	False	None	1738661258	data/d0t/dot_2	meta-llama/Llama-3.2-1B-Instruct	states	None	None	None	None	None	None	None	None	None	None	None
data/multiwoz24/dev_dials.json	5	RelentlessTusken_tebu/5800	meta-llama/Llama-3.2-1B-Instruct	schemaless	10	False	False	100	False	None	1738661243	data/d0t/dot_2	meta-llama/Llama-3.2-1B-Instruct	updates	None	None	None	None	None	None	None	None	None	None	None
data/multiwoz24/dev_dials.json	5	WiseKorriban_tebu/3400	meta-llama/Llama-3.2-1B-Instruct	schema	10	False	False	100	False	None	1738661033	data/d0t/dot_2	meta-llama/Llama-3.2-1B-Instruct	updates	None	None	None	None	None	None	None	None	None	None	None
data/multiwoz24/dev_dials.json	5	StellarYagaMinor_tebu/900	meta-llama/Llama-3.2-3B-Instruct	schema	10	False	False	100	False	None	1738661027	data/d0t/dot_2	meta-llama/Llama-3.2-3B-Instruct	states	None	None	None	None	None	None	None	None	None	None	None
data/multiwoz24/dev_dials.json	5	RelentlessTusken_tebu/5500	meta-llama/Llama-3.2-1B-Instruct	schemaless	10	False	False	100	False	None	1738660995	data/d0t/dot_2	meta-llama/Llama-3.2-1B-Instruct	updates	None	None	None	None	None	None	None	None	None	None	None
data/multiwoz24/dev_dials.json	5	UntamedKuiil_tebu/600	meta-llama/Llama-3.1-8B-Instruct	schema	10	False	False	100	False	None	1738660943	data/d0t/dot_2	meta-llama/Llama-3.1-8B-Instruct	states	None	None	None	None	None	None	None	None	None	None	None
data/multiwoz24/dev_dials.json	5	EnigmaticPillio_tebu/3100	meta-llama/Llama-3.2-1B-Instruct	schemaless	10	False	False	100	False	None	1738660861	data/d0t/dot_2	meta-llama/Llama-3.2-1B-Instruct	states	None	None	None	None	None	None	None	None	None	None	None
data/multiwoz24/dev_dials.json	5	MysticalMirial_tebu/2500	meta-llama/Llama-3.2-1B-Instruct	schema	10	False	False	100	False	None	1738660788	data/d0t/dot_2	meta-llama/Llama-3.2-1B-Instruct	states	None	None	None	None	None	None	None	None	None	None	None
data/multiwoz24/dev_dials.json	5	RelentlessTusken_tebu/5200	meta-llama/Llama-3.2-1B-Instruct	schemaless	10	False	False	100	False	None	1738660749	data/d0t/dot_2	meta-llama/Llama-3.2-1B-Instruct	updates	None	None	None	None	None	None	None	None	None	None	None
data/multiwoz24/dev_dials.json	5	WiseKorriban_tebu/3100	meta-llama/Llama-3.2-1B-Instruct	schema	10	False	False	100	False	None	1738660616	data/d0t/dot_2	meta-llama/Llama-3.2-1B-Instruct	updates	None	None	None	None	None	None	None	None	None	None	None
data/multiwoz24/dev_dials.json	5	StellarYagaMinor_tebu/800	meta-llama/Llama-3.2-3B-Instruct	schema	10	False	False	100	False	None	1738660557	data/d0t/dot_2	meta-llama/Llama-3.2-3B-Instruct	states	None	None	None	None	None	None	None	None	None	None	None
data/multiwoz24/dev_dials.json	5	RelentlessTusken_tebu/4900	meta-llama/Llama-3.2-1B-Instruct	schemaless	10	False	False	100	False	None	1738660501	data/d0t/dot_2	meta-llama/Llama-3.2-1B-Instruct	updates	None	None	None	None	None	None	None	None	None	None	None
data/multiwoz24/dev_dials.json	5	EnigmaticPillio_tebu/2800	meta-llama/Llama-3.2-1B-Instruct	schemaless	10	False	False	100	False	None	1738660467	data/d0t/dot_2	meta-llama/Llama-3.2-1B-Instruct	states	None	None	None	None	None	None	None	None	None	None	None
data/multiwoz24/dev_dials.json	5	MysticalMirial_tebu/2200	meta-llama/Llama-3.2-1B-Instruct	schema	10	False	False	100	False	None	1738660300	data/d0t/dot_2	meta-llama/Llama-3.2-1B-Instruct	states	None	None	None	None	None	None	None	None	None	None	None
data/multiwoz24/dev_dials.json	5	UntamedKuiil_tebu/500	meta-llama/Llama-3.1-8B-Instruct	schema	10	False	False	100	False	None	1738660256	data/d0t/dot_2	meta-llama/Llama-3.1-8B-Instruct	states	None	None	None	None	None	None	None	None	None	None	None
data/multiwoz24/dev_dials.json	5	RelentlessTusken_tebu/4600	meta-llama/Llama-3.2-1B-Instruct	schemaless	10	False	False	100	False	None	1738660255	data/d0t/dot_2	meta-llama/Llama-3.2-1B-Instruct	updates	None	None	None	None	None	None	None	None	None	None	None
data/multiwoz24/dev_dials.json	5	WiseKorriban_tebu/2800	meta-llama/Llama-3.2-1B-Instruct	schema	10	False	False	100	False	None	1738660193	data/d0t/dot_2	meta-llama/Llama-3.2-1B-Instruct	updates	None	None	None	None	None	None	None	None	None	None	None
data/multiwoz24/dev_dials.json	5	StellarYagaMinor_tebu/700	meta-llama/Llama-3.2-3B-Instruct	schema	10	False	False	100	False	None	1738660077	data/d0t/dot_2	meta-llama/Llama-3.2-3B-Instruct	states	None	None	None	None	None	None	None	None	None	None	None
data/multiwoz24/dev_dials.json	5	EnigmaticPillio_tebu/2500	meta-llama/Llama-3.2-1B-Instruct	schemaless	10	False	False	100	False	None	1738660064	data/d0t/dot_2	meta-llama/Llama-3.2-1B-Instruct	states	None	None	None	None	None	None	None	None	None	None	None
data/multiwoz24/dev_dials.json	5	RelentlessTusken_tebu/4300	meta-llama/Llama-3.2-1B-Instruct	schemaless	10	False	False	100	False	None	1738660007	data/d0t/dot_2	meta-llama/Llama-3.2-1B-Instruct	updates	None	None	None	None	None	None	None	None	None	None	None
data/multiwoz24/dev_dials.json	5	MysticalMirial_tebu/1900	meta-llama/Llama-3.2-1B-Instruct	schema	10	False	False	100	False	None	1738659800	data/d0t/dot_2	meta-llama/Llama-3.2-1B-Instruct	states	None	None	None	None	None	None	None	None	None	None	None
data/multiwoz24/dev_dials.json	5	WiseKorriban_tebu/2500	meta-llama/Llama-3.2-1B-Instruct	schema	10	False	False	100	False	None	1738659775	data/d0t/dot_2	meta-llama/Llama-3.2-1B-Instruct	updates	None	None	None	None	None	None	None	None	None	None	None
data/multiwoz24/dev_dials.json	5	RelentlessTusken_tebu/4000	meta-llama/Llama-3.2-1B-Instruct	schemaless	10	False	False	100	False	None	1738659755	data/d0t/dot_2	meta-llama/Llama-3.2-1B-Instruct	updates	None	None	None	None	None	None	None	None	None	None	None
data/multiwoz24/dev_dials.json	5	EnigmaticPillio_tebu/2200	meta-llama/Llama-3.2-1B-Instruct	schemaless	10	False	False	100	False	None	1738659659	data/d0t/dot_2	meta-llama/Llama-3.2-1B-Instruct	states	None	None	None	None	None	None	None	None	None	None	None
data/multiwoz24/dev_dials.json	5	StellarYagaMinor_tebu/600	meta-llama/Llama-3.2-3B-Instruct	schema	10	False	False	100	False	None	1738659631	data/d0t/dot_2	meta-llama/Llama-3.2-3B-Instruct	states	None	None	None	None	None	None	None	None	None	None	None
data/multiwoz24/dev_dials.json	5	UntamedKuiil_tebu/400	meta-llama/Llama-3.1-8B-Instruct	schema	10	False	False	100	False	None	1738659542	data/d0t/dot_2	meta-llama/Llama-3.1-8B-Instruct	states	None	None	None	None	None	None	None	None	None	None	None
data/multiwoz24/dev_dials.json	5	RelentlessTusken_tebu/3700	meta-llama/Llama-3.2-1B-Instruct	schemaless	10	False	False	100	False	None	1738659506	data/d0t/dot_2	meta-llama/Llama-3.2-1B-Instruct	updates	None	None	None	None	None	None	None	None	None	None	None
data/multiwoz24/dev_dials.json	5	WiseKorriban_tebu/2200	meta-llama/Llama-3.2-1B-Instruct	schema	10	False	False	100	False	None	1738659352	data/d0t/dot_2	meta-llama/Llama-3.2-1B-Instruct	updates	None	None	None	None	None	None	None	None	None	None	None
data/multiwoz24/dev_dials.json	5	MysticalMirial_tebu/1600	meta-llama/Llama-3.2-1B-Instruct	schema	10	False	False	100	False	None	1738659295	data/d0t/dot_2	meta-llama/Llama-3.2-1B-Instruct	states	None	None	None	None	None	None	None	None	None	None	None
data/multiwoz24/dev_dials.json	5	EnigmaticPillio_tebu/1900	meta-llama/Llama-3.2-1B-Instruct	schemaless	10	False	False	100	False	None	1738659258	data/d0t/dot_2	meta-llama/Llama-3.2-1B-Instruct	states	None	None	None	None	None	None	None	None	None	None	None
data/multiwoz24/dev_dials.json	5	RelentlessTusken_tebu/3400	meta-llama/Llama-3.2-1B-Instruct	schemaless	10	False	False	100	False	None	1738659253	data/d0t/dot_2	meta-llama/Llama-3.2-1B-Instruct	updates	None	None	None	None	None	None	None	None	None	None	None
data/multiwoz24/dev_dials.json	5	StellarYagaMinor_tebu/500	meta-llama/Llama-3.2-3B-Instruct	schema	10	False	False	100	False	None	1738659173	data/d0t/dot_2	meta-llama/Llama-3.2-3B-Instruct	states	None	None	None	None	None	None	None	None	None	None	None
data/multiwoz24/dev_dials.json	5	RelentlessTusken_tebu/3100	meta-llama/Llama-3.2-1B-Instruct	schemaless	10	False	False	100	False	None	1738659007	data/d0t/dot_2	meta-llama/Llama-3.2-1B-Instruct	updates	None	None	None	None	None	None	None	None	None	None	None
data/multiwoz24/dev_dials.json	5	WiseKorriban_tebu/1900	meta-llama/Llama-3.2-1B-Instruct	schema	10	False	False	100	False	None	1738658937	data/d0t/dot_2	meta-llama/Llama-3.2-1B-Instruct	updates	None	None	None	None	None	None	None	None	None	None	None
data/multiwoz24/dev_dials.json	5	EnigmaticPillio_tebu/1600	meta-llama/Llama-3.2-1B-Instruct	schemaless	10	False	False	100	False	None	1738658853	data/d0t/dot_2	meta-llama/Llama-3.2-1B-Instruct	states	None	None	None	None	None	None	None	None	None	None	None
data/multiwoz24/dev_dials.json	5	UntamedKuiil_tebu/300	meta-llama/Llama-3.1-8B-Instruct	schema	10	False	False	100	False	None	1738658818	data/d0t/dot_2	meta-llama/Llama-3.1-8B-Instruct	states	None	None	None	None	None	None	None	None	None	None	None
data/multiwoz24/dev_dials.json	5	MysticalMirial_tebu/1300	meta-llama/Llama-3.2-1B-Instruct	schema	10	False	False	100	False	None	1738658802	data/d0t/dot_2	meta-llama/Llama-3.2-1B-Instruct	states	None	None	None	None	None	None	None	None	None	None	None
data/multiwoz24/dev_dials.json	5	RelentlessTusken_tebu/2800	meta-llama/Llama-3.2-1B-Instruct	schemaless	10	False	False	100	False	None	1738658752	data/d0t/dot_2	meta-llama/Llama-3.2-1B-Instruct	updates	None	None	None	None	None	None	None	None	None	None	None
data/multiwoz24/dev_dials.json	5	StellarYagaMinor_tebu/400	meta-llama/Llama-3.2-3B-Instruct	schema	10	False	False	100	False	None	1738658736	data/d0t/dot_2	meta-llama/Llama-3.2-3B-Instruct	states	None	None	None	None	None	None	None	None	None	None	None
data/multiwoz24/dev_dials.json	5	WiseKorriban_tebu/1600	meta-llama/Llama-3.2-1B-Instruct	schema	10	False	False	100	False	None	1738658518	data/d0t/dot_2	meta-llama/Llama-3.2-1B-Instruct	updates	None	None	None	None	None	None	None	None	None	None	None
data/multiwoz24/dev_dials.json	5	RelentlessTusken_tebu/2500	meta-llama/Llama-3.2-1B-Instruct	schemaless	10	False	False	100	False	None	1738658504	data/d0t/dot_2	meta-llama/Llama-3.2-1B-Instruct	updates	None	None	None	None	None	None	None	None	None	None	None
data/multiwoz24/dev_dials.json	5	EnigmaticPillio_tebu/1300	meta-llama/Llama-3.2-1B-Instruct	schemaless	10	False	False	100	False	None	1738658454	data/d0t/dot_2	meta-llama/Llama-3.2-1B-Instruct	states	None	None	None	None	None	None	None	None	None	None	None
data/multiwoz24/dev_dials.json	5	UntamedKuiil_tebu/250	meta-llama/Llama-3.1-8B-Instruct	schema	10	False	False	100	False	None	1738658405	data/d0t/dot_2	meta-llama/Llama-3.1-8B-Instruct	states	None	None	None	None	None	None	None	None	None	None	None
data/multiwoz24/dev_dials.json	5	MysticalMirial_tebu/1000	meta-llama/Llama-3.2-1B-Instruct	schema	10	False	False	100	False	None	1738658296	data/d0t/dot_2	meta-llama/Llama-3.2-1B-Instruct	states	None	None	None	None	None	None	None	None	None	None	None
data/multiwoz24/dev_dials.json	5	StellarYagaMinor_tebu/300	meta-llama/Llama-3.2-3B-Instruct	schema	10	False	False	100	False	None	1738658291	data/d0t/dot_2	meta-llama/Llama-3.2-3B-Instruct	states	None	None	None	None	None	None	None	None	None	None	None
data/multiwoz24/dev_dials.json	5	RelentlessTusken_tebu/2200	meta-llama/Llama-3.2-1B-Instruct	schemaless	10	False	False	100	False	None	1738658253	data/d0t/dot_2	meta-llama/Llama-3.2-1B-Instruct	updates	None	None	None	None	None	None	None	None	None	None	None
data/multiwoz24/dev_dials.json	5	MysticalMirial_tebu/900	meta-llama/Llama-3.2-1B-Instruct	schema	10	False	False	100	False	None	1738658111	data/d0t/dot_2	meta-llama/Llama-3.2-1B-Instruct	states	None	None	None	None	None	None	None	None	None	None	None
data/multiwoz24/dev_dials.json	5	WiseKorriban_tebu/1300	meta-llama/Llama-3.2-1B-Instruct	schema	10	False	False	100	False	None	1738658096	data/d0t/dot_2	meta-llama/Llama-3.2-1B-Instruct	updates	None	None	None	None	None	None	None	None	None	None	None
data/multiwoz24/dev_dials.json	5	EnigmaticPillio_tebu/1000	meta-llama/Llama-3.2-1B-Instruct	schemaless	10	False	False	100	False	None	1738658050	data/d0t/dot_2	meta-llama/Llama-3.2-1B-Instruct	states	None	None	None	None	None	None	None	None	None	None	None
data/multiwoz24/dev_dials.json	5	StellarYagaMinor_tebu/250	meta-llama/Llama-3.2-3B-Instruct	schema	10	False	False	100	False	None	1738658022	data/d0t/dot_2	meta-llama/Llama-3.2-3B-Instruct	states	None	None	None	None	None	None	None	None	None	None	None
data/multiwoz24/dev_dials.json	5	RelentlessTusken_tebu/1900	meta-llama/Llama-3.2-1B-Instruct	schemaless	10	False	False	100	False	None	1738658006	data/d0t/dot_2	meta-llama/Llama-3.2-1B-Instruct	updates	None	None	None	None	None	None	None	None	None	None	None
data/multiwoz24/dev_dials.json	5	UntamedKuiil_tebu/200	meta-llama/Llama-3.1-8B-Instruct	schema	10	False	False	100	False	None	1738657938	data/d0t/dot_2	meta-llama/Llama-3.1-8B-Instruct	states	None	None	None	None	None	None	None	None	None	None	None
data/multiwoz24/dev_dials.json	5	MysticalMirial_tebu/800	meta-llama/Llama-3.2-1B-Instruct	schema	10	False	False	100	False	None	1738657919	data/d0t/dot_2	meta-llama/Llama-3.2-1B-Instruct	states	None	None	None	None	None	None	None	None	None	None	None
data/multiwoz24/dev_dials.json	5	EnigmaticPillio_tebu/900	meta-llama/Llama-3.2-1B-Instruct	schemaless	10	False	False	100	False	None	1738657892	data/d0t/dot_2	meta-llama/Llama-3.2-1B-Instruct	states	None	None	None	None	None	None	None	None	None	None	None
data/multiwoz24/dev_dials.json	5	RelentlessTusken_tebu/1600	meta-llama/Llama-3.2-1B-Instruct	schemaless	10	False	False	100	False	None	1738657751	data/d0t/dot_2	meta-llama/Llama-3.2-1B-Instruct	updates	None	None	None	None	None	None	None	None	None	None	None
data/multiwoz24/dev_dials.json	5	StellarYagaMinor_tebu/200	meta-llama/Llama-3.2-3B-Instruct	schema	10	False	False	100	False	None	1738657748	data/d0t/dot_2	meta-llama/Llama-3.2-3B-Instruct	states	None	None	None	None	None	None	None	None	None	None	None
data/multiwoz24/dev_dials.json	5	EnigmaticPillio_tebu/800	meta-llama/Llama-3.2-1B-Instruct	schemaless	10	False	False	100	False	None	1738657736	data/d0t/dot_2	meta-llama/Llama-3.2-1B-Instruct	states	None	None	None	None	None	None	None	None	None	None	None
data/multiwoz24/dev_dials.json	5	MysticalMirial_tebu/700	meta-llama/Llama-3.2-1B-Instruct	schema	10	False	False	100	False	None	1738657727	data/d0t/dot_2	meta-llama/Llama-3.2-1B-Instruct	states	None	None	None	None	None	None	None	None	None	None	None
data/multiwoz24/dev_dials.json	5	WiseKorriban_tebu/1000	meta-llama/Llama-3.2-1B-Instruct	schema	10	False	False	100	False	None	1738657675	data/d0t/dot_2	meta-llama/Llama-3.2-1B-Instruct	updates	None	None	None	None	None	None	None	None	None	None	None
data/multiwoz24/dev_dials.json	5	EnigmaticPillio_tebu/700	meta-llama/Llama-3.2-1B-Instruct	schemaless	10	False	False	100	False	None	1738657581	data/d0t/dot_2	meta-llama/Llama-3.2-1B-Instruct	states	None	None	None	None	None	None	None	None	None	None	None
data/multiwoz24/dev_dials.json	5	UntamedKuiil_tebu/150	meta-llama/Llama-3.1-8B-Instruct	schema	10	False	False	100	False	None	1738657557	data/d0t/dot_2	meta-llama/Llama-3.1-8B-Instruct	states	None	None	None	None	None	None	None	None	None	None	None
data/multiwoz24/dev_dials.json	5	WiseKorriban_tebu/900	meta-llama/Llama-3.2-1B-Instruct	schema	10	False	False	100	False	None	1738657532	data/d0t/dot_2	meta-llama/Llama-3.2-1B-Instruct	updates	None	None	None	None	None	None	None	None	None	None	None
data/multiwoz24/dev_dials.json	5	MysticalMirial_tebu/600	meta-llama/Llama-3.2-1B-Instruct	schema	10	False	False	100	False	None	1738657532	data/d0t/dot_2	meta-llama/Llama-3.2-1B-Instruct	states	None	None	None	None	None	None	None	None	None	None	None
data/multiwoz24/dev_dials.json	5	RelentlessTusken_tebu/1300	meta-llama/Llama-3.2-1B-Instruct	schemaless	10	False	False	100	False	None	1738657497	data/d0t/dot_2	meta-llama/Llama-3.2-1B-Instruct	updates	None	None	None	None	None	None	None	None	None	None	None
data/multiwoz24/dev_dials.json	5	EnigmaticPillio_tebu/600	meta-llama/Llama-3.2-1B-Instruct	schemaless	10	False	False	100	False	None	1738657417	data/d0t/dot_2	meta-llama/Llama-3.2-1B-Instruct	states	None	None	None	None	None	None	None	None	None	None	None
data/multiwoz24/dev_dials.json	5	StellarYagaMinor_tebu/150	meta-llama/Llama-3.2-3B-Instruct	schema	10	False	False	100	False	None	1738657400	data/d0t/dot_2	meta-llama/Llama-3.2-3B-Instruct	states	None	None	None	None	None	None	None	None	None	None	None
data/multiwoz24/dev_dials.json	5	WiseKorriban_tebu/800	meta-llama/Llama-3.2-1B-Instruct	schema	10	False	False	100	False	None	1738657386	data/d0t/dot_2	meta-llama/Llama-3.2-1B-Instruct	updates	None	None	None	None	None	None	None	None	None	None	None
data/multiwoz24/dev_dials.json	5	MysticalMirial_tebu/500	meta-llama/Llama-3.2-1B-Instruct	schema	10	False	False	100	False	None	1738657344	data/d0t/dot_2	meta-llama/Llama-3.2-1B-Instruct	states	None	None	None	None	None	None	None	None	None	None	None
data/multiwoz24/dev_dials.json	5	EnigmaticPillio_tebu/500	meta-llama/Llama-3.2-1B-Instruct	schemaless	10	False	False	100	False	None	1738657259	data/d0t/dot_2	meta-llama/Llama-3.2-1B-Instruct	states	None	None	None	None	None	None	None	None	None	None	None
data/multiwoz24/dev_dials.json	5	WiseKorriban_tebu/700	meta-llama/Llama-3.2-1B-Instruct	schema	10	False	False	100	False	None	1738657240	data/d0t/dot_2	meta-llama/Llama-3.2-1B-Instruct	updates	None	None	None	None	None	None	None	None	None	None	None
data/multiwoz24/dev_dials.json	5	RelentlessTusken_tebu/1000	meta-llama/Llama-3.2-1B-Instruct	schemaless	10	False	False	100	False	None	1738657239	data/d0t/dot_2	meta-llama/Llama-3.2-1B-Instruct	updates	None	None	None	None	None	None	None	None	None	None	None
data/multiwoz24/dev_dials.json	5	UntamedKuiil_tebu/100	meta-llama/Llama-3.1-8B-Instruct	schema	10	False	False	100	False	None	1738657184	data/d0t/dot_2	meta-llama/Llama-3.1-8B-Instruct	states	None	None	None	None	None	None	None	None	None	None	None
data/multiwoz24/dev_dials.json	5	RelentlessTusken_tebu/900	meta-llama/Llama-3.2-1B-Instruct	schemaless	10	False	False	100	False	None	1738657150	data/d0t/dot_2	meta-llama/Llama-3.2-1B-Instruct	updates	None	None	None	None	None	None	None	None	None	None	None
data/multiwoz24/dev_dials.json	5	MysticalMirial_tebu/400	meta-llama/Llama-3.2-1B-Instruct	schema	10	False	False	100	False	None	1738657143	data/d0t/dot_2	meta-llama/Llama-3.2-1B-Instruct	states	None	None	None	None	None	None	None	None	None	None	None
data/multiwoz24/dev_dials.json	5	EnigmaticPillio_tebu/400	meta-llama/Llama-3.2-1B-Instruct	schemaless	10	False	False	100	False	None	1738657102	data/d0t/dot_2	meta-llama/Llama-3.2-1B-Instruct	states	None	None	None	None	None	None	None	None	None	None	None
data/multiwoz24/dev_dials.json	5	WiseKorriban_tebu/600	meta-llama/Llama-3.2-1B-Instruct	schema	10	False	False	100	False	None	1738657098	data/d0t/dot_2	meta-llama/Llama-3.2-1B-Instruct	updates	None	None	None	None	None	None	None	None	None	None	None
data/multiwoz24/dev_dials.json	5	RelentlessTusken_tebu/800	meta-llama/Llama-3.2-1B-Instruct	schemaless	10	False	False	100	False	None	1738657055	data/d0t/dot_2	meta-llama/Llama-3.2-1B-Instruct	updates	None	None	None	None	None	None	None	None	None	None	None
data/multiwoz24/dev_dials.json	5	StellarYagaMinor_tebu/100	meta-llama/Llama-3.2-3B-Instruct	schema	10	False	False	100	False	None	1738656982	data/d0t/dot_2	meta-llama/Llama-3.2-3B-Instruct	states	None	None	None	None	None	None	None	None	None	None	None
data/multiwoz24/dev_dials.json	5	RelentlessTusken_tebu/700	meta-llama/Llama-3.2-1B-Instruct	schemaless	10	False	False	100	False	None	1738656963	data/d0t/dot_2	meta-llama/Llama-3.2-1B-Instruct	updates	None	None	None	None	None	None	None	None	None	None	None
data/multiwoz24/dev_dials.json	5	WiseKorriban_tebu/500	meta-llama/Llama-3.2-1B-Instruct	schema	10	False	False	100	False	None	1738656952	data/d0t/dot_2	meta-llama/Llama-3.2-1B-Instruct	updates	None	None	None	None	None	None	None	None	None	None	None
data/multiwoz24/dev_dials.json	5	EnigmaticPillio_tebu/300	meta-llama/Llama-3.2-1B-Instruct	schemaless	10	False	False	100	False	None	1738656945	data/d0t/dot_2	meta-llama/Llama-3.2-1B-Instruct	states	None	None	None	None	None	None	None	None	None	None	None
data/multiwoz24/dev_dials.json	5	MysticalMirial_tebu/300	meta-llama/Llama-3.2-1B-Instruct	schema	10	False	False	100	False	None	1738656944	data/d0t/dot_2	meta-llama/Llama-3.2-1B-Instruct	states	None	None	None	None	None	None	None	None	None	None	None
data/multiwoz24/dev_dials.json	5	UntamedKuiil_tebu/75	meta-llama/Llama-3.1-8B-Instruct	schema	10	False	False	100	False	None	1738656878	data/d0t/dot_2	meta-llama/Llama-3.1-8B-Instruct	states	None	None	None	None	None	None	None	None	None	None	None
data/multiwoz24/dev_dials.json	5	RelentlessTusken_tebu/600	meta-llama/Llama-3.2-1B-Instruct	schemaless	10	False	False	100	False	None	1738656870	data/d0t/dot_2	meta-llama/Llama-3.2-1B-Instruct	updates	None	None	None	None	None	None	None	None	None	None	None
data/multiwoz24/dev_dials.json	5	EnigmaticPillio_tebu/250	meta-llama/Llama-3.2-1B-Instruct	schemaless	10	False	False	100	False	None	1738656855	data/d0t/dot_2	meta-llama/Llama-3.2-1B-Instruct	states	None	None	None	None	None	None	None	None	None	None	None
data/multiwoz24/dev_dials.json	5	MysticalMirial_tebu/250	meta-llama/Llama-3.2-1B-Instruct	schema	10	False	False	100	False	None	1738656808	data/d0t/dot_2	meta-llama/Llama-3.2-1B-Instruct	states	None	None	None	None	None	None	None	None	None	None	None
data/multiwoz24/dev_dials.json	5	WiseKorriban_tebu/400	meta-llama/Llama-3.2-1B-Instruct	schema	10	False	False	100	False	None	1738656802	data/d0t/dot_2	meta-llama/Llama-3.2-1B-Instruct	updates	None	None	None	None	None	None	None	None	None	None	None
data/multiwoz24/dev_dials.json	5	RelentlessTusken_tebu/500	meta-llama/Llama-3.2-1B-Instruct	schemaless	10	False	False	100	False	None	1738656776	data/d0t/dot_2	meta-llama/Llama-3.2-1B-Instruct	updates	None	None	None	None	None	None	None	None	None	None	None
data/multiwoz24/dev_dials.json	5	EnigmaticPillio_tebu/200	meta-llama/Llama-3.2-1B-Instruct	schemaless	10	False	False	100	False	None	1738656751	data/d0t/dot_2	meta-llama/Llama-3.2-1B-Instruct	states	None	None	None	None	None	None	None	None	None	None	None
data/multiwoz24/dev_dials.json	5	StellarYagaMinor_tebu/75	meta-llama/Llama-3.2-3B-Instruct	schema	10	False	False	100	False	None	1738656702	data/d0t/dot_2	meta-llama/Llama-3.2-3B-Instruct	states	None	None	None	None	None	None	None	None	None	None	None
data/multiwoz24/dev_dials.json	5	UntamedKuiil_tebu/50	meta-llama/Llama-3.1-8B-Instruct	schema	10	False	False	100	False	None	1738656690	data/d0t/dot_2	meta-llama/Llama-3.1-8B-Instruct	states	None	None	None	None	None	None	None	None	None	None	None
data/multiwoz24/dev_dials.json	5	RelentlessTusken_tebu/400	meta-llama/Llama-3.2-1B-Instruct	schemaless	10	False	False	100	False	None	1738656685	data/d0t/dot_2	meta-llama/Llama-3.2-1B-Instruct	updates	None	None	None	None	None	None	None	None	None	None	None
data/multiwoz24/dev_dials.json	5	MysticalMirial_tebu/200	meta-llama/Llama-3.2-1B-Instruct	schema	10	False	False	100	False	None	1738656660	data/d0t/dot_2	meta-llama/Llama-3.2-1B-Instruct	states	None	None	None	None	None	None	None	None	None	None	None
data/multiwoz24/dev_dials.json	5	EnigmaticPillio_tebu/150	meta-llama/Llama-3.2-1B-Instruct	schemaless	10	False	False	100	False	None	1738656651	data/d0t/dot_2	meta-llama/Llama-3.2-1B-Instruct	states	None	None	None	None	None	None	None	None	None	None	None
data/multiwoz24/dev_dials.json	5	WiseKorriban_tebu/300	meta-llama/Llama-3.2-1B-Instruct	schema	10	False	False	100	False	None	1738656648	data/d0t/dot_2	meta-llama/Llama-3.2-1B-Instruct	updates	None	None	None	None	None	None	None	None	None	None	None
data/multiwoz24/dev_dials.json	5	RelentlessTusken_tebu/300	meta-llama/Llama-3.2-1B-Instruct	schemaless	10	False	False	100	False	None	1738656590	data/d0t/dot_2	meta-llama/Llama-3.2-1B-Instruct	updates	None	None	None	None	None	None	None	None	None	None	None
data/multiwoz24/dev_dials.json	5	StellarYagaMinor_tebu/50	meta-llama/Llama-3.2-3B-Instruct	schema	10	False	False	100	False	None	1738656587	data/d0t/dot_2	meta-llama/Llama-3.2-3B-Instruct	states	None	None	None	None	None	None	None	None	None	None	None
data/multiwoz24/dev_dials.json	5	WiseKorriban_tebu/250	meta-llama/Llama-3.2-1B-Instruct	schema	10	False	False	100	False	None	1738656554	data/d0t/dot_2	meta-llama/Llama-3.2-1B-Instruct	updates	None	None	None	None	None	None	None	None	None	None	None
data/multiwoz24/dev_dials.json	5	RelentlessTusken_tebu/250	meta-llama/Llama-3.2-1B-Instruct	schemaless	10	False	False	100	False	None	1738656541	data/d0t/dot_2	meta-llama/Llama-3.2-1B-Instruct	updates	None	None	None	None	None	None	None	None	None	None	None
data/multiwoz24/dev_dials.json	5	MysticalMirial_tebu/150	meta-llama/Llama-3.2-1B-Instruct	schema	10	False	False	100	False	None	1738656518	data/d0t/dot_2	meta-llama/Llama-3.2-1B-Instruct	states	None	None	None	None	None	None	None	None	None	None	None
data/multiwoz24/dev_dials.json	5	EnigmaticPillio_tebu/100	meta-llama/Llama-3.2-1B-Instruct	schemaless	10	False	False	100	False	None	1738656498	data/d0t/dot_2	meta-llama/Llama-3.2-1B-Instruct	states	None	None	None	None	None	None	None	None	None	None	None
data/multiwoz24/dev_dials.json	5	RelentlessTusken_tebu/200	meta-llama/Llama-3.2-1B-Instruct	schemaless	10	False	False	100	False	None	1738656491	data/d0t/dot_2	meta-llama/Llama-3.2-1B-Instruct	updates	None	None	None	None	None	None	None	None	None	None	None
data/multiwoz24/dev_dials.json	5	WiseKorriban_tebu/200	meta-llama/Llama-3.2-1B-Instruct	schema	10	False	False	100	False	None	1738656476	data/d0t/dot_2	meta-llama/Llama-3.2-1B-Instruct	updates	None	None	None	None	None	None	None	None	None	None	None
data/multiwoz24/dev_dials.json	5	UntamedKuiil_tebu/25	meta-llama/Llama-3.1-8B-Instruct	schema	10	False	False	100	False	None	1738656458	data/d0t/dot_2	meta-llama/Llama-3.1-8B-Instruct	states	None	None	None	None	None	None	None	None	None	None	None
data/multiwoz24/dev_dials.json	5	StellarYagaMinor_tebu/25	meta-llama/Llama-3.2-3B-Instruct	schema	10	False	False	100	False	None	1738656445	data/d0t/dot_2	meta-llama/Llama-3.2-3B-Instruct	states	None	None	None	None	None	None	None	None	None	None	None
data/multiwoz24/dev_dials.json	5	EnigmaticPillio_tebu/75	meta-llama/Llama-3.2-1B-Instruct	schemaless	10	False	False	100	False	None	1738656400	data/d0t/dot_2	meta-llama/Llama-3.2-1B-Instruct	states	None	None	None	None	None	None	None	None	None	None	None
data/multiwoz24/dev_dials.json	5	RelentlessTusken_tebu/150	meta-llama/Llama-3.2-1B-Instruct	schemaless	10	False	False	100	False	None	1738656394	data/d0t/dot_2	meta-llama/Llama-3.2-1B-Instruct	updates	None	None	None	None	None	None	None	None	None	None	None
data/multiwoz24/dev_dials.json	5	WiseKorriban_tebu/150	meta-llama/Llama-3.2-1B-Instruct	schema	10	False	False	100	False	None	1738656392	data/d0t/dot_2	meta-llama/Llama-3.2-1B-Instruct	updates	None	None	None	None	None	None	None	None	None	None	None
data/multiwoz24/dev_dials.json	5	MysticalMirial_tebu/100	meta-llama/Llama-3.2-1B-Instruct	schema	10	False	False	100	False	None	1738656346	data/d0t/dot_2	meta-llama/Llama-3.2-1B-Instruct	states	None	None	None	None	None	None	None	None	None	None	None
data/multiwoz24/dev_dials.json	5	RelentlessTusken_tebu/100	meta-llama/Llama-3.2-1B-Instruct	schemaless	10	False	False	100	False	None	1738656331	data/d0t/dot_2	meta-llama/Llama-3.2-1B-Instruct	updates	None	None	None	None	None	None	None	None	None	None	None
data/multiwoz24/dev_dials.json	5	EnigmaticPillio_tebu/50	meta-llama/Llama-3.2-1B-Instruct	schemaless	10	False	False	100	False	None	1738656324	data/d0t/dot_2	meta-llama/Llama-3.2-1B-Instruct	states	None	None	None	None	None	None	None	None	None	None	None
data/multiwoz24/dev_dials.json	5	WiseKorriban_tebu/100	meta-llama/Llama-3.2-1B-Instruct	schema	10	False	False	100	False	None	1738656308	data/d0t/dot_2	meta-llama/Llama-3.2-1B-Instruct	updates	None	None	None	None	None	None	None	None	None	None	None
data/multiwoz24/dev_dials.json	5	EnigmaticPillio_tebu/25	meta-llama/Llama-3.2-1B-Instruct	schemaless	10	False	False	100	False	None	1738656266	data/d0t/dot_2	meta-llama/Llama-3.2-1B-Instruct	states	None	None	None	None	None	None	None	None	None	None	None
data/multiwoz24/dev_dials.json	5	WiseKorriban_tebu/75	meta-llama/Llama-3.2-1B-Instruct	schema	10	False	False	100	False	None	1738656262	data/d0t/dot_2	meta-llama/Llama-3.2-1B-Instruct	updates	None	None	None	None	None	None	None	None	None	None	None
data/multiwoz24/dev_dials.json	5	RelentlessTusken_tebu/75	meta-llama/Llama-3.2-1B-Instruct	schemaless	10	False	False	100	False	None	1738656254	data/d0t/dot_2	meta-llama/Llama-3.2-1B-Instruct	updates	None	None	None	None	None	None	None	None	None	None	None
data/multiwoz24/dev_dials.json	5	MysticalMirial_tebu/75	meta-llama/Llama-3.2-1B-Instruct	schema	10	False	False	100	False	None	1738656249	data/d0t/dot_2	meta-llama/Llama-3.2-1B-Instruct	states	None	None	None	None	None	None	None	None	None	None	None
data/multiwoz24/dev_dials.json	5	RelentlessTusken_tebu/50	meta-llama/Llama-3.2-1B-Instruct	schemaless	10	False	False	100	False	None	1738656221	data/d0t/dot_2	meta-llama/Llama-3.2-1B-Instruct	updates	None	None	None	None	None	None	None	None	None	None	None
data/multiwoz24/dev_dials.json	5	WiseKorriban_tebu/50	meta-llama/Llama-3.2-1B-Instruct	schema	10	False	False	100	False	None	1738656203	data/d0t/dot_2	meta-llama/Llama-3.2-1B-Instruct	updates	None	None	None	None	None	None	None	None	None	None	None
data/multiwoz24/dev_dials.json	5	MysticalMirial_tebu/50	meta-llama/Llama-3.2-1B-Instruct	schema	10	False	False	100	False	None	1738656185	data/d0t/dot_2	meta-llama/Llama-3.2-1B-Instruct	states	None	None	None	None	None	None	None	None	None	None	None
data/multiwoz24/dev_dials.json	5	RelentlessTusken_tebu/25	meta-llama/Llama-3.2-1B-Instruct	schemaless	10	False	False	100	False	None	1738656161	data/d0t/dot_2	meta-llama/Llama-3.2-1B-Instruct	updates	None	None	None	None	None	None	None	None	None	None	None
data/multiwoz24/dev_dials.json	5	WiseKorriban_tebu/25	meta-llama/Llama-3.2-1B-Instruct	schema	10	False	False	100	False	None	1738656148	data/d0t/dot_2	meta-llama/Llama-3.2-1B-Instruct	updates	None	None	None	None	None	None	None	None	None	None	None
data/multiwoz24/dev_dials.json	5	MysticalMirial_tebu/25	meta-llama/Llama-3.2-1B-Instruct	schema	10	False	False	100	False	None	1738656116	data/d0t/dot_2	meta-llama/Llama-3.2-1B-Instruct	states	None	None	None	None	None	None	None	None	None	None	None
data/multiwoz24/dev_dials.json	5	EmboldenedDantooine_tebu/11800	meta-llama/Llama-3.2-3B-Instruct	schema	10	False	False	100	False	None	1738596567	data/d0t/dot_2	meta-llama/Llama-3.2-3B-Instruct	states	None	None	None	None	None	None	None	None	None	None	None
data/multiwoz24/dev_dials.json	5	EmboldenedDantooine_tebu/11500	meta-llama/Llama-3.2-3B-Instruct	schema	10	False	False	100	False	None	1738595595	data/d0t/dot_2	meta-llama/Llama-3.2-3B-Instruct	states	None	None	None	None	None	None	None	None	None	None	None
data/multiwoz24/dev_dials.json	5	EmboldenedDantooine_tebu/11200	meta-llama/Llama-3.2-3B-Instruct	schema	10	False	False	100	False	None	1738594752	data/d0t/dot_2	meta-llama/Llama-3.2-3B-Instruct	states	None	None	None	None	None	None	None	None	None	None	None
data/multiwoz24/dev_dials.json	5	EmboldenedDantooine_tebu/10900	meta-llama/Llama-3.2-3B-Instruct	schema	10	False	False	100	False	None	1738593915	data/d0t/dot_2	meta-llama/Llama-3.2-3B-Instruct	states	None	None	None	None	None	None	None	None	None	None	None
data/multiwoz24/dev_dials.json	5	EmboldenedDantooine_tebu/10600	meta-llama/Llama-3.2-3B-Instruct	schema	10	False	False	100	False	None	1738593071	data/d0t/dot_2	meta-llama/Llama-3.2-3B-Instruct	states	None	None	None	None	None	None	None	None	None	None	None
data/multiwoz24/dev_dials.json	5	EmboldenedDantooine_tebu/10300	meta-llama/Llama-3.2-3B-Instruct	schema	10	False	False	100	False	None	1738592232	data/d0t/dot_2	meta-llama/Llama-3.2-3B-Instruct	states	None	None	None	None	None	None	None	None	None	None	None
data/multiwoz24/dev_dials.json	5	EmboldenedDantooine_tebu/10000	meta-llama/Llama-3.2-3B-Instruct	schema	10	False	False	100	False	None	1738591398	data/d0t/dot_2	meta-llama/Llama-3.2-3B-Instruct	states	None	None	None	None	None	None	None	None	None	None	None
data/multiwoz24/dev_dials.json	5	EmboldenedDantooine_tebu/9700	meta-llama/Llama-3.2-3B-Instruct	schema	10	False	False	100	False	None	1738590567	data/d0t/dot_2	meta-llama/Llama-3.2-3B-Instruct	states	None	None	None	None	None	None	None	None	None	None	None
data/multiwoz24/dev_dials.json	5	EmboldenedDantooine_tebu/9400	meta-llama/Llama-3.2-3B-Instruct	schema	10	False	False	100	False	None	1738589728	data/d0t/dot_2	meta-llama/Llama-3.2-3B-Instruct	states	None	None	None	None	None	None	None	None	None	None	None
data/multiwoz24/dev_dials.json	5	EmboldenedDantooine_tebu/9100	meta-llama/Llama-3.2-3B-Instruct	schema	10	False	False	100	False	None	1738588891	data/d0t/dot_2	meta-llama/Llama-3.2-3B-Instruct	states	None	None	None	None	None	None	None	None	None	None	None
data/multiwoz24/dev_dials.json	5	EmboldenedDantooine_tebu/8800	meta-llama/Llama-3.2-3B-Instruct	schema	10	False	False	100	False	None	1738588049	data/d0t/dot_2	meta-llama/Llama-3.2-3B-Instruct	states	None	None	None	None	None	None	None	None	None	None	None
data/multiwoz24/dev_dials.json	5	EmboldenedDantooine_tebu/8500	meta-llama/Llama-3.2-3B-Instruct	schema	10	False	False	100	False	None	1738587229	data/d0t/dot_2	meta-llama/Llama-3.2-3B-Instruct	states	None	None	None	None	None	None	None	None	None	None	None
data/multiwoz24/dev_dials.json	5	EmboldenedDantooine_tebu/8200	meta-llama/Llama-3.2-3B-Instruct	schema	10	False	False	100	False	None	1738586392	data/d0t/dot_2	meta-llama/Llama-3.2-3B-Instruct	states	None	None	None	None	None	None	None	None	None	None	None
data/multiwoz24/dev_dials.json	5	EmboldenedDantooine_tebu/7900	meta-llama/Llama-3.2-3B-Instruct	schema	10	False	False	100	False	None	1738585543	data/d0t/dot_2	meta-llama/Llama-3.2-3B-Instruct	states	None	None	None	None	None	None	None	None	None	None	None
data/multiwoz24/dev_dials.json	5	EmboldenedDantooine_tebu/7600	meta-llama/Llama-3.2-3B-Instruct	schema	10	False	False	100	False	None	1738584716	data/d0t/dot_2	meta-llama/Llama-3.2-3B-Instruct	states	None	None	None	None	None	None	None	None	None	None	None
data/multiwoz24/dev_dials.json	5	EmboldenedDantooine_tebu/7300	meta-llama/Llama-3.2-3B-Instruct	schema	10	False	False	100	False	None	1738583875	data/d0t/dot_2	meta-llama/Llama-3.2-3B-Instruct	states	None	None	None	None	None	None	None	None	None	None	None
data/multiwoz24/dev_dials.json	5	EmboldenedDantooine_tebu/7000	meta-llama/Llama-3.2-3B-Instruct	schema	10	False	False	100	False	None	1738583025	data/d0t/dot_2	meta-llama/Llama-3.2-3B-Instruct	states	None	None	None	None	None	None	None	None	None	None	None
data/multiwoz24/dev_dials.json	5	EmboldenedDantooine_tebu/6700	meta-llama/Llama-3.2-3B-Instruct	schema	10	False	False	100	False	None	1738582188	data/d0t/dot_2	meta-llama/Llama-3.2-3B-Instruct	states	None	None	None	None	None	None	None	None	None	None	None
data/multiwoz24/dev_dials.json	5	EmboldenedDantooine_tebu/6400	meta-llama/Llama-3.2-3B-Instruct	schema	10	False	False	100	False	None	1738581367	data/d0t/dot_2	meta-llama/Llama-3.2-3B-Instruct	states	None	None	None	None	None	None	None	None	None	None	None
data/multiwoz24/dev_dials.json	5	EmboldenedDantooine_tebu/6100	meta-llama/Llama-3.2-3B-Instruct	schema	10	False	False	100	False	None	1738580533	data/d0t/dot_2	meta-llama/Llama-3.2-3B-Instruct	states	None	None	None	None	None	None	None	None	None	None	None
data/multiwoz24/dev_dials.json	5	EmboldenedDantooine_tebu/5800	meta-llama/Llama-3.2-3B-Instruct	schema	10	False	False	100	False	None	1738579542	data/d0t/dot_2	meta-llama/Llama-3.2-3B-Instruct	states	None	None	None	None	None	None	None	None	None	None	None
data/multiwoz24/dev_dials.json	5	SpiritedBarriss_tebu/11800	meta-llama/Llama-3.2-1B-Instruct	schema	10	False	False	100	False	None	1738578824	data/d0t/dot_2	meta-llama/Llama-3.2-1B-Instruct	states	None	None	None	None	None	None	None	None	None	None	None
data/multiwoz24/dev_dials.json	5	EmboldenedDantooine_tebu/5500	meta-llama/Llama-3.2-3B-Instruct	schema	10	False	False	100	False	None	1738578620	data/d0t/dot_2	meta-llama/Llama-3.2-3B-Instruct	states	None	None	None	None	None	None	None	None	None	None	None
data/multiwoz24/dev_dials.json	5	SpiritedBarriss_tebu/11500	meta-llama/Llama-3.2-1B-Instruct	schema	10	False	False	100	False	None	1738578339	data/d0t/dot_2	meta-llama/Llama-3.2-1B-Instruct	states	None	None	None	None	None	None	None	None	None	None	None
data/multiwoz24/dev_dials.json	5	SpiritedBarriss_tebu/11200	meta-llama/Llama-3.2-1B-Instruct	schema	10	False	False	100	False	None	1738577931	data/d0t/dot_2	meta-llama/Llama-3.2-1B-Instruct	states	None	None	None	None	None	None	None	None	None	None	None
data/multiwoz24/dev_dials.json	5	EmboldenedDantooine_tebu/5200	meta-llama/Llama-3.2-3B-Instruct	schema	10	False	False	100	False	None	1738577796	data/d0t/dot_2	meta-llama/Llama-3.2-3B-Instruct	states	None	None	None	None	None	None	None	None	None	None	None
data/multiwoz24/dev_dials.json	5	SpiritedBarriss_tebu/10900	meta-llama/Llama-3.2-1B-Instruct	schema	10	False	False	100	False	None	1738577538	data/d0t/dot_2	meta-llama/Llama-3.2-1B-Instruct	states	None	None	None	None	None	None	None	None	None	None	None
data/multiwoz24/dev_dials.json	5	SpiritedBarriss_tebu/10600	meta-llama/Llama-3.2-1B-Instruct	schema	10	False	False	100	False	None	1738577137	data/d0t/dot_2	meta-llama/Llama-3.2-1B-Instruct	states	None	None	None	None	None	None	None	None	None	None	None
data/multiwoz24/dev_dials.json	5	EmboldenedDantooine_tebu/4900	meta-llama/Llama-3.2-3B-Instruct	schema	10	False	False	100	False	None	1738576982	data/d0t/dot_2	meta-llama/Llama-3.2-3B-Instruct	states	None	None	None	None	None	None	None	None	None	None	None
data/multiwoz24/dev_dials.json	5	SpiritedBarriss_tebu/10300	meta-llama/Llama-3.2-1B-Instruct	schema	10	False	False	100	False	None	1738576734	data/d0t/dot_2	meta-llama/Llama-3.2-1B-Instruct	states	None	None	None	None	None	None	None	None	None	None	None
data/multiwoz24/dev_dials.json	5	SpiritedBarriss_tebu/10000	meta-llama/Llama-3.2-1B-Instruct	schema	10	False	False	100	False	None	1738576315	data/d0t/dot_2	meta-llama/Llama-3.2-1B-Instruct	states	None	None	None	None	None	None	None	None	None	None	None
data/multiwoz24/dev_dials.json	5	EmboldenedDantooine_tebu/4600	meta-llama/Llama-3.2-3B-Instruct	schema	10	False	False	100	False	None	1738576164	data/d0t/dot_2	meta-llama/Llama-3.2-3B-Instruct	states	None	None	None	None	None	None	None	None	None	None	None
data/multiwoz24/dev_dials.json	5	SpiritedBarriss_tebu/9700	meta-llama/Llama-3.2-1B-Instruct	schema	10	False	False	100	False	None	1738575900	data/d0t/dot_2	meta-llama/Llama-3.2-1B-Instruct	states	None	None	None	None	None	None	None	None	None	None	None
data/multiwoz24/dev_dials.json	5	SpiritedBarriss_tebu/9400	meta-llama/Llama-3.2-1B-Instruct	schema	10	False	False	100	False	None	1738575485	data/d0t/dot_2	meta-llama/Llama-3.2-1B-Instruct	states	None	None	None	None	None	None	None	None	None	None	None
data/multiwoz24/dev_dials.json	5	EmboldenedDantooine_tebu/4300	meta-llama/Llama-3.2-3B-Instruct	schema	10	False	False	100	False	None	1738575296	data/d0t/dot_2	meta-llama/Llama-3.2-3B-Instruct	states	None	None	None	None	None	None	None	None	None	None	None
data/multiwoz24/dev_dials.json	5	SpiritedBarriss_tebu/9100	meta-llama/Llama-3.2-1B-Instruct	schema	10	False	False	100	False	None	1738575062	data/d0t/dot_2	meta-llama/Llama-3.2-1B-Instruct	states	None	None	None	None	None	None	None	None	None	None	None
data/multiwoz24/dev_dials.json	5	SpiritedBarriss_tebu/8800	meta-llama/Llama-3.2-1B-Instruct	schema	10	False	False	100	False	None	1738574638	data/d0t/dot_2	meta-llama/Llama-3.2-1B-Instruct	states	None	None	None	None	None	None	None	None	None	None	None
data/multiwoz24/dev_dials.json	5	EmboldenedDantooine_tebu/4000	meta-llama/Llama-3.2-3B-Instruct	schema	10	False	False	100	False	None	1738574474	data/d0t/dot_2	meta-llama/Llama-3.2-3B-Instruct	states	None	None	None	None	None	None	None	None	None	None	None
data/multiwoz24/dev_dials.json	5	SpiritedBarriss_tebu/8500	meta-llama/Llama-3.2-1B-Instruct	schema	10	False	False	100	False	None	1738574224	data/d0t/dot_2	meta-llama/Llama-3.2-1B-Instruct	states	None	None	None	None	None	None	None	None	None	None	None
data/multiwoz24/dev_dials.json	5	SpiritedBarriss_tebu/8200	meta-llama/Llama-3.2-1B-Instruct	schema	10	False	False	100	False	None	1738573784	data/d0t/dot_2	meta-llama/Llama-3.2-1B-Instruct	states	None	None	None	None	None	None	None	None	None	None	None
data/multiwoz24/dev_dials.json	5	EmboldenedDantooine_tebu/3700	meta-llama/Llama-3.2-3B-Instruct	schema	10	False	False	100	False	None	1738573653	data/d0t/dot_2	meta-llama/Llama-3.2-3B-Instruct	states	None	None	None	None	None	None	None	None	None	None	None
data/multiwoz24/dev_dials.json	5	SpiritedBarriss_tebu/7900	meta-llama/Llama-3.2-1B-Instruct	schema	10	False	False	100	False	None	1738573357	data/d0t/dot_2	meta-llama/Llama-3.2-1B-Instruct	states	None	None	None	None	None	None	None	None	None	None	None
data/multiwoz24/dev_dials.json	5	SpiritedBarriss_tebu/7600	meta-llama/Llama-3.2-1B-Instruct	schema	10	False	False	100	False	None	1738572943	data/d0t/dot_2	meta-llama/Llama-3.2-1B-Instruct	states	None	None	None	None	None	None	None	None	None	None	None
data/multiwoz24/dev_dials.json	5	EmboldenedDantooine_tebu/3400	meta-llama/Llama-3.2-3B-Instruct	schema	10	False	False	100	False	None	1738572802	data/d0t/dot_2	meta-llama/Llama-3.2-3B-Instruct	states	None	None	None	None	None	None	None	None	None	None	None
data/multiwoz24/dev_dials.json	5	SpiritedBarriss_tebu/7300	meta-llama/Llama-3.2-1B-Instruct	schema	10	False	False	100	False	None	1738572528	data/d0t/dot_2	meta-llama/Llama-3.2-1B-Instruct	states	None	None	None	None	None	None	None	None	None	None	None
data/multiwoz24/dev_dials.json	5	SpiritedBarriss_tebu/7000	meta-llama/Llama-3.2-1B-Instruct	schema	10	False	False	100	False	None	1738572092	data/d0t/dot_2	meta-llama/Llama-3.2-1B-Instruct	states	None	None	None	None	None	None	None	None	None	None	None
data/multiwoz24/dev_dials.json	5	EmboldenedDantooine_tebu/3100	meta-llama/Llama-3.2-3B-Instruct	schema	10	False	False	100	False	None	1738571994	data/d0t/dot_2	meta-llama/Llama-3.2-3B-Instruct	states	None	None	None	None	None	None	None	None	None	None	None
data/multiwoz24/dev_dials.json	5	SpiritedBarriss_tebu/6700	meta-llama/Llama-3.2-1B-Instruct	schema	10	False	False	100	False	None	1738571670	data/d0t/dot_2	meta-llama/Llama-3.2-1B-Instruct	states	None	None	None	None	None	None	None	None	None	None	None
data/multiwoz24/dev_dials.json	5	SpiritedBarriss_tebu/6400	meta-llama/Llama-3.2-1B-Instruct	schema	10	False	False	100	False	None	1738571254	data/d0t/dot_2	meta-llama/Llama-3.2-1B-Instruct	states	None	None	None	None	None	None	None	None	None	None	None
data/multiwoz24/dev_dials.json	5	EmboldenedDantooine_tebu/2800	meta-llama/Llama-3.2-3B-Instruct	schema	10	False	False	100	False	None	1738571191	data/d0t/dot_2	meta-llama/Llama-3.2-3B-Instruct	states	None	None	None	None	None	None	None	None	None	None	None
data/multiwoz24/dev_dials.json	5	SpiritedBarriss_tebu/6100	meta-llama/Llama-3.2-1B-Instruct	schema	10	False	False	100	False	None	1738570828	data/d0t/dot_2	meta-llama/Llama-3.2-1B-Instruct	states	None	None	None	None	None	None	None	None	None	None	None
data/multiwoz24/dev_dials.json	5	EmboldenedDantooine_tebu/2500	meta-llama/Llama-3.2-3B-Instruct	schema	10	False	False	100	False	None	1738570387	data/d0t/dot_2	meta-llama/Llama-3.2-3B-Instruct	states	None	None	None	None	None	None	None	None	None	None	None
data/multiwoz24/dev_dials.json	5	SpiritedBarriss_tebu/5800	meta-llama/Llama-3.2-1B-Instruct	schema	10	False	False	100	False	None	1738570385	data/d0t/dot_2	meta-llama/Llama-3.2-1B-Instruct	states	None	None	None	None	None	None	None	None	None	None	None
data/multiwoz24/dev_dials.json	5	SpiritedBarriss_tebu/5500	meta-llama/Llama-3.2-1B-Instruct	schema	10	False	False	100	False	None	1738569968	data/d0t/dot_2	meta-llama/Llama-3.2-1B-Instruct	states	None	None	None	None	None	None	None	None	None	None	None
data/multiwoz24/dev_dials.json	5	SpiritedBarriss_tebu/5200	meta-llama/Llama-3.2-1B-Instruct	schema	10	False	False	100	False	None	1738569559	data/d0t/dot_2	meta-llama/Llama-3.2-1B-Instruct	states	None	None	None	None	None	None	None	None	None	None	None
data/multiwoz24/dev_dials.json	5	EmboldenedDantooine_tebu/2200	meta-llama/Llama-3.2-3B-Instruct	schema	10	False	False	100	False	None	1738569543	data/d0t/dot_2	meta-llama/Llama-3.2-3B-Instruct	states	None	None	None	None	None	None	None	None	None	None	None
data/multiwoz24/dev_dials.json	5	SpiritedBarriss_tebu/4900	meta-llama/Llama-3.2-1B-Instruct	schema	10	False	False	100	False	None	1738569154	data/d0t/dot_2	meta-llama/Llama-3.2-1B-Instruct	states	None	None	None	None	None	None	None	None	None	None	None
data/multiwoz24/dev_dials.json	5	SpiritedBarriss_tebu/4600	meta-llama/Llama-3.2-1B-Instruct	schema	10	False	False	100	False	None	1738568762	data/d0t/dot_2	meta-llama/Llama-3.2-1B-Instruct	states	None	None	None	None	None	None	None	None	None	None	None
data/multiwoz24/dev_dials.json	5	EmboldenedDantooine_tebu/1900	meta-llama/Llama-3.2-3B-Instruct	schema	10	False	False	100	False	None	1738568708	data/d0t/dot_2	meta-llama/Llama-3.2-3B-Instruct	states	None	None	None	None	None	None	None	None	None	None	None
data/multiwoz24/dev_dials.json	5	SpiritedBarriss_tebu/4300	meta-llama/Llama-3.2-1B-Instruct	schema	10	False	False	100	False	None	1738568340	data/d0t/dot_2	meta-llama/Llama-3.2-1B-Instruct	states	None	None	None	None	None	None	None	None	None	None	None
data/multiwoz24/dev_dials.json	5	SpiritedBarriss_tebu/4000	meta-llama/Llama-3.2-1B-Instruct	schema	10	False	False	100	False	None	1738567929	data/d0t/dot_2	meta-llama/Llama-3.2-1B-Instruct	states	None	None	None	None	None	None	None	None	None	None	None
data/multiwoz24/dev_dials.json	5	EmboldenedDantooine_tebu/1600	meta-llama/Llama-3.2-3B-Instruct	schema	10	False	False	100	False	None	1738567878	data/d0t/dot_2	meta-llama/Llama-3.2-3B-Instruct	states	None	None	None	None	None	None	None	None	None	None	None
data/multiwoz24/dev_dials.json	5	SpiritedBarriss_tebu/3700	meta-llama/Llama-3.2-1B-Instruct	schema	10	False	False	100	False	None	1738567529	data/d0t/dot_2	meta-llama/Llama-3.2-1B-Instruct	states	None	None	None	None	None	None	None	None	None	None	None
data/multiwoz24/dev_dials.json	5	SpiritedBarriss_tebu/3400	meta-llama/Llama-3.2-1B-Instruct	schema	10	False	False	100	False	None	1738567091	data/d0t/dot_2	meta-llama/Llama-3.2-1B-Instruct	states	None	None	None	None	None	None	None	None	None	None	None
data/multiwoz24/dev_dials.json	5	EmboldenedDantooine_tebu/1300	meta-llama/Llama-3.2-3B-Instruct	schema	10	False	False	100	False	None	1738567066	data/d0t/dot_2	meta-llama/Llama-3.2-3B-Instruct	states	None	None	None	None	None	None	None	None	None	None	None
data/multiwoz24/dev_dials.json	5	SpiritedBarriss_tebu/3100	meta-llama/Llama-3.2-1B-Instruct	schema	10	False	False	100	False	None	1738566683	data/d0t/dot_2	meta-llama/Llama-3.2-1B-Instruct	states	None	None	None	None	None	None	None	None	None	None	None
data/multiwoz24/dev_dials.json	5	SpiritedBarriss_tebu/2800	meta-llama/Llama-3.2-1B-Instruct	schema	10	False	False	100	False	None	1738566256	data/d0t/dot_2	meta-llama/Llama-3.2-1B-Instruct	states	None	None	None	None	None	None	None	None	None	None	None
data/multiwoz24/dev_dials.json	5	EmboldenedDantooine_tebu/1000	meta-llama/Llama-3.2-3B-Instruct	schema	10	False	False	100	False	None	1738566202	data/d0t/dot_2	meta-llama/Llama-3.2-3B-Instruct	states	None	None	None	None	None	None	None	None	None	None	None
data/multiwoz24/dev_dials.json	5	EmboldenedDantooine_tebu/900	meta-llama/Llama-3.2-3B-Instruct	schema	10	False	False	100	False	None	1738565858	data/d0t/dot_2	meta-llama/Llama-3.2-3B-Instruct	states	None	None	None	None	None	None	None	None	None	None	None
data/multiwoz24/dev_dials.json	5	SpiritedBarriss_tebu/2500	meta-llama/Llama-3.2-1B-Instruct	schema	10	False	False	100	False	None	1738565838	data/d0t/dot_2	meta-llama/Llama-3.2-1B-Instruct	states	None	None	None	None	None	None	None	None	None	None	None
data/multiwoz24/dev_dials.json	5	EmboldenedDantooine_tebu/800	meta-llama/Llama-3.2-3B-Instruct	schema	10	False	False	100	False	None	1738565495	data/d0t/dot_2	meta-llama/Llama-3.2-3B-Instruct	states	None	None	None	None	None	None	None	None	None	None	None
data/multiwoz24/dev_dials.json	5	SpiritedBarriss_tebu/2200	meta-llama/Llama-3.2-1B-Instruct	schema	10	False	False	100	False	None	1738565423	data/d0t/dot_2	meta-llama/Llama-3.2-1B-Instruct	states	None	None	None	None	None	None	None	None	None	None	None
data/multiwoz24/dev_dials.json	5	EmboldenedDantooine_tebu/700	meta-llama/Llama-3.2-3B-Instruct	schema	10	False	False	100	False	None	1738565130	data/d0t/dot_2	meta-llama/Llama-3.2-3B-Instruct	states	None	None	None	None	None	None	None	None	None	None	None
data/multiwoz24/dev_dials.json	5	SpiritedBarriss_tebu/1900	meta-llama/Llama-3.2-1B-Instruct	schema	10	False	False	100	False	None	1738564999	data/d0t/dot_2	meta-llama/Llama-3.2-1B-Instruct	states	None	None	None	None	None	None	None	None	None	None	None
data/multiwoz24/dev_dials.json	5	EmboldenedDantooine_tebu/600	meta-llama/Llama-3.2-3B-Instruct	schema	10	False	False	100	False	None	1738564746	data/d0t/dot_2	meta-llama/Llama-3.2-3B-Instruct	states	None	None	None	None	None	None	None	None	None	None	None
data/multiwoz24/dev_dials.json	5	SpiritedBarriss_tebu/1600	meta-llama/Llama-3.2-1B-Instruct	schema	10	False	False	100	False	None	1738564569	data/d0t/dot_2	meta-llama/Llama-3.2-1B-Instruct	states	None	None	None	None	None	None	None	None	None	None	None
data/multiwoz24/dev_dials.json	5	EmboldenedDantooine_tebu/500	meta-llama/Llama-3.2-3B-Instruct	schema	10	False	False	100	False	None	1738564369	data/d0t/dot_2	meta-llama/Llama-3.2-3B-Instruct	states	None	None	None	None	None	None	None	None	None	None	None
data/multiwoz24/dev_dials.json	5	SpiritedBarriss_tebu/1300	meta-llama/Llama-3.2-1B-Instruct	schema	10	False	False	100	False	None	1738564143	data/d0t/dot_2	meta-llama/Llama-3.2-1B-Instruct	states	None	None	None	None	None	None	None	None	None	None	None
data/multiwoz24/dev_dials.json	5	EmboldenedDantooine_tebu/400	meta-llama/Llama-3.2-3B-Instruct	schema	10	False	False	100	False	None	1738563998	data/d0t/dot_2	meta-llama/Llama-3.2-3B-Instruct	states	None	None	None	None	None	None	None	None	None	None	None
data/multiwoz24/dev_dials.json	5	SpiritedBarriss_tebu/1000	meta-llama/Llama-3.2-1B-Instruct	schema	10	False	False	100	False	None	1738563729	data/d0t/dot_2	meta-llama/Llama-3.2-1B-Instruct	states	None	None	None	None	None	None	None	None	None	None	None
data/multiwoz24/dev_dials.json	5	EmboldenedDantooine_tebu/300	meta-llama/Llama-3.2-3B-Instruct	schema	10	False	False	100	False	None	1738563565	data/d0t/dot_2	meta-llama/Llama-3.2-3B-Instruct	states	None	None	None	None	None	None	None	None	None	None	None
data/multiwoz24/dev_dials.json	5	SpiritedBarriss_tebu/900	meta-llama/Llama-3.2-1B-Instruct	schema	10	False	False	100	False	None	1738563530	data/d0t/dot_2	meta-llama/Llama-3.2-1B-Instruct	states	None	None	None	None	None	None	None	None	None	None	None
data/multiwoz24/dev_dials.json	5	EmboldenedDantooine_tebu/250	meta-llama/Llama-3.2-3B-Instruct	schema	10	False	False	100	False	None	1738563346	data/d0t/dot_2	meta-llama/Llama-3.2-3B-Instruct	states	None	None	None	None	None	None	None	None	None	None	None
data/multiwoz24/dev_dials.json	5	SpiritedBarriss_tebu/800	meta-llama/Llama-3.2-1B-Instruct	schema	10	False	False	100	False	None	1738563326	data/d0t/dot_2	meta-llama/Llama-3.2-1B-Instruct	states	None	None	None	None	None	None	None	None	None	None	None
data/multiwoz24/dev_dials.json	5	SpiritedBarriss_tebu/700	meta-llama/Llama-3.2-1B-Instruct	schema	10	False	False	100	False	None	1738563128	data/d0t/dot_2	meta-llama/Llama-3.2-1B-Instruct	states	None	None	None	None	None	None	None	None	None	None	None
data/multiwoz24/dev_dials.json	5	SpiritedBarriss_tebu/600	meta-llama/Llama-3.2-1B-Instruct	schema	10	False	False	100	False	None	1738562944	data/d0t/dot_2	meta-llama/Llama-3.2-1B-Instruct	states	None	None	None	None	None	None	None	None	None	None	None
data/multiwoz24/dev_dials.json	5	SpiritedBarriss_tebu/500	meta-llama/Llama-3.2-1B-Instruct	schema	10	False	False	100	False	None	1738562748	data/d0t/dot_2	meta-llama/Llama-3.2-1B-Instruct	states	None	None	None	None	None	None	None	None	None	None	None
data/multiwoz24/dev_dials.json	5	EmboldenedDantooine_tebu/200	meta-llama/Llama-3.2-3B-Instruct	schema	10	False	False	100	False	None	1738562732	data/d0t/dot_2	meta-llama/Llama-3.2-3B-Instruct	states	None	None	None	None	None	None	None	None	None	None	None
data/multiwoz24/dev_dials.json	5	SpiritedBarriss_tebu/400	meta-llama/Llama-3.2-1B-Instruct	schema	10	False	False	100	False	None	1738562571	data/d0t/dot_2	meta-llama/Llama-3.2-1B-Instruct	states	None	None	None	None	None	None	None	None	None	None	None
data/multiwoz24/dev_dials.json	5	SpiritedBarriss_tebu/300	meta-llama/Llama-3.2-1B-Instruct	schema	10	False	False	100	False	None	1738562374	data/d0t/dot_2	meta-llama/Llama-3.2-1B-Instruct	states	None	None	None	None	None	None	None	None	None	None	None
data/multiwoz24/dev_dials.json	5	EmboldenedDantooine_tebu/150	meta-llama/Llama-3.2-3B-Instruct	schema	10	False	False	100	False	None	1738562195	data/d0t/dot_2	meta-llama/Llama-3.2-3B-Instruct	states	None	None	None	None	None	None	None	None	None	None	None
data/multiwoz24/dev_dials.json	5	SpiritedBarriss_tebu/250	meta-llama/Llama-3.2-1B-Instruct	schema	10	False	False	100	False	None	1738562194	data/d0t/dot_2	meta-llama/Llama-3.2-1B-Instruct	states	None	None	None	None	None	None	None	None	None	None	None
data/multiwoz24/dev_dials.json	5	SpiritedBarriss_tebu/200	meta-llama/Llama-3.2-1B-Instruct	schema	10	False	False	100	False	None	1738561831	data/d0t/dot_2	meta-llama/Llama-3.2-1B-Instruct	states	None	None	None	None	None	None	None	None	None	None	None
data/multiwoz24/dev_dials.json	5	SpiritedBarriss_tebu/150	meta-llama/Llama-3.2-1B-Instruct	schema	10	False	False	100	False	None	1738561576	data/d0t/dot_2	meta-llama/Llama-3.2-1B-Instruct	states	None	None	None	None	None	None	None	None	None	None	None
data/multiwoz24/dev_dials.json	5	EmboldenedDantooine_tebu/100	meta-llama/Llama-3.2-3B-Instruct	schema	10	False	False	100	False	None	1738561561	data/d0t/dot_2	meta-llama/Llama-3.2-3B-Instruct	states	None	None	None	None	None	None	None	None	None	None	None
data/multiwoz24/dev_dials.json	5	EmboldenedDantooine_tebu/75	meta-llama/Llama-3.2-3B-Instruct	schema	10	False	False	100	False	None	1738561184	data/d0t/dot_2	meta-llama/Llama-3.2-3B-Instruct	states	None	None	None	None	None	None	None	None	None	None	None
data/multiwoz24/dev_dials.json	5	SpiritedBarriss_tebu/100	meta-llama/Llama-3.2-1B-Instruct	schema	10	False	False	100	False	None	1738561164	data/d0t/dot_2	meta-llama/Llama-3.2-1B-Instruct	states	None	None	None	None	None	None	None	None	None	None	None
data/multiwoz24/dev_dials.json	5	EmboldenedDantooine_tebu/50	meta-llama/Llama-3.2-3B-Instruct	schema	10	False	False	100	False	None	1738561080	data/d0t/dot_2	meta-llama/Llama-3.2-3B-Instruct	states	None	None	None	None	None	None	None	None	None	None	None
data/multiwoz24/dev_dials.json	5	EmboldenedDantooine_tebu/25	meta-llama/Llama-3.2-3B-Instruct	schema	10	False	False	100	False	None	1738560984	data/d0t/dot_2	meta-llama/Llama-3.2-3B-Instruct	states	None	None	None	None	None	None	None	None	None	None	None
data/multiwoz24/dev_dials.json	5	EnthrallingGungan_tebu/25	meta-llama/Llama-3.1-8B-Instruct	schema	10	False	False	100	False	None	1738560920	data/d0t/dot_2	meta-llama/Llama-3.1-8B-Instruct	states	None	None	None	None	None	None	None	None	None	None	None
data/multiwoz24/dev_dials.json	5	SpiritedBarriss_tebu/75	meta-llama/Llama-3.2-1B-Instruct	schema	10	False	False	100	False	None	1738560901	data/d0t/dot_2	meta-llama/Llama-3.2-1B-Instruct	states	None	None	None	None	None	None	None	None	None	None	None
data/multiwoz24/dev_dials.json	5	SpiritedBarriss_tebu/50	meta-llama/Llama-3.2-1B-Instruct	schema	10	False	False	100	False	None	1738560831	data/d0t/dot_2	meta-llama/Llama-3.2-1B-Instruct	states	None	None	None	None	None	None	None	None	None	None	None
data/multiwoz24/dev_dials.json	5	SpiritedBarriss_tebu/25	meta-llama/Llama-3.2-1B-Instruct	schema	10	False	False	100	False	None	1738560779	data/d0t/dot_2	meta-llama/Llama-3.2-1B-Instruct	states	None	None	None	None	None	None	None	None	None	None	None
data/multiwoz24/dev_dials.json	5	AudaciousCerea_tebu/10600	meta-llama/Llama-3.1-8B-Instruct	schema	10	False	False	100	False	None	1738552202	data/d0t/dot_2	meta-llama/Llama-3.1-8B-Instruct	states	None	None	None	None	None	None	None	None	None	None	None
data/multiwoz24/dev_dials.json	5	AudaciousCerea_tebu/10300	meta-llama/Llama-3.1-8B-Instruct	schema	10	False	False	100	False	None	1738551133	data/d0t/dot_2	meta-llama/Llama-3.1-8B-Instruct	states	None	None	None	None	None	None	None	None	None	None	None
data/multiwoz24/dev_dials.json	5	AudaciousCerea_tebu/10000	meta-llama/Llama-3.1-8B-Instruct	schema	10	False	False	100	False	None	1738550063	data/d0t/dot_2	meta-llama/Llama-3.1-8B-Instruct	states	None	None	None	None	None	None	None	None	None	None	None
data/multiwoz24/dev_dials.json	5	AudaciousCerea_tebu/9700	meta-llama/Llama-3.1-8B-Instruct	schema	10	False	False	100	False	None	1738548991	data/d0t/dot_2	meta-llama/Llama-3.1-8B-Instruct	states	None	None	None	None	None	None	None	None	None	None	None
data/multiwoz24/dev_dials.json	5	AudaciousCerea_tebu/9400	meta-llama/Llama-3.1-8B-Instruct	schema	10	False	False	100	False	None	1738547923	data/d0t/dot_2	meta-llama/Llama-3.1-8B-Instruct	states	None	None	None	None	None	None	None	None	None	None	None
data/multiwoz24/dev_dials.json	5	AudaciousCerea_tebu/9100	meta-llama/Llama-3.1-8B-Instruct	schema	10	False	False	100	False	None	1738546851	data/d0t/dot_2	meta-llama/Llama-3.1-8B-Instruct	states	None	None	None	None	None	None	None	None	None	None	None
data/multiwoz24/dev_dials.json	5	AudaciousCerea_tebu/8800	meta-llama/Llama-3.1-8B-Instruct	schema	10	False	False	100	False	None	1738545782	data/d0t/dot_2	meta-llama/Llama-3.1-8B-Instruct	states	None	None	None	None	None	None	None	None	None	None	None
data/multiwoz24/dev_dials.json	5	AudaciousCerea_tebu/8500	meta-llama/Llama-3.1-8B-Instruct	schema	10	False	False	100	False	None	1738544716	data/d0t/dot_2	meta-llama/Llama-3.1-8B-Instruct	states	None	None	None	None	None	None	None	None	None	None	None
data/multiwoz24/dev_dials.json	5	AudaciousCerea_tebu/8200	meta-llama/Llama-3.1-8B-Instruct	schema	10	False	False	100	False	None	1738543647	data/d0t/dot_2	meta-llama/Llama-3.1-8B-Instruct	states	None	None	None	None	None	None	None	None	None	None	None
data/multiwoz24/dev_dials.json	5	AudaciousCerea_tebu/7900	meta-llama/Llama-3.1-8B-Instruct	schema	10	False	False	100	False	None	1738542578	data/d0t/dot_2	meta-llama/Llama-3.1-8B-Instruct	states	None	None	None	None	None	None	None	None	None	None	None
data/multiwoz24/dev_dials.json	5	AudaciousCerea_tebu/7600	meta-llama/Llama-3.1-8B-Instruct	schema	10	False	False	100	False	None	1738541508	data/d0t/dot_2	meta-llama/Llama-3.1-8B-Instruct	states	None	None	None	None	None	None	None	None	None	None	None
data/multiwoz24/dev_dials.json	5	AudaciousCerea_tebu/7300	meta-llama/Llama-3.1-8B-Instruct	schema	10	False	False	100	False	None	1738540439	data/d0t/dot_2	meta-llama/Llama-3.1-8B-Instruct	states	None	None	None	None	None	None	None	None	None	None	None
data/multiwoz24/dev_dials.json	5	AudaciousCerea_tebu/7000	meta-llama/Llama-3.1-8B-Instruct	schema	10	False	False	100	False	None	1738539371	data/d0t/dot_2	meta-llama/Llama-3.1-8B-Instruct	states	None	None	None	None	None	None	None	None	None	None	None
data/multiwoz24/dev_dials.json	5	AudaciousCerea_tebu/6700	meta-llama/Llama-3.1-8B-Instruct	schema	10	False	False	100	False	None	1738538301	data/d0t/dot_2	meta-llama/Llama-3.1-8B-Instruct	states	None	None	None	None	None	None	None	None	None	None	None
data/multiwoz24/dev_dials.json	5	AudaciousCerea_tebu/6400	meta-llama/Llama-3.1-8B-Instruct	schema	10	False	False	100	False	None	1738537235	data/d0t/dot_2	meta-llama/Llama-3.1-8B-Instruct	states	None	None	None	None	None	None	None	None	None	None	None
data/multiwoz24/dev_dials.json	5	AudaciousCerea_tebu/6100	meta-llama/Llama-3.1-8B-Instruct	schema	10	False	False	100	False	None	1738536170	data/d0t/dot_2	meta-llama/Llama-3.1-8B-Instruct	states	None	None	None	None	None	None	None	None	None	None	None
data/multiwoz24/dev_dials.json	5	AudaciousCerea_tebu/5800	meta-llama/Llama-3.1-8B-Instruct	schema	10	False	False	100	False	None	1738535100	data/d0t/dot_2	meta-llama/Llama-3.1-8B-Instruct	states	None	None	None	None	None	None	None	None	None	None	None
data/multiwoz24/dev_dials.json	5	AudaciousCerea_tebu/5500	meta-llama/Llama-3.1-8B-Instruct	schema	10	False	False	100	False	None	1738534031	data/d0t/dot_2	meta-llama/Llama-3.1-8B-Instruct	states	None	None	None	None	None	None	None	None	None	None	None
data/multiwoz24/dev_dials.json	5	AudaciousCerea_tebu/5200	meta-llama/Llama-3.1-8B-Instruct	schema	10	False	False	100	False	None	1738532960	data/d0t/dot_2	meta-llama/Llama-3.1-8B-Instruct	states	None	None	None	None	None	None	None	None	None	None	None
data/multiwoz24/dev_dials.json	5	AudaciousCerea_tebu/4900	meta-llama/Llama-3.1-8B-Instruct	schema	10	False	False	100	False	None	1738531893	data/d0t/dot_2	meta-llama/Llama-3.1-8B-Instruct	states	None	None	None	None	None	None	None	None	None	None	None
data/multiwoz24/dev_dials.json	5	AudaciousCerea_tebu/4600	meta-llama/Llama-3.1-8B-Instruct	schema	10	False	False	100	False	None	1738530824	data/d0t/dot_2	meta-llama/Llama-3.1-8B-Instruct	states	None	None	None	None	None	None	None	None	None	None	None
data/multiwoz24/dev_dials.json	5	AudaciousCerea_tebu/4300	meta-llama/Llama-3.1-8B-Instruct	schema	10	False	False	100	False	None	1738529755	data/d0t/dot_2	meta-llama/Llama-3.1-8B-Instruct	states	None	None	None	None	None	None	None	None	None	None	None
data/multiwoz24/dev_dials.json	5	AudaciousCerea_tebu/4000	meta-llama/Llama-3.1-8B-Instruct	schema	10	False	False	100	False	None	1738528683	data/d0t/dot_2	meta-llama/Llama-3.1-8B-Instruct	states	None	None	None	None	None	None	None	None	None	None	None
data/multiwoz24/dev_dials.json	5	AudaciousCerea_tebu/3700	meta-llama/Llama-3.1-8B-Instruct	schema	10	False	False	100	False	None	1738527615	data/d0t/dot_2	meta-llama/Llama-3.1-8B-Instruct	states	None	None	None	None	None	None	None	None	None	None	None
data/multiwoz24/dev_dials.json	5	AudaciousCerea_tebu/3400	meta-llama/Llama-3.1-8B-Instruct	schema	10	False	False	100	False	None	1738526538	data/d0t/dot_2	meta-llama/Llama-3.1-8B-Instruct	states	None	None	None	None	None	None	None	None	None	None	None
data/multiwoz24/dev_dials.json	5	AudaciousCerea_tebu/3100	meta-llama/Llama-3.1-8B-Instruct	schema	10	False	False	100	False	None	1738525471	data/d0t/dot_2	meta-llama/Llama-3.1-8B-Instruct	states	None	None	None	None	None	None	None	None	None	None	None
data/multiwoz24/dev_dials.json	5	RogueObiWan_tebu/11400	meta-llama/Llama-3.2-1B-Instruct	schema	10	False	False	100	False	None	1738525294	data/d0t/dot_2	meta-llama/Llama-3.2-1B-Instruct	states	None	None	None	None	None	None	None	None	None	None	None
data/multiwoz24/dev_dials.json	5	RogueObiWan_tebu/11200	meta-llama/Llama-3.2-1B-Instruct	schema	10	False	False	100	False	None	1738525082	data/d0t/dot_2	meta-llama/Llama-3.2-1B-Instruct	states	None	None	None	None	None	None	None	None	None	None	None
data/multiwoz24/dev_dials.json	5	RogueObiWan_tebu/10900	meta-llama/Llama-3.2-1B-Instruct	schema	10	False	False	100	False	None	1738524783	data/d0t/dot_2	meta-llama/Llama-3.2-1B-Instruct	states	None	None	None	None	None	None	None	None	None	None	None
data/multiwoz24/dev_dials.json	5	RogueObiWan_tebu/10600	meta-llama/Llama-3.2-1B-Instruct	schema	10	False	False	100	False	None	1738524486	data/d0t/dot_2	meta-llama/Llama-3.2-1B-Instruct	states	None	None	None	None	None	None	None	None	None	None	None
data/multiwoz24/dev_dials.json	5	AudaciousCerea_tebu/2800	meta-llama/Llama-3.1-8B-Instruct	schema	10	False	False	100	False	None	1738524391	data/d0t/dot_2	meta-llama/Llama-3.1-8B-Instruct	states	None	None	None	None	None	None	None	None	None	None	None
data/multiwoz24/dev_dials.json	5	RogueObiWan_tebu/10300	meta-llama/Llama-3.2-1B-Instruct	schema	10	False	False	100	False	None	1738524188	data/d0t/dot_2	meta-llama/Llama-3.2-1B-Instruct	states	None	None	None	None	None	None	None	None	None	None	None
data/multiwoz24/dev_dials.json	5	RogueObiWan_tebu/10000	meta-llama/Llama-3.2-1B-Instruct	schema	10	False	False	100	False	None	1738523890	data/d0t/dot_2	meta-llama/Llama-3.2-1B-Instruct	states	None	None	None	None	None	None	None	None	None	None	None
data/multiwoz24/dev_dials.json	5	RogueObiWan_tebu/9700	meta-llama/Llama-3.2-1B-Instruct	schema	10	False	False	100	False	None	1738523593	data/d0t/dot_2	meta-llama/Llama-3.2-1B-Instruct	states	None	None	None	None	None	None	None	None	None	None	None
data/multiwoz24/dev_dials.json	5	AudaciousCerea_tebu/2500	meta-llama/Llama-3.1-8B-Instruct	schema	10	False	False	100	False	None	1738523316	data/d0t/dot_2	meta-llama/Llama-3.1-8B-Instruct	states	None	None	None	None	None	None	None	None	None	None	None
data/multiwoz24/dev_dials.json	5	RogueObiWan_tebu/9400	meta-llama/Llama-3.2-1B-Instruct	schema	10	False	False	100	False	None	1738523295	data/d0t/dot_2	meta-llama/Llama-3.2-1B-Instruct	states	None	None	None	None	None	None	None	None	None	None	None
data/multiwoz24/dev_dials.json	5	RogueObiWan_tebu/9100	meta-llama/Llama-3.2-1B-Instruct	schema	10	False	False	100	False	None	1738522998	data/d0t/dot_2	meta-llama/Llama-3.2-1B-Instruct	states	None	None	None	None	None	None	None	None	None	None	None
data/multiwoz24/dev_dials.json	5	RogueObiWan_tebu/8800	meta-llama/Llama-3.2-1B-Instruct	schema	10	False	False	100	False	None	1738522700	data/d0t/dot_2	meta-llama/Llama-3.2-1B-Instruct	states	None	None	None	None	None	None	None	None	None	None	None
data/multiwoz24/dev_dials.json	5	RogueObiWan_tebu/8500	meta-llama/Llama-3.2-1B-Instruct	schema	10	False	False	100	False	None	1738522402	data/d0t/dot_2	meta-llama/Llama-3.2-1B-Instruct	states	None	None	None	None	None	None	None	None	None	None	None
data/multiwoz24/dev_dials.json	5	AudaciousCerea_tebu/2200	meta-llama/Llama-3.1-8B-Instruct	schema	10	False	False	100	False	None	1738522244	data/d0t/dot_2	meta-llama/Llama-3.1-8B-Instruct	states	None	None	None	None	None	None	None	None	None	None	None
data/multiwoz24/dev_dials.json	5	RogueObiWan_tebu/8200	meta-llama/Llama-3.2-1B-Instruct	schema	10	False	False	100	False	None	1738522104	data/d0t/dot_2	meta-llama/Llama-3.2-1B-Instruct	states	None	None	None	None	None	None	None	None	None	None	None
data/multiwoz24/dev_dials.json	5	RogueObiWan_tebu/7900	meta-llama/Llama-3.2-1B-Instruct	schema	10	False	False	100	False	None	1738521806	data/d0t/dot_2	meta-llama/Llama-3.2-1B-Instruct	states	None	None	None	None	None	None	None	None	None	None	None
data/multiwoz24/dev_dials.json	5	RogueObiWan_tebu/7600	meta-llama/Llama-3.2-1B-Instruct	schema	10	False	False	100	False	None	1738521507	data/d0t/dot_2	meta-llama/Llama-3.2-1B-Instruct	states	None	None	None	None	None	None	None	None	None	None	None
data/multiwoz24/dev_dials.json	5	RogueObiWan_tebu/7300	meta-llama/Llama-3.2-1B-Instruct	schema	10	False	False	100	False	None	1738521209	data/d0t/dot_2	meta-llama/Llama-3.2-1B-Instruct	states	None	None	None	None	None	None	None	None	None	None	None
data/multiwoz24/dev_dials.json	5	AudaciousCerea_tebu/1900	meta-llama/Llama-3.1-8B-Instruct	schema	10	False	False	100	False	None	1738521179	data/d0t/dot_2	meta-llama/Llama-3.1-8B-Instruct	states	None	None	None	None	None	None	None	None	None	None	None
data/multiwoz24/dev_dials.json	5	RogueObiWan_tebu/7000	meta-llama/Llama-3.2-1B-Instruct	schema	10	False	False	100	False	None	1738520912	data/d0t/dot_2	meta-llama/Llama-3.2-1B-Instruct	states	None	None	None	None	None	None	None	None	None	None	None
data/multiwoz24/dev_dials.json	5	RogueObiWan_tebu/6700	meta-llama/Llama-3.2-1B-Instruct	schema	10	False	False	100	False	None	1738520614	data/d0t/dot_2	meta-llama/Llama-3.2-1B-Instruct	states	None	None	None	None	None	None	None	None	None	None	None
data/multiwoz24/dev_dials.json	5	RogueObiWan_tebu/6400	meta-llama/Llama-3.2-1B-Instruct	schema	10	False	False	100	False	None	1738520317	data/d0t/dot_2	meta-llama/Llama-3.2-1B-Instruct	states	None	None	None	None	None	None	None	None	None	None	None
data/multiwoz24/dev_dials.json	5	AudaciousCerea_tebu/1600	meta-llama/Llama-3.1-8B-Instruct	schema	10	False	False	100	False	None	1738520105	data/d0t/dot_2	meta-llama/Llama-3.1-8B-Instruct	states	None	None	None	None	None	None	None	None	None	None	None
data/multiwoz24/dev_dials.json	5	RogueObiWan_tebu/6100	meta-llama/Llama-3.2-1B-Instruct	schema	10	False	False	100	False	None	1738520020	data/d0t/dot_2	meta-llama/Llama-3.2-1B-Instruct	states	None	None	None	None	None	None	None	None	None	None	None
data/multiwoz24/dev_dials.json	5	RogueObiWan_tebu/5800	meta-llama/Llama-3.2-1B-Instruct	schema	10	False	False	100	False	None	1738519722	data/d0t/dot_2	meta-llama/Llama-3.2-1B-Instruct	states	None	None	None	None	None	None	None	None	None	None	None
data/multiwoz24/dev_dials.json	5	RogueObiWan_tebu/5500	meta-llama/Llama-3.2-1B-Instruct	schema	10	False	False	100	False	None	1738519425	data/d0t/dot_2	meta-llama/Llama-3.2-1B-Instruct	states	None	None	None	None	None	None	None	None	None	None	None
data/multiwoz24/dev_dials.json	5	RogueObiWan_tebu/5200	meta-llama/Llama-3.2-1B-Instruct	schema	10	False	False	100	False	None	1738519126	data/d0t/dot_2	meta-llama/Llama-3.2-1B-Instruct	states	None	None	None	None	None	None	None	None	None	None	None
data/multiwoz24/dev_dials.json	5	AudaciousCerea_tebu/1300	meta-llama/Llama-3.1-8B-Instruct	schema	10	False	False	100	False	None	1738519032	data/d0t/dot_2	meta-llama/Llama-3.1-8B-Instruct	states	None	None	None	None	None	None	None	None	None	None	None
data/multiwoz24/dev_dials.json	5	RogueObiWan_tebu/4900	meta-llama/Llama-3.2-1B-Instruct	schema	10	False	False	100	False	None	1738518831	data/d0t/dot_2	meta-llama/Llama-3.2-1B-Instruct	states	None	None	None	None	None	None	None	None	None	None	None
data/multiwoz24/dev_dials.json	5	RogueObiWan_tebu/4600	meta-llama/Llama-3.2-1B-Instruct	schema	10	False	False	100	False	None	1738518533	data/d0t/dot_2	meta-llama/Llama-3.2-1B-Instruct	states	None	None	None	None	None	None	None	None	None	None	None
data/multiwoz24/dev_dials.json	5	RogueObiWan_tebu/4300	meta-llama/Llama-3.2-1B-Instruct	schema	10	False	False	100	False	None	1738518235	data/d0t/dot_2	meta-llama/Llama-3.2-1B-Instruct	states	None	None	None	None	None	None	None	None	None	None	None
data/multiwoz24/dev_dials.json	5	AudaciousCerea_tebu/1000	meta-llama/Llama-3.1-8B-Instruct	schema	10	False	False	100	False	None	1738517955	data/d0t/dot_2	meta-llama/Llama-3.1-8B-Instruct	states	None	None	None	None	None	None	None	None	None	None	None
data/multiwoz24/dev_dials.json	5	RogueObiWan_tebu/4000	meta-llama/Llama-3.2-1B-Instruct	schema	10	False	False	100	False	None	1738517938	data/d0t/dot_2	meta-llama/Llama-3.2-1B-Instruct	states	None	None	None	None	None	None	None	None	None	None	None
data/multiwoz24/dev_dials.json	5	RogueObiWan_tebu/3700	meta-llama/Llama-3.2-1B-Instruct	schema	10	False	False	100	False	None	1738517640	data/d0t/dot_2	meta-llama/Llama-3.2-1B-Instruct	states	None	None	None	None	None	None	None	None	None	None	None
data/multiwoz24/dev_dials.json	5	AudaciousCerea_tebu/900	meta-llama/Llama-3.1-8B-Instruct	schema	10	False	False	100	False	None	1738517551	data/d0t/dot_2	meta-llama/Llama-3.1-8B-Instruct	states	None	None	None	None	None	None	None	None	None	None	None
data/multiwoz24/dev_dials.json	5	RogueObiWan_tebu/3400	meta-llama/Llama-3.2-1B-Instruct	schema	10	False	False	100	False	None	1738517343	data/d0t/dot_2	meta-llama/Llama-3.2-1B-Instruct	states	None	None	None	None	None	None	None	None	None	None	None
data/multiwoz24/dev_dials.json	5	AudaciousCerea_tebu/800	meta-llama/Llama-3.1-8B-Instruct	schema	10	False	False	100	False	None	1738517145	data/d0t/dot_2	meta-llama/Llama-3.1-8B-Instruct	states	None	None	None	None	None	None	None	None	None	None	None
data/multiwoz24/dev_dials.json	5	RogueObiWan_tebu/3100	meta-llama/Llama-3.2-1B-Instruct	schema	10	False	False	100	False	None	1738517046	data/d0t/dot_2	meta-llama/Llama-3.2-1B-Instruct	states	None	None	None	None	None	None	None	None	None	None	None
data/multiwoz24/dev_dials.json	5	RogueObiWan_tebu/2800	meta-llama/Llama-3.2-1B-Instruct	schema	10	False	False	100	False	None	1738516747	data/d0t/dot_2	meta-llama/Llama-3.2-1B-Instruct	states	None	None	None	None	None	None	None	None	None	None	None
data/multiwoz24/dev_dials.json	5	AudaciousCerea_tebu/700	meta-llama/Llama-3.1-8B-Instruct	schema	10	False	False	100	False	None	1738516738	data/d0t/dot_2	meta-llama/Llama-3.1-8B-Instruct	states	None	None	None	None	None	None	None	None	None	None	None
data/multiwoz24/dev_dials.json	5	RogueObiWan_tebu/2500	meta-llama/Llama-3.2-1B-Instruct	schema	10	False	False	100	False	None	1738516450	data/d0t/dot_2	meta-llama/Llama-3.2-1B-Instruct	states	None	None	None	None	None	None	None	None	None	None	None
data/multiwoz24/dev_dials.json	5	AudaciousCerea_tebu/600	meta-llama/Llama-3.1-8B-Instruct	schema	10	False	False	100	False	None	1738516329	data/d0t/dot_2	meta-llama/Llama-3.1-8B-Instruct	states	None	None	None	None	None	None	None	None	None	None	None
data/multiwoz24/dev_dials.json	5	RogueObiWan_tebu/2200	meta-llama/Llama-3.2-1B-Instruct	schema	10	False	False	100	False	None	1738516154	data/d0t/dot_2	meta-llama/Llama-3.2-1B-Instruct	states	None	None	None	None	None	None	None	None	None	None	None
data/multiwoz24/dev_dials.json	5	AudaciousCerea_tebu/500	meta-llama/Llama-3.1-8B-Instruct	schema	10	False	False	100	False	None	1738515924	data/d0t/dot_2	meta-llama/Llama-3.1-8B-Instruct	states	None	None	None	None	None	None	None	None	None	None	None
data/multiwoz24/dev_dials.json	5	RogueObiWan_tebu/1900	meta-llama/Llama-3.2-1B-Instruct	schema	10	False	False	100	False	None	1738515855	data/d0t/dot_2	meta-llama/Llama-3.2-1B-Instruct	states	None	None	None	None	None	None	None	None	None	None	None
data/multiwoz24/dev_dials.json	5	RogueObiWan_tebu/1600	meta-llama/Llama-3.2-1B-Instruct	schema	10	False	False	100	False	None	1738515557	data/d0t/dot_2	meta-llama/Llama-3.2-1B-Instruct	states	None	None	None	None	None	None	None	None	None	None	None
data/multiwoz24/dev_dials.json	5	AudaciousCerea_tebu/400	meta-llama/Llama-3.1-8B-Instruct	schema	10	False	False	100	False	None	1738515523	data/d0t/dot_2	meta-llama/Llama-3.1-8B-Instruct	states	None	None	None	None	None	None	None	None	None	None	None
data/multiwoz24/dev_dials.json	5	RogueObiWan_tebu/1300	meta-llama/Llama-3.2-1B-Instruct	schema	10	False	False	100	False	None	1738515260	data/d0t/dot_2	meta-llama/Llama-3.2-1B-Instruct	states	None	None	None	None	None	None	None	None	None	None	None
data/multiwoz24/dev_dials.json	5	AudaciousCerea_tebu/300	meta-llama/Llama-3.1-8B-Instruct	schema	10	False	False	100	False	None	1738515110	data/d0t/dot_2	meta-llama/Llama-3.1-8B-Instruct	states	None	None	None	None	None	None	None	None	None	None	None
data/multiwoz24/dev_dials.json	5	RogueObiWan_tebu/1000	meta-llama/Llama-3.2-1B-Instruct	schema	10	False	False	100	False	None	1738514962	data/d0t/dot_2	meta-llama/Llama-3.2-1B-Instruct	states	None	None	None	None	None	None	None	None	None	None	None
data/multiwoz24/dev_dials.json	5	AudaciousCerea_tebu/250	meta-llama/Llama-3.1-8B-Instruct	schema	10	False	False	100	False	None	1738514871	data/d0t/dot_2	meta-llama/Llama-3.1-8B-Instruct	states	None	None	None	None	None	None	None	None	None	None	None
data/multiwoz24/dev_dials.json	5	RogueObiWan_tebu/900	meta-llama/Llama-3.2-1B-Instruct	schema	10	False	False	100	False	None	1738514837	data/d0t/dot_2	meta-llama/Llama-3.2-1B-Instruct	states	None	None	None	None	None	None	None	None	None	None	None
data/multiwoz24/dev_dials.json	5	RogueObiWan_tebu/800	meta-llama/Llama-3.2-1B-Instruct	schema	10	False	False	100	False	None	1738514712	data/d0t/dot_2	meta-llama/Llama-3.2-1B-Instruct	states	None	None	None	None	None	None	None	None	None	None	None
data/multiwoz24/dev_dials.json	5	AudaciousCerea_tebu/200	meta-llama/Llama-3.1-8B-Instruct	schema	10	False	False	100	False	None	1738514627	data/d0t/dot_2	meta-llama/Llama-3.1-8B-Instruct	states	None	None	None	None	None	None	None	None	None	None	None
data/multiwoz24/dev_dials.json	5	RogueObiWan_tebu/700	meta-llama/Llama-3.2-1B-Instruct	schema	10	False	False	100	False	None	1738514587	data/d0t/dot_2	meta-llama/Llama-3.2-1B-Instruct	states	None	None	None	None	None	None	None	None	None	None	None
data/multiwoz24/dev_dials.json	5	RogueObiWan_tebu/600	meta-llama/Llama-3.2-1B-Instruct	schema	10	False	False	100	False	None	1738514461	data/d0t/dot_2	meta-llama/Llama-3.2-1B-Instruct	states	None	None	None	None	None	None	None	None	None	None	None
data/multiwoz24/dev_dials.json	5	AudaciousCerea_tebu/150	meta-llama/Llama-3.1-8B-Instruct	schema	10	False	False	100	False	None	1738514385	data/d0t/dot_2	meta-llama/Llama-3.1-8B-Instruct	states	None	None	None	None	None	None	None	None	None	None	None
data/multiwoz24/dev_dials.json	5	RogueObiWan_tebu/500	meta-llama/Llama-3.2-1B-Instruct	schema	10	False	False	100	False	None	1738514337	data/d0t/dot_2	meta-llama/Llama-3.2-1B-Instruct	states	None	None	None	None	None	None	None	None	None	None	None
data/multiwoz24/dev_dials.json	5	RogueObiWan_tebu/400	meta-llama/Llama-3.2-1B-Instruct	schema	10	False	False	100	False	None	1738514213	data/d0t/dot_2	meta-llama/Llama-3.2-1B-Instruct	states	None	None	None	None	None	None	None	None	None	None	None
data/multiwoz24/dev_dials.json	5	AudaciousCerea_tebu/100	meta-llama/Llama-3.1-8B-Instruct	schema	10	False	False	100	False	None	1738514145	data/d0t/dot_2	meta-llama/Llama-3.1-8B-Instruct	states	None	None	None	None	None	None	None	None	None	None	None
data/multiwoz24/dev_dials.json	5	RogueObiWan_tebu/300	meta-llama/Llama-3.2-1B-Instruct	schema	10	False	False	100	False	None	1738514086	data/d0t/dot_2	meta-llama/Llama-3.2-1B-Instruct	states	None	None	None	None	None	None	None	None	None	None	None
data/multiwoz24/dev_dials.json	5	RogueObiWan_tebu/250	meta-llama/Llama-3.2-1B-Instruct	schema	10	False	False	100	False	None	1738514005	data/d0t/dot_2	meta-llama/Llama-3.2-1B-Instruct	states	None	None	None	None	None	None	None	None	None	None	None
data/multiwoz24/dev_dials.json	5	AudaciousCerea_tebu/75	meta-llama/Llama-3.1-8B-Instruct	schema	10	False	False	100	False	None	1738513987	data/d0t/dot_2	meta-llama/Llama-3.1-8B-Instruct	states	None	None	None	None	None	None	None	None	None	None	None
data/multiwoz24/dev_dials.json	5	RogueObiWan_tebu/200	meta-llama/Llama-3.2-1B-Instruct	schema	10	False	False	100	False	None	1738513923	data/d0t/dot_2	meta-llama/Llama-3.2-1B-Instruct	states	None	None	None	None	None	None	None	None	None	None	None
data/multiwoz24/dev_dials.json	5	RogueObiWan_tebu/150	meta-llama/Llama-3.2-1B-Instruct	schema	10	False	False	100	False	None	1738513843	data/d0t/dot_2	meta-llama/Llama-3.2-1B-Instruct	states	None	None	None	None	None	None	None	None	None	None	None
data/multiwoz24/dev_dials.json	5	AudaciousCerea_tebu/50	meta-llama/Llama-3.1-8B-Instruct	schema	10	False	False	100	False	None	1738513831	data/d0t/dot_2	meta-llama/Llama-3.1-8B-Instruct	states	None	None	None	None	None	None	None	None	None	None	None
data/multiwoz24/dev_dials.json	5	RogueObiWan_tebu/100	meta-llama/Llama-3.2-1B-Instruct	schema	10	False	False	100	False	None	1738513762	data/d0t/dot_2	meta-llama/Llama-3.2-1B-Instruct	states	None	None	None	None	None	None	None	None	None	None	None
data/multiwoz24/dev_dials.json	5	RogueObiWan_tebu/75	meta-llama/Llama-3.2-1B-Instruct	schema	10	False	False	100	False	None	1738513707	data/d0t/dot_2	meta-llama/Llama-3.2-1B-Instruct	states	None	None	None	None	None	None	None	None	None	None	None
data/multiwoz24/dev_dials.json	5	AudaciousCerea_tebu/25	meta-llama/Llama-3.1-8B-Instruct	schema	10	False	False	100	False	None	1738513700	data/d0t/dot_2	meta-llama/Llama-3.1-8B-Instruct	states	None	None	None	None	None	None	None	None	None	None	None
data/multiwoz24/dev_dials.json	5	RogueObiWan_tebu/50	meta-llama/Llama-3.2-1B-Instruct	schema	10	False	False	100	False	None	1738513659	data/d0t/dot_2	meta-llama/Llama-3.2-1B-Instruct	states	None	None	None	None	None	None	None	None	None	None	None
data/multiwoz24/dev_dials.json	5	RogueObiWan_tebu/25	meta-llama/Llama-3.2-1B-Instruct	schema	10	False	False	100	False	None	1738513615	data/d0t/dot_2	meta-llama/Llama-3.2-1B-Instruct	states	None	None	None	None	None	None	None	None	None	None	None
data/multiwoz24/dev_dials.json	5	RadiantThyferra_tebu/25	meta-llama/Llama-3.2-1B-Instruct	schema	10	False	False	100	False	None	1738511168	data/d0t/dot_2	meta-llama/Llama-3.2-1B-Instruct	states	None	None	None	None	None	None	None	None	None	None	None
data/multiwoz24/dev_dials.json	5	StellarIG11_tebu/11800	meta-llama/Llama-3.1-8B-Instruct	schema	10	False	False	100	False	None	1738507037	data/d0t/dot_2	meta-llama/Llama-3.1-8B-Instruct	states	None	None	None	None	None	None	None	None	None	None	None
data/multiwoz24/dev_dials.json	5	AudaciousPlo_tebu/11800	meta-llama/Llama-3.1-8B-Instruct	schema	10	False	False	100	False	None	1738506974	data/d0t/dot_2	meta-llama/Llama-3.1-8B-Instruct	states	None	None	None	None	None	None	None	None	None	None	None
data/multiwoz24/dev_dials.json	5	StellarIG11_tebu/11500	meta-llama/Llama-3.1-8B-Instruct	schema	10	False	False	100	False	None	1738506111	data/d0t/dot_2	meta-llama/Llama-3.1-8B-Instruct	states	None	None	None	None	None	None	None	None	None	None	None
data/multiwoz24/dev_dials.json	5	AudaciousPlo_tebu/11500	meta-llama/Llama-3.1-8B-Instruct	schema	10	False	False	100	False	None	1738506060	data/d0t/dot_2	meta-llama/Llama-3.1-8B-Instruct	states	None	None	None	None	None	None	None	None	None	None	None
data/multiwoz24/dev_dials.json	5	UnconquerableKiAdi_tebu/11800	meta-llama/Llama-3.1-8B-Instruct	schema	10	False	False	100	False	None	1738505472	data/d0t/dot_2	meta-llama/Llama-3.1-8B-Instruct	states	None	None	None	None	None	None	None	None	None	None	None
data/multiwoz24/dev_dials.json	5	StellarIG11_tebu/11200	meta-llama/Llama-3.1-8B-Instruct	schema	10	False	False	100	False	None	1738505226	data/d0t/dot_2	meta-llama/Llama-3.1-8B-Instruct	states	None	None	None	None	None	None	None	None	None	None	None
data/multiwoz24/dev_dials.json	5	AudaciousPlo_tebu/11200	meta-llama/Llama-3.1-8B-Instruct	schema	10	False	False	100	False	None	1738505181	data/d0t/dot_2	meta-llama/Llama-3.1-8B-Instruct	states	None	None	None	None	None	None	None	None	None	None	None
data/multiwoz24/dev_dials.json	5	UnchartedOssus_tebu/11800	meta-llama/Llama-3.1-8B-Instruct	schema	10	False	False	100	False	None	1738504912	data/d0t/dot_2	meta-llama/Llama-3.1-8B-Instruct	states	None	None	None	None	None	None	None	None	None	None	None
data/multiwoz24/dev_dials.json	5	UnconquerableKiAdi_tebu/11500	meta-llama/Llama-3.1-8B-Instruct	schema	10	False	False	100	False	None	1738504505	data/d0t/dot_2	meta-llama/Llama-3.1-8B-Instruct	states	None	None	None	None	None	None	None	None	None	None	None
data/multiwoz24/dev_dials.json	5	StellarIG11_tebu/10900	meta-llama/Llama-3.1-8B-Instruct	schema	10	False	False	100	False	None	1738504345	data/d0t/dot_2	meta-llama/Llama-3.1-8B-Instruct	states	None	None	None	None	None	None	None	None	None	None	None
data/multiwoz24/dev_dials.json	5	AudaciousPlo_tebu/10900	meta-llama/Llama-3.1-8B-Instruct	schema	10	False	False	100	False	None	1738504303	data/d0t/dot_2	meta-llama/Llama-3.1-8B-Instruct	states	None	None	None	None	None	None	None	None	None	None	None
data/multiwoz24/dev_dials.json	5	UnchartedOssus_tebu/11500	meta-llama/Llama-3.1-8B-Instruct	schema	10	False	False	100	False	None	1738504000	data/d0t/dot_2	meta-llama/Llama-3.1-8B-Instruct	states	None	None	None	None	None	None	None	None	None	None	None
data/multiwoz24/dev_dials.json	5	UnconquerableKiAdi_tebu/11200	meta-llama/Llama-3.1-8B-Instruct	schema	10	False	False	100	False	None	1738503621	data/d0t/dot_2	meta-llama/Llama-3.1-8B-Instruct	states	None	None	None	None	None	None	None	None	None	None	None
data/multiwoz24/dev_dials.json	5	StellarIG11_tebu/10600	meta-llama/Llama-3.1-8B-Instruct	schema	10	False	False	100	False	None	1738503457	data/d0t/dot_2	meta-llama/Llama-3.1-8B-Instruct	states	None	None	None	None	None	None	None	None	None	None	None
data/multiwoz24/dev_dials.json	5	AudaciousPlo_tebu/10600	meta-llama/Llama-3.1-8B-Instruct	schema	10	False	False	100	False	None	1738503422	data/d0t/dot_2	meta-llama/Llama-3.1-8B-Instruct	states	None	None	None	None	None	None	None	None	None	None	None
data/multiwoz24/dev_dials.json	5	UnchartedOssus_tebu/11200	meta-llama/Llama-3.1-8B-Instruct	schema	10	False	False	100	False	None	1738503105	data/d0t/dot_2	meta-llama/Llama-3.1-8B-Instruct	states	None	None	None	None	None	None	None	None	None	None	None
data/multiwoz24/dev_dials.json	5	UnconquerableKiAdi_tebu/10900	meta-llama/Llama-3.1-8B-Instruct	schema	10	False	False	100	False	None	1738502753	data/d0t/dot_2	meta-llama/Llama-3.1-8B-Instruct	states	None	None	None	None	None	None	None	None	None	None	None
data/multiwoz24/dev_dials.json	5	StellarIG11_tebu/10300	meta-llama/Llama-3.1-8B-Instruct	schema	10	False	False	100	False	None	1738502571	data/d0t/dot_2	meta-llama/Llama-3.1-8B-Instruct	states	None	None	None	None	None	None	None	None	None	None	None
data/multiwoz24/dev_dials.json	5	AudaciousPlo_tebu/10300	meta-llama/Llama-3.1-8B-Instruct	schema	10	False	False	100	False	None	1738502545	data/d0t/dot_2	meta-llama/Llama-3.1-8B-Instruct	states	None	None	None	None	None	None	None	None	None	None	None
data/multiwoz24/dev_dials.json	5	UnchartedOssus_tebu/10900	meta-llama/Llama-3.1-8B-Instruct	schema	10	False	False	100	False	None	1738502229	data/d0t/dot_2	meta-llama/Llama-3.1-8B-Instruct	states	None	None	None	None	None	None	None	None	None	None	None
data/multiwoz24/dev_dials.json	5	UnconquerableKiAdi_tebu/10600	meta-llama/Llama-3.1-8B-Instruct	schema	10	False	False	100	False	None	1738501873	data/d0t/dot_2	meta-llama/Llama-3.1-8B-Instruct	states	None	None	None	None	None	None	None	None	None	None	None
data/multiwoz24/dev_dials.json	5	StellarIG11_tebu/10000	meta-llama/Llama-3.1-8B-Instruct	schema	10	False	False	100	False	None	1738501683	data/d0t/dot_2	meta-llama/Llama-3.1-8B-Instruct	states	None	None	None	None	None	None	None	None	None	None	None
data/multiwoz24/dev_dials.json	5	AudaciousPlo_tebu/10000	meta-llama/Llama-3.1-8B-Instruct	schema	10	False	False	100	False	None	1738501666	data/d0t/dot_2	meta-llama/Llama-3.1-8B-Instruct	states	None	None	None	None	None	None	None	None	None	None	None
data/multiwoz24/dev_dials.json	5	UnchartedOssus_tebu/10600	meta-llama/Llama-3.1-8B-Instruct	schema	10	False	False	100	False	None	1738501351	data/d0t/dot_2	meta-llama/Llama-3.1-8B-Instruct	states	None	None	None	None	None	None	None	None	None	None	None
data/multiwoz24/dev_dials.json	5	UnconquerableKiAdi_tebu/10300	meta-llama/Llama-3.1-8B-Instruct	schema	10	False	False	100	False	None	1738500990	data/d0t/dot_2	meta-llama/Llama-3.1-8B-Instruct	states	None	None	None	None	None	None	None	None	None	None	None
data/multiwoz24/dev_dials.json	5	StellarIG11_tebu/9700	meta-llama/Llama-3.1-8B-Instruct	schema	10	False	False	100	False	None	1738500787	data/d0t/dot_2	meta-llama/Llama-3.1-8B-Instruct	states	None	None	None	None	None	None	None	None	None	None	None
data/multiwoz24/dev_dials.json	5	AudaciousPlo_tebu/9700	meta-llama/Llama-3.1-8B-Instruct	schema	10	False	False	100	False	None	1738500783	data/d0t/dot_2	meta-llama/Llama-3.1-8B-Instruct	states	None	None	None	None	None	None	None	None	None	None	None
data/multiwoz24/dev_dials.json	5	UnchartedOssus_tebu/10300	meta-llama/Llama-3.1-8B-Instruct	schema	10	False	False	100	False	None	1738500477	data/d0t/dot_2	meta-llama/Llama-3.1-8B-Instruct	states	None	None	None	None	None	None	None	None	None	None	None
data/multiwoz24/dev_dials.json	5	UnconquerableKiAdi_tebu/10000	meta-llama/Llama-3.1-8B-Instruct	schema	10	False	False	100	False	None	1738500110	data/d0t/dot_2	meta-llama/Llama-3.1-8B-Instruct	states	None	None	None	None	None	None	None	None	None	None	None
data/multiwoz24/dev_dials.json	5	AudaciousPlo_tebu/9400	meta-llama/Llama-3.1-8B-Instruct	schema	10	False	False	100	False	None	1738499908	data/d0t/dot_2	meta-llama/Llama-3.1-8B-Instruct	states	None	None	None	None	None	None	None	None	None	None	None
data/multiwoz24/dev_dials.json	5	StellarIG11_tebu/9400	meta-llama/Llama-3.1-8B-Instruct	schema	10	False	False	100	False	None	1738499905	data/d0t/dot_2	meta-llama/Llama-3.1-8B-Instruct	states	None	None	None	None	None	None	None	None	None	None	None
data/multiwoz24/dev_dials.json	5	UnchartedOssus_tebu/10000	meta-llama/Llama-3.1-8B-Instruct	schema	10	False	False	100	False	None	1738499591	data/d0t/dot_2	meta-llama/Llama-3.1-8B-Instruct	states	None	None	None	None	None	None	None	None	None	None	None
data/multiwoz24/dev_dials.json	5	UnconquerableKiAdi_tebu/9700	meta-llama/Llama-3.1-8B-Instruct	schema	10	False	False	100	False	None	1738499225	data/d0t/dot_2	meta-llama/Llama-3.1-8B-Instruct	states	None	None	None	None	None	None	None	None	None	None	None
data/multiwoz24/dev_dials.json	5	AudaciousPlo_tebu/9100	meta-llama/Llama-3.1-8B-Instruct	schema	10	False	False	100	False	None	1738499028	data/d0t/dot_2	meta-llama/Llama-3.1-8B-Instruct	states	None	None	None	None	None	None	None	None	None	None	None
data/multiwoz24/dev_dials.json	5	StellarIG11_tebu/9100	meta-llama/Llama-3.1-8B-Instruct	schema	10	False	False	100	False	None	1738499015	data/d0t/dot_2	meta-llama/Llama-3.1-8B-Instruct	states	None	None	None	None	None	None	None	None	None	None	None
data/multiwoz24/dev_dials.json	5	UnchartedOssus_tebu/9700	meta-llama/Llama-3.1-8B-Instruct	schema	10	False	False	100	False	None	1738498711	data/d0t/dot_2	meta-llama/Llama-3.1-8B-Instruct	states	None	None	None	None	None	None	None	None	None	None	None
data/multiwoz24/dev_dials.json	5	UnconquerableKiAdi_tebu/9400	meta-llama/Llama-3.1-8B-Instruct	schema	10	False	False	100	False	None	1738498349	data/d0t/dot_2	meta-llama/Llama-3.1-8B-Instruct	states	None	None	None	None	None	None	None	None	None	None	None
data/multiwoz24/dev_dials.json	5	AudaciousPlo_tebu/8800	meta-llama/Llama-3.1-8B-Instruct	schema	10	False	False	100	False	None	1738498149	data/d0t/dot_2	meta-llama/Llama-3.1-8B-Instruct	states	None	None	None	None	None	None	None	None	None	None	None
data/multiwoz24/dev_dials.json	5	StellarIG11_tebu/8800	meta-llama/Llama-3.1-8B-Instruct	schema	10	False	False	100	False	None	1738498127	data/d0t/dot_2	meta-llama/Llama-3.1-8B-Instruct	states	None	None	None	None	None	None	None	None	None	None	None
data/multiwoz24/dev_dials.json	5	UnchartedOssus_tebu/9400	meta-llama/Llama-3.1-8B-Instruct	schema	10	False	False	100	False	None	1738497827	data/d0t/dot_2	meta-llama/Llama-3.1-8B-Instruct	states	None	None	None	None	None	None	None	None	None	None	None
data/multiwoz24/dev_dials.json	5	UnconquerableKiAdi_tebu/9100	meta-llama/Llama-3.1-8B-Instruct	schema	10	False	False	100	False	None	1738497464	data/d0t/dot_2	meta-llama/Llama-3.1-8B-Instruct	states	None	None	None	None	None	None	None	None	None	None	None
data/multiwoz24/dev_dials.json	5	AudaciousPlo_tebu/8500	meta-llama/Llama-3.1-8B-Instruct	schema	10	False	False	100	False	None	1738497270	data/d0t/dot_2	meta-llama/Llama-3.1-8B-Instruct	states	None	None	None	None	None	None	None	None	None	None	None
data/multiwoz24/dev_dials.json	5	StellarIG11_tebu/8500	meta-llama/Llama-3.1-8B-Instruct	schema	10	False	False	100	False	None	1738497234	data/d0t/dot_2	meta-llama/Llama-3.1-8B-Instruct	states	None	None	None	None	None	None	None	None	None	None	None
data/multiwoz24/dev_dials.json	5	UnchartedOssus_tebu/9100	meta-llama/Llama-3.1-8B-Instruct	schema	10	False	False	100	False	None	1738496947	data/d0t/dot_2	meta-llama/Llama-3.1-8B-Instruct	states	None	None	None	None	None	None	None	None	None	None	None
data/multiwoz24/dev_dials.json	5	UnconquerableKiAdi_tebu/8800	meta-llama/Llama-3.1-8B-Instruct	schema	10	False	False	100	False	None	1738496565	data/d0t/dot_2	meta-llama/Llama-3.1-8B-Instruct	states	None	None	None	None	None	None	None	None	None	None	None
data/multiwoz24/dev_dials.json	5	AudaciousPlo_tebu/8200	meta-llama/Llama-3.1-8B-Instruct	schema	10	False	False	100	False	None	1738496384	data/d0t/dot_2	meta-llama/Llama-3.1-8B-Instruct	states	None	None	None	None	None	None	None	None	None	None	None
data/multiwoz24/dev_dials.json	5	StellarIG11_tebu/8200	meta-llama/Llama-3.1-8B-Instruct	schema	10	False	False	100	False	None	1738496348	data/d0t/dot_2	meta-llama/Llama-3.1-8B-Instruct	states	None	None	None	None	None	None	None	None	None	None	None
data/multiwoz24/dev_dials.json	5	UnchartedOssus_tebu/8800	meta-llama/Llama-3.1-8B-Instruct	schema	10	False	False	100	False	None	1738496050	data/d0t/dot_2	meta-llama/Llama-3.1-8B-Instruct	states	None	None	None	None	None	None	None	None	None	None	None
data/multiwoz24/dev_dials.json	5	UnconquerableKiAdi_tebu/8500	meta-llama/Llama-3.1-8B-Instruct	schema	10	False	False	100	False	None	1738495682	data/d0t/dot_2	meta-llama/Llama-3.1-8B-Instruct	states	None	None	None	None	None	None	None	None	None	None	None
data/multiwoz24/dev_dials.json	5	AudaciousPlo_tebu/7900	meta-llama/Llama-3.1-8B-Instruct	schema	10	False	False	100	False	None	1738495500	data/d0t/dot_2	meta-llama/Llama-3.1-8B-Instruct	states	None	None	None	None	None	None	None	None	None	None	None
data/multiwoz24/dev_dials.json	5	StellarIG11_tebu/7900	meta-llama/Llama-3.1-8B-Instruct	schema	10	False	False	100	False	None	1738495453	data/d0t/dot_2	meta-llama/Llama-3.1-8B-Instruct	states	None	None	None	None	None	None	None	None	None	None	None
data/multiwoz24/dev_dials.json	5	UnchartedOssus_tebu/8500	meta-llama/Llama-3.1-8B-Instruct	schema	10	False	False	100	False	None	1738495161	data/d0t/dot_2	meta-llama/Llama-3.1-8B-Instruct	states	None	None	None	None	None	None	None	None	None	None	None
data/multiwoz24/dev_dials.json	5	UnconquerableKiAdi_tebu/8200	meta-llama/Llama-3.1-8B-Instruct	schema	10	False	False	100	False	None	1738494803	data/d0t/dot_2	meta-llama/Llama-3.1-8B-Instruct	states	None	None	None	None	None	None	None	None	None	None	None
data/multiwoz24/dev_dials.json	5	AudaciousPlo_tebu/7600	meta-llama/Llama-3.1-8B-Instruct	schema	10	False	False	100	False	None	1738494620	data/d0t/dot_2	meta-llama/Llama-3.1-8B-Instruct	states	None	None	None	None	None	None	None	None	None	None	None
data/multiwoz24/dev_dials.json	5	StellarIG11_tebu/7600	meta-llama/Llama-3.1-8B-Instruct	schema	10	False	False	100	False	None	1738494569	data/d0t/dot_2	meta-llama/Llama-3.1-8B-Instruct	states	None	None	None	None	None	None	None	None	None	None	None
data/multiwoz24/dev_dials.json	5	UnchartedOssus_tebu/8200	meta-llama/Llama-3.1-8B-Instruct	schema	10	False	False	100	False	None	1738494290	data/d0t/dot_2	meta-llama/Llama-3.1-8B-Instruct	states	None	None	None	None	None	None	None	None	None	None	None
data/multiwoz24/dev_dials.json	5	UnconquerableKiAdi_tebu/7900	meta-llama/Llama-3.1-8B-Instruct	schema	10	False	False	100	False	None	1738493920	data/d0t/dot_2	meta-llama/Llama-3.1-8B-Instruct	states	None	None	None	None	None	None	None	None	None	None	None
data/multiwoz24/dev_dials.json	5	AudaciousPlo_tebu/7300	meta-llama/Llama-3.1-8B-Instruct	schema	10	False	False	100	False	None	1738493735	data/d0t/dot_2	meta-llama/Llama-3.1-8B-Instruct	states	None	None	None	None	None	None	None	None	None	None	None
data/multiwoz24/dev_dials.json	5	StellarIG11_tebu/7300	meta-llama/Llama-3.1-8B-Instruct	schema	10	False	False	100	False	None	1738493679	data/d0t/dot_2	meta-llama/Llama-3.1-8B-Instruct	states	None	None	None	None	None	None	None	None	None	None	None
data/multiwoz24/dev_dials.json	5	UnchartedOssus_tebu/7900	meta-llama/Llama-3.1-8B-Instruct	schema	10	False	False	100	False	None	1738493412	data/d0t/dot_2	meta-llama/Llama-3.1-8B-Instruct	states	None	None	None	None	None	None	None	None	None	None	None
data/multiwoz24/dev_dials.json	5	UnconquerableKiAdi_tebu/7600	meta-llama/Llama-3.1-8B-Instruct	schema	10	False	False	100	False	None	1738493047	data/d0t/dot_2	meta-llama/Llama-3.1-8B-Instruct	states	None	None	None	None	None	None	None	None	None	None	None
data/multiwoz24/dev_dials.json	5	AudaciousPlo_tebu/7000	meta-llama/Llama-3.1-8B-Instruct	schema	10	False	False	100	False	None	1738492847	data/d0t/dot_2	meta-llama/Llama-3.1-8B-Instruct	states	None	None	None	None	None	None	None	None	None	None	None
data/multiwoz24/dev_dials.json	5	StellarIG11_tebu/7000	meta-llama/Llama-3.1-8B-Instruct	schema	10	False	False	100	False	None	1738492783	data/d0t/dot_2	meta-llama/Llama-3.1-8B-Instruct	states	None	None	None	None	None	None	None	None	None	None	None
data/multiwoz24/dev_dials.json	5	UnchartedOssus_tebu/7600	meta-llama/Llama-3.1-8B-Instruct	schema	10	False	False	100	False	None	1738492534	data/d0t/dot_2	meta-llama/Llama-3.1-8B-Instruct	states	None	None	None	None	None	None	None	None	None	None	None
data/multiwoz24/dev_dials.json	5	UnconquerableKiAdi_tebu/7300	meta-llama/Llama-3.1-8B-Instruct	schema	10	False	False	100	False	None	1738492166	data/d0t/dot_2	meta-llama/Llama-3.1-8B-Instruct	states	None	None	None	None	None	None	None	None	None	None	None
data/multiwoz24/dev_dials.json	5	AudaciousPlo_tebu/6700	meta-llama/Llama-3.1-8B-Instruct	schema	10	False	False	100	False	None	1738491954	data/d0t/dot_2	meta-llama/Llama-3.1-8B-Instruct	states	None	None	None	None	None	None	None	None	None	None	None
data/multiwoz24/dev_dials.json	5	StellarIG11_tebu/6700	meta-llama/Llama-3.1-8B-Instruct	schema	10	False	False	100	False	None	1738491896	data/d0t/dot_2	meta-llama/Llama-3.1-8B-Instruct	states	None	None	None	None	None	None	None	None	None	None	None
data/multiwoz24/dev_dials.json	5	UnchartedOssus_tebu/7300	meta-llama/Llama-3.1-8B-Instruct	schema	10	False	False	100	False	None	1738491666	data/d0t/dot_2	meta-llama/Llama-3.1-8B-Instruct	states	None	None	None	None	None	None	None	None	None	None	None
data/multiwoz24/dev_dials.json	5	UnconquerableKiAdi_tebu/7000	meta-llama/Llama-3.1-8B-Instruct	schema	10	False	False	100	False	None	1738491287	data/d0t/dot_2	meta-llama/Llama-3.1-8B-Instruct	states	None	None	None	None	None	None	None	None	None	None	None
data/multiwoz24/dev_dials.json	5	AudaciousPlo_tebu/6400	meta-llama/Llama-3.1-8B-Instruct	schema	10	False	False	100	False	None	1738491066	data/d0t/dot_2	meta-llama/Llama-3.1-8B-Instruct	states	None	None	None	None	None	None	None	None	None	None	None
data/multiwoz24/dev_dials.json	5	StellarIG11_tebu/6400	meta-llama/Llama-3.1-8B-Instruct	schema	10	False	False	100	False	None	1738491001	data/d0t/dot_2	meta-llama/Llama-3.1-8B-Instruct	states	None	None	None	None	None	None	None	None	None	None	None
data/multiwoz24/dev_dials.json	5	UnchartedOssus_tebu/7000	meta-llama/Llama-3.1-8B-Instruct	schema	10	False	False	100	False	None	1738490792	data/d0t/dot_2	meta-llama/Llama-3.1-8B-Instruct	states	None	None	None	None	None	None	None	None	None	None	None
data/multiwoz24/dev_dials.json	5	UnconquerableKiAdi_tebu/6700	meta-llama/Llama-3.1-8B-Instruct	schema	10	False	False	100	False	None	1738490405	data/d0t/dot_2	meta-llama/Llama-3.1-8B-Instruct	states	None	None	None	None	None	None	None	None	None	None	None
data/multiwoz24/dev_dials.json	5	AudaciousPlo_tebu/6100	meta-llama/Llama-3.1-8B-Instruct	schema	10	False	False	100	False	None	1738490185	data/d0t/dot_2	meta-llama/Llama-3.1-8B-Instruct	states	None	None	None	None	None	None	None	None	None	None	None
data/multiwoz24/dev_dials.json	5	StellarIG11_tebu/6100	meta-llama/Llama-3.1-8B-Instruct	schema	10	False	False	100	False	None	1738490128	data/d0t/dot_2	meta-llama/Llama-3.1-8B-Instruct	states	None	None	None	None	None	None	None	None	None	None	None
data/multiwoz24/dev_dials.json	5	UnchartedOssus_tebu/6700	meta-llama/Llama-3.1-8B-Instruct	schema	10	False	False	100	False	None	1738489922	data/d0t/dot_2	meta-llama/Llama-3.1-8B-Instruct	states	None	None	None	None	None	None	None	None	None	None	None
data/multiwoz24/dev_dials.json	5	UnconquerableKiAdi_tebu/6400	meta-llama/Llama-3.1-8B-Instruct	schema	10	False	False	100	False	None	1738489531	data/d0t/dot_2	meta-llama/Llama-3.1-8B-Instruct	states	None	None	None	None	None	None	None	None	None	None	None
data/multiwoz24/dev_dials.json	5	AudaciousPlo_tebu/5800	meta-llama/Llama-3.1-8B-Instruct	schema	10	False	False	100	False	None	1738489311	data/d0t/dot_2	meta-llama/Llama-3.1-8B-Instruct	states	None	None	None	None	None	None	None	None	None	None	None
data/multiwoz24/dev_dials.json	5	StellarIG11_tebu/5800	meta-llama/Llama-3.1-8B-Instruct	schema	10	False	False	100	False	None	1738489259	data/d0t/dot_2	meta-llama/Llama-3.1-8B-Instruct	states	None	None	None	None	None	None	None	None	None	None	None
data/multiwoz24/dev_dials.json	5	UnchartedOssus_tebu/6400	meta-llama/Llama-3.1-8B-Instruct	schema	10	False	False	100	False	None	1738489040	data/d0t/dot_2	meta-llama/Llama-3.1-8B-Instruct	states	None	None	None	None	None	None	None	None	None	None	None
data/multiwoz24/dev_dials.json	5	UnconquerableKiAdi_tebu/6100	meta-llama/Llama-3.1-8B-Instruct	schema	10	False	False	100	False	None	1738488667	data/d0t/dot_2	meta-llama/Llama-3.1-8B-Instruct	states	None	None	None	None	None	None	None	None	None	None	None
data/multiwoz24/dev_dials.json	5	AudaciousPlo_tebu/5500	meta-llama/Llama-3.1-8B-Instruct	schema	10	False	False	100	False	None	1738488445	data/d0t/dot_2	meta-llama/Llama-3.1-8B-Instruct	states	None	None	None	None	None	None	None	None	None	None	None
data/multiwoz24/dev_dials.json	5	StellarIG11_tebu/5500	meta-llama/Llama-3.1-8B-Instruct	schema	10	False	False	100	False	None	1738488388	data/d0t/dot_2	meta-llama/Llama-3.1-8B-Instruct	states	None	None	None	None	None	None	None	None	None	None	None
data/multiwoz24/dev_dials.json	5	UnchartedOssus_tebu/6100	meta-llama/Llama-3.1-8B-Instruct	schema	10	False	False	100	False	None	1738488154	data/d0t/dot_2	meta-llama/Llama-3.1-8B-Instruct	states	None	None	None	None	None	None	None	None	None	None	None
data/multiwoz24/dev_dials.json	5	UnconquerableKiAdi_tebu/5800	meta-llama/Llama-3.1-8B-Instruct	schema	10	False	False	100	False	None	1738487793	data/d0t/dot_2	meta-llama/Llama-3.1-8B-Instruct	states	None	None	None	None	None	None	None	None	None	None	None
data/multiwoz24/dev_dials.json	5	AudaciousPlo_tebu/5200	meta-llama/Llama-3.1-8B-Instruct	schema	10	False	False	100	False	None	1738487565	data/d0t/dot_2	meta-llama/Llama-3.1-8B-Instruct	states	None	None	None	None	None	None	None	None	None	None	None
data/multiwoz24/dev_dials.json	5	StellarIG11_tebu/5200	meta-llama/Llama-3.1-8B-Instruct	schema	10	False	False	100	False	None	1738487518	data/d0t/dot_2	meta-llama/Llama-3.1-8B-Instruct	states	None	None	None	None	None	None	None	None	None	None	None
data/multiwoz24/dev_dials.json	5	UnchartedOssus_tebu/5800	meta-llama/Llama-3.1-8B-Instruct	schema	10	False	False	100	False	None	1738487293	data/d0t/dot_2	meta-llama/Llama-3.1-8B-Instruct	states	None	None	None	None	None	None	None	None	None	None	None
data/multiwoz24/dev_dials.json	5	UnconquerableKiAdi_tebu/5500	meta-llama/Llama-3.1-8B-Instruct	schema	10	False	False	100	False	None	1738486921	data/d0t/dot_2	meta-llama/Llama-3.1-8B-Instruct	states	None	None	None	None	None	None	None	None	None	None	None
data/multiwoz24/dev_dials.json	5	AudaciousPlo_tebu/4900	meta-llama/Llama-3.1-8B-Instruct	schema	10	False	False	100	False	None	1738486687	data/d0t/dot_2	meta-llama/Llama-3.1-8B-Instruct	states	None	None	None	None	None	None	None	None	None	None	None
data/multiwoz24/dev_dials.json	5	StellarIG11_tebu/4900	meta-llama/Llama-3.1-8B-Instruct	schema	10	False	False	100	False	None	1738486643	data/d0t/dot_2	meta-llama/Llama-3.1-8B-Instruct	states	None	None	None	None	None	None	None	None	None	None	None
data/multiwoz24/dev_dials.json	5	UnchartedOssus_tebu/5500	meta-llama/Llama-3.1-8B-Instruct	schema	10	False	False	100	False	None	1738486424	data/d0t/dot_2	meta-llama/Llama-3.1-8B-Instruct	states	None	None	None	None	None	None	None	None	None	None	None
data/multiwoz24/dev_dials.json	5	UnconquerableKiAdi_tebu/5200	meta-llama/Llama-3.1-8B-Instruct	schema	10	False	False	100	False	None	1738486048	data/d0t/dot_2	meta-llama/Llama-3.1-8B-Instruct	states	None	None	None	None	None	None	None	None	None	None	None
data/multiwoz24/dev_dials.json	5	AudaciousPlo_tebu/4600	meta-llama/Llama-3.1-8B-Instruct	schema	10	False	False	100	False	None	1738485797	data/d0t/dot_2	meta-llama/Llama-3.1-8B-Instruct	states	None	None	None	None	None	None	None	None	None	None	None
data/multiwoz24/dev_dials.json	5	StellarIG11_tebu/4600	meta-llama/Llama-3.1-8B-Instruct	schema	10	False	False	100	False	None	1738485773	data/d0t/dot_2	meta-llama/Llama-3.1-8B-Instruct	states	None	None	None	None	None	None	None	None	None	None	None
data/multiwoz24/dev_dials.json	5	UnchartedOssus_tebu/5200	meta-llama/Llama-3.1-8B-Instruct	schema	10	False	False	100	False	None	1738485539	data/d0t/dot_2	meta-llama/Llama-3.1-8B-Instruct	states	None	None	None	None	None	None	None	None	None	None	None
data/multiwoz24/dev_dials.json	5	UnconquerableKiAdi_tebu/4900	meta-llama/Llama-3.1-8B-Instruct	schema	10	False	False	100	False	None	1738485162	data/d0t/dot_2	meta-llama/Llama-3.1-8B-Instruct	states	None	None	None	None	None	None	None	None	None	None	None
data/multiwoz24/dev_dials.json	5	AudaciousPlo_tebu/4300	meta-llama/Llama-3.1-8B-Instruct	schema	10	False	False	100	False	None	1738484922	data/d0t/dot_2	meta-llama/Llama-3.1-8B-Instruct	states	None	None	None	None	None	None	None	None	None	None	None
data/multiwoz24/dev_dials.json	5	StellarIG11_tebu/4300	meta-llama/Llama-3.1-8B-Instruct	schema	10	False	False	100	False	None	1738484898	data/d0t/dot_2	meta-llama/Llama-3.1-8B-Instruct	states	None	None	None	None	None	None	None	None	None	None	None
data/multiwoz24/dev_dials.json	5	UnchartedOssus_tebu/4900	meta-llama/Llama-3.1-8B-Instruct	schema	10	False	False	100	False	None	1738484671	data/d0t/dot_2	meta-llama/Llama-3.1-8B-Instruct	states	None	None	None	None	None	None	None	None	None	None	None
data/multiwoz24/dev_dials.json	5	UnconquerableKiAdi_tebu/4600	meta-llama/Llama-3.1-8B-Instruct	schema	10	False	False	100	False	None	1738484286	data/d0t/dot_2	meta-llama/Llama-3.1-8B-Instruct	states	None	None	None	None	None	None	None	None	None	None	None
data/multiwoz24/dev_dials.json	5	AudaciousPlo_tebu/4000	meta-llama/Llama-3.1-8B-Instruct	schema	10	False	False	100	False	None	1738484045	data/d0t/dot_2	meta-llama/Llama-3.1-8B-Instruct	states	None	None	None	None	None	None	None	None	None	None	None
data/multiwoz24/dev_dials.json	5	StellarIG11_tebu/4000	meta-llama/Llama-3.1-8B-Instruct	schema	10	False	False	100	False	None	1738484012	data/d0t/dot_2	meta-llama/Llama-3.1-8B-Instruct	states	None	None	None	None	None	None	None	None	None	None	None
data/multiwoz24/dev_dials.json	5	UnchartedOssus_tebu/4600	meta-llama/Llama-3.1-8B-Instruct	schema	10	False	False	100	False	None	1738483788	data/d0t/dot_2	meta-llama/Llama-3.1-8B-Instruct	states	None	None	None	None	None	None	None	None	None	None	None
data/multiwoz24/dev_dials.json	5	UnconquerableKiAdi_tebu/4300	meta-llama/Llama-3.1-8B-Instruct	schema	10	False	False	100	False	None	1738483407	data/d0t/dot_2	meta-llama/Llama-3.1-8B-Instruct	states	None	None	None	None	None	None	None	None	None	None	None
data/multiwoz24/dev_dials.json	5	AudaciousPlo_tebu/3700	meta-llama/Llama-3.1-8B-Instruct	schema	10	False	False	100	False	None	1738483170	data/d0t/dot_2	meta-llama/Llama-3.1-8B-Instruct	states	None	None	None	None	None	None	None	None	None	None	None
data/multiwoz24/dev_dials.json	5	StellarIG11_tebu/3700	meta-llama/Llama-3.1-8B-Instruct	schema	10	False	False	100	False	None	1738483129	data/d0t/dot_2	meta-llama/Llama-3.1-8B-Instruct	states	None	None	None	None	None	None	None	None	None	None	None
data/multiwoz24/dev_dials.json	5	UnchartedOssus_tebu/4300	meta-llama/Llama-3.1-8B-Instruct	schema	10	False	False	100	False	None	1738482928	data/d0t/dot_2	meta-llama/Llama-3.1-8B-Instruct	states	None	None	None	None	None	None	None	None	None	None	None
data/multiwoz24/dev_dials.json	5	UnconquerableKiAdi_tebu/4000	meta-llama/Llama-3.1-8B-Instruct	schema	10	False	False	100	False	None	1738482517	data/d0t/dot_2	meta-llama/Llama-3.1-8B-Instruct	states	None	None	None	None	None	None	None	None	None	None	None
data/multiwoz24/dev_dials.json	5	AudaciousPlo_tebu/3400	meta-llama/Llama-3.1-8B-Instruct	schema	10	False	False	100	False	None	1738482280	data/d0t/dot_2	meta-llama/Llama-3.1-8B-Instruct	states	None	None	None	None	None	None	None	None	None	None	None
data/multiwoz24/dev_dials.json	5	StellarIG11_tebu/3400	meta-llama/Llama-3.1-8B-Instruct	schema	10	False	False	100	False	None	1738482250	data/d0t/dot_2	meta-llama/Llama-3.1-8B-Instruct	states	None	None	None	None	None	None	None	None	None	None	None
data/multiwoz24/dev_dials.json	5	UnchartedOssus_tebu/4000	meta-llama/Llama-3.1-8B-Instruct	schema	10	False	False	100	False	None	1738482050	data/d0t/dot_2	meta-llama/Llama-3.1-8B-Instruct	states	None	None	None	None	None	None	None	None	None	None	None
data/multiwoz24/dev_dials.json	5	UnconquerableKiAdi_tebu/3700	meta-llama/Llama-3.1-8B-Instruct	schema	10	False	False	100	False	None	1738481640	data/d0t/dot_2	meta-llama/Llama-3.1-8B-Instruct	states	None	None	None	None	None	None	None	None	None	None	None
data/multiwoz24/dev_dials.json	5	AudaciousPlo_tebu/3100	meta-llama/Llama-3.1-8B-Instruct	schema	10	False	False	100	False	None	1738481403	data/d0t/dot_2	meta-llama/Llama-3.1-8B-Instruct	states	None	None	None	None	None	None	None	None	None	None	None
data/multiwoz24/dev_dials.json	5	StellarIG11_tebu/3100	meta-llama/Llama-3.1-8B-Instruct	schema	10	False	False	100	False	None	1738481380	data/d0t/dot_2	meta-llama/Llama-3.1-8B-Instruct	states	None	None	None	None	None	None	None	None	None	None	None
data/multiwoz24/dev_dials.json	5	UnchartedOssus_tebu/3700	meta-llama/Llama-3.1-8B-Instruct	schema	10	False	False	100	False	None	1738481169	data/d0t/dot_2	meta-llama/Llama-3.1-8B-Instruct	states	None	None	None	None	None	None	None	None	None	None	None
data/multiwoz24/dev_dials.json	5	UnconquerableKiAdi_tebu/3400	meta-llama/Llama-3.1-8B-Instruct	schema	10	False	False	100	False	None	1738480755	data/d0t/dot_2	meta-llama/Llama-3.1-8B-Instruct	states	None	None	None	None	None	None	None	None	None	None	None
data/multiwoz24/dev_dials.json	5	AudaciousPlo_tebu/2800	meta-llama/Llama-3.1-8B-Instruct	schema	10	False	False	100	False	None	1738480519	data/d0t/dot_2	meta-llama/Llama-3.1-8B-Instruct	states	None	None	None	None	None	None	None	None	None	None	None
data/multiwoz24/dev_dials.json	5	StellarIG11_tebu/2800	meta-llama/Llama-3.1-8B-Instruct	schema	10	False	False	100	False	None	1738480511	data/d0t/dot_2	meta-llama/Llama-3.1-8B-Instruct	states	None	None	None	None	None	None	None	None	None	None	None
data/multiwoz24/dev_dials.json	5	UnchartedOssus_tebu/3400	meta-llama/Llama-3.1-8B-Instruct	schema	10	False	False	100	False	None	1738480277	data/d0t/dot_2	meta-llama/Llama-3.1-8B-Instruct	states	None	None	None	None	None	None	None	None	None	None	None
data/multiwoz24/dev_dials.json	5	UnconquerableKiAdi_tebu/3100	meta-llama/Llama-3.1-8B-Instruct	schema	10	False	False	100	False	None	1738479879	data/d0t/dot_2	meta-llama/Llama-3.1-8B-Instruct	states	None	None	None	None	None	None	None	None	None	None	None
data/multiwoz24/dev_dials.json	5	AudaciousPlo_tebu/2500	meta-llama/Llama-3.1-8B-Instruct	schema	10	False	False	100	False	None	1738479642	data/d0t/dot_2	meta-llama/Llama-3.1-8B-Instruct	states	None	None	None	None	None	None	None	None	None	None	None
data/multiwoz24/dev_dials.json	5	StellarIG11_tebu/2500	meta-llama/Llama-3.1-8B-Instruct	schema	10	False	False	100	False	None	1738479633	data/d0t/dot_2	meta-llama/Llama-3.1-8B-Instruct	states	None	None	None	None	None	None	None	None	None	None	None
data/multiwoz24/dev_dials.json	5	UnchartedOssus_tebu/3100	meta-llama/Llama-3.1-8B-Instruct	schema	10	False	False	100	False	None	1738479389	data/d0t/dot_2	meta-llama/Llama-3.1-8B-Instruct	states	None	None	None	None	None	None	None	None	None	None	None
data/multiwoz24/dev_dials.json	5	UnconquerableKiAdi_tebu/2800	meta-llama/Llama-3.1-8B-Instruct	schema	10	False	False	100	False	None	1738479003	data/d0t/dot_2	meta-llama/Llama-3.1-8B-Instruct	states	None	None	None	None	None	None	None	None	None	None	None
data/multiwoz24/dev_dials.json	5	AudaciousPlo_tebu/2200	meta-llama/Llama-3.1-8B-Instruct	schema	10	False	False	100	False	None	1738478763	data/d0t/dot_2	meta-llama/Llama-3.1-8B-Instruct	states	None	None	None	None	None	None	None	None	None	None	None
data/multiwoz24/dev_dials.json	5	StellarIG11_tebu/2200	meta-llama/Llama-3.1-8B-Instruct	schema	10	False	False	100	False	None	1738478738	data/d0t/dot_2	meta-llama/Llama-3.1-8B-Instruct	states	None	None	None	None	None	None	None	None	None	None	None
data/multiwoz24/dev_dials.json	5	UnchartedOssus_tebu/2800	meta-llama/Llama-3.1-8B-Instruct	schema	10	False	False	100	False	None	1738478512	data/d0t/dot_2	meta-llama/Llama-3.1-8B-Instruct	states	None	None	None	None	None	None	None	None	None	None	None
data/multiwoz24/dev_dials.json	5	UnconquerableKiAdi_tebu/2500	meta-llama/Llama-3.1-8B-Instruct	schema	10	False	False	100	False	None	1738478116	data/d0t/dot_2	meta-llama/Llama-3.1-8B-Instruct	states	None	None	None	None	None	None	None	None	None	None	None
data/multiwoz24/dev_dials.json	5	AudaciousPlo_tebu/1900	meta-llama/Llama-3.1-8B-Instruct	schema	10	False	False	100	False	None	1738477883	data/d0t/dot_2	meta-llama/Llama-3.1-8B-Instruct	states	None	None	None	None	None	None	None	None	None	None	None
data/multiwoz24/dev_dials.json	5	StellarIG11_tebu/1900	meta-llama/Llama-3.1-8B-Instruct	schema	10	False	False	100	False	None	1738477860	data/d0t/dot_2	meta-llama/Llama-3.1-8B-Instruct	states	None	None	None	None	None	None	None	None	None	None	None
data/multiwoz24/dev_dials.json	5	UnchartedOssus_tebu/2500	meta-llama/Llama-3.1-8B-Instruct	schema	10	False	False	100	False	None	1738477618	data/d0t/dot_2	meta-llama/Llama-3.1-8B-Instruct	states	None	None	None	None	None	None	None	None	None	None	None
data/multiwoz24/dev_dials.json	5	UnconquerableKiAdi_tebu/2200	meta-llama/Llama-3.1-8B-Instruct	schema	10	False	False	100	False	None	1738477231	data/d0t/dot_2	meta-llama/Llama-3.1-8B-Instruct	states	None	None	None	None	None	None	None	None	None	None	None
data/multiwoz24/dev_dials.json	5	AudaciousPlo_tebu/1600	meta-llama/Llama-3.1-8B-Instruct	schema	10	False	False	100	False	None	1738477006	data/d0t/dot_2	meta-llama/Llama-3.1-8B-Instruct	states	None	None	None	None	None	None	None	None	None	None	None
data/multiwoz24/dev_dials.json	5	StellarIG11_tebu/1600	meta-llama/Llama-3.1-8B-Instruct	schema	10	False	False	100	False	None	1738476990	data/d0t/dot_2	meta-llama/Llama-3.1-8B-Instruct	states	None	None	None	None	None	None	None	None	None	None	None
data/multiwoz24/dev_dials.json	5	UnchartedOssus_tebu/2200	meta-llama/Llama-3.1-8B-Instruct	schema	10	False	False	100	False	None	1738476733	data/d0t/dot_2	meta-llama/Llama-3.1-8B-Instruct	states	None	None	None	None	None	None	None	None	None	None	None
data/multiwoz24/dev_dials.json	5	UnconquerableKiAdi_tebu/1900	meta-llama/Llama-3.1-8B-Instruct	schema	10	False	False	100	False	None	1738476327	data/d0t/dot_2	meta-llama/Llama-3.1-8B-Instruct	states	None	None	None	None	None	None	None	None	None	None	None
data/multiwoz24/dev_dials.json	5	StellarIG11_tebu/1300	meta-llama/Llama-3.1-8B-Instruct	schema	10	False	False	100	False	None	1738476114	data/d0t/dot_2	meta-llama/Llama-3.1-8B-Instruct	states	None	None	None	None	None	None	None	None	None	None	None
data/multiwoz24/dev_dials.json	5	AudaciousPlo_tebu/1300	meta-llama/Llama-3.1-8B-Instruct	schema	10	False	False	100	False	None	1738476112	data/d0t/dot_2	meta-llama/Llama-3.1-8B-Instruct	states	None	None	None	None	None	None	None	None	None	None	None
data/multiwoz24/dev_dials.json	5	UnchartedOssus_tebu/1900	meta-llama/Llama-3.1-8B-Instruct	schema	10	False	False	100	False	None	1738475857	data/d0t/dot_2	meta-llama/Llama-3.1-8B-Instruct	states	None	None	None	None	None	None	None	None	None	None	None
data/multiwoz24/dev_dials.json	5	UnconquerableKiAdi_tebu/1600	meta-llama/Llama-3.1-8B-Instruct	schema	10	False	False	100	False	None	1738475454	data/d0t/dot_2	meta-llama/Llama-3.1-8B-Instruct	states	None	None	None	None	None	None	None	None	None	None	None
data/multiwoz24/dev_dials.json	5	StellarIG11_tebu/1000	meta-llama/Llama-3.1-8B-Instruct	schema	10	False	False	100	False	None	1738475245	data/d0t/dot_2	meta-llama/Llama-3.1-8B-Instruct	states	None	None	None	None	None	None	None	None	None	None	None
data/multiwoz24/dev_dials.json	5	AudaciousPlo_tebu/1000	meta-llama/Llama-3.1-8B-Instruct	schema	10	False	False	100	False	None	1738475219	data/d0t/dot_2	meta-llama/Llama-3.1-8B-Instruct	states	None	None	None	None	None	None	None	None	None	None	None
data/multiwoz24/dev_dials.json	5	UnchartedOssus_tebu/1600	meta-llama/Llama-3.1-8B-Instruct	schema	10	False	False	100	False	None	1738474966	data/d0t/dot_2	meta-llama/Llama-3.1-8B-Instruct	states	None	None	None	None	None	None	None	None	None	None	None
data/multiwoz24/dev_dials.json	5	StellarIG11_tebu/900	meta-llama/Llama-3.1-8B-Instruct	schema	10	False	False	100	False	None	1738474921	data/d0t/dot_2	meta-llama/Llama-3.1-8B-Instruct	states	None	None	None	None	None	None	None	None	None	None	None
data/multiwoz24/dev_dials.json	5	AudaciousPlo_tebu/900	meta-llama/Llama-3.1-8B-Instruct	schema	10	False	False	100	False	None	1738474901	data/d0t/dot_2	meta-llama/Llama-3.1-8B-Instruct	states	None	None	None	None	None	None	None	None	None	None	None
data/multiwoz24/dev_dials.json	5	UnforgettablePorg_tebu/11800	meta-llama/Llama-3.2-1B-Instruct	schema	10	False	False	100	False	None	1738474780	data/d0t/dot_2	meta-llama/Llama-3.2-3B-Instruct	states	None	None	None	None	None	None	None	None	None	None	None
data/multiwoz24/dev_dials.json	5	MesmerizingEndor_tebu/11800	meta-llama/Llama-3.2-1B-Instruct	schema	10	False	False	100	False	None	1738474764	data/d0t/dot_2	meta-llama/Llama-3.2-3B-Instruct	states	None	None	None	None	None	None	None	None	None	None	None
data/multiwoz24/dev_dials.json	5	StellarIG11_tebu/800	meta-llama/Llama-3.1-8B-Instruct	schema	10	False	False	100	False	None	1738474606	data/d0t/dot_2	meta-llama/Llama-3.1-8B-Instruct	states	None	None	None	None	None	None	None	None	None	None	None
data/multiwoz24/dev_dials.json	5	AudaciousPlo_tebu/800	meta-llama/Llama-3.1-8B-Instruct	schema	10	False	False	100	False	None	1738474582	data/d0t/dot_2	meta-llama/Llama-3.1-8B-Instruct	states	None	None	None	None	None	None	None	None	None	None	None
data/multiwoz24/dev_dials.json	5	UnconquerableKiAdi_tebu/1300	meta-llama/Llama-3.1-8B-Instruct	schema	10	False	False	100	False	None	1738474555	data/d0t/dot_2	meta-llama/Llama-3.1-8B-Instruct	states	None	None	None	None	None	None	None	None	None	None	None
data/multiwoz24/dev_dials.json	5	UnforgettablePorg_tebu/11500	meta-llama/Llama-3.2-1B-Instruct	schema	10	False	False	100	False	None	1738474505	data/d0t/dot_2	meta-llama/Llama-3.2-3B-Instruct	states	None	None	None	None	None	None	None	None	None	None	None
data/multiwoz24/dev_dials.json	5	MesmerizingEndor_tebu/11500	meta-llama/Llama-3.2-1B-Instruct	schema	10	False	False	100	False	None	1738474503	data/d0t/dot_2	meta-llama/Llama-3.2-3B-Instruct	states	None	None	None	None	None	None	None	None	None	None	None
data/multiwoz24/dev_dials.json	5	StellarIG11_tebu/700	meta-llama/Llama-3.1-8B-Instruct	schema	10	False	False	100	False	None	1738474294	data/d0t/dot_2	meta-llama/Llama-3.1-8B-Instruct	states	None	None	None	None	None	None	None	None	None	None	None
data/multiwoz24/dev_dials.json	5	MesmerizingEndor_tebu/11200	meta-llama/Llama-3.2-1B-Instruct	schema	10	False	False	100	False	None	1738474264	data/d0t/dot_2	meta-llama/Llama-3.2-3B-Instruct	states	None	None	None	None	None	None	None	None	None	None	None
data/multiwoz24/dev_dials.json	5	AudaciousPlo_tebu/700	meta-llama/Llama-3.1-8B-Instruct	schema	10	False	False	100	False	None	1738474264	data/d0t/dot_2	meta-llama/Llama-3.1-8B-Instruct	states	None	None	None	None	None	None	None	None	None	None	None
data/multiwoz24/dev_dials.json	5	UnforgettablePorg_tebu/11200	meta-llama/Llama-3.2-1B-Instruct	schema	10	False	False	100	False	None	1738474251	data/d0t/dot_2	meta-llama/Llama-3.2-3B-Instruct	states	None	None	None	None	None	None	None	None	None	None	None
data/multiwoz24/dev_dials.json	5	UnchartedOssus_tebu/1300	meta-llama/Llama-3.1-8B-Instruct	schema	10	False	False	100	False	None	1738474094	data/d0t/dot_2	meta-llama/Llama-3.1-8B-Instruct	states	None	None	None	None	None	None	None	None	None	None	None
data/multiwoz24/dev_dials.json	5	MesmerizingEndor_tebu/10900	meta-llama/Llama-3.2-1B-Instruct	schema	10	False	False	100	False	None	1738474021	data/d0t/dot_2	meta-llama/Llama-3.2-3B-Instruct	states	None	None	None	None	None	None	None	None	None	None	None
data/multiwoz24/dev_dials.json	5	UnforgettablePorg_tebu/10900	meta-llama/Llama-3.2-1B-Instruct	schema	10	False	False	100	False	None	1738473997	data/d0t/dot_2	meta-llama/Llama-3.2-3B-Instruct	states	None	None	None	None	None	None	None	None	None	None	None
data/multiwoz24/dev_dials.json	5	StellarIG11_tebu/600	meta-llama/Llama-3.1-8B-Instruct	schema	10	False	False	100	False	None	1738473954	data/d0t/dot_2	meta-llama/Llama-3.1-8B-Instruct	states	None	None	None	None	None	None	None	None	None	None	None
data/multiwoz24/dev_dials.json	5	AudaciousPlo_tebu/600	meta-llama/Llama-3.1-8B-Instruct	schema	10	False	False	100	False	None	1738473943	data/d0t/dot_2	meta-llama/Llama-3.1-8B-Instruct	states	None	None	None	None	None	None	None	None	None	None	None
data/multiwoz24/dev_dials.json	5	MesmerizingEndor_tebu/10600	meta-llama/Llama-3.2-1B-Instruct	schema	10	False	False	100	False	None	1738473777	data/d0t/dot_2	meta-llama/Llama-3.2-3B-Instruct	states	None	None	None	None	None	None	None	None	None	None	None
data/multiwoz24/dev_dials.json	5	UnforgettablePorg_tebu/10600	meta-llama/Llama-3.2-1B-Instruct	schema	10	False	False	100	False	None	1738473745	data/d0t/dot_2	meta-llama/Llama-3.2-3B-Instruct	states	None	None	None	None	None	None	None	None	None	None	None
data/multiwoz24/dev_dials.json	5	UnconquerableKiAdi_tebu/1000	meta-llama/Llama-3.1-8B-Instruct	schema	10	False	False	100	False	None	1738473642	data/d0t/dot_2	meta-llama/Llama-3.1-8B-Instruct	states	None	None	None	None	None	None	None	None	None	None	None
data/multiwoz24/dev_dials.json	5	AudaciousPlo_tebu/500	meta-llama/Llama-3.1-8B-Instruct	schema	10	False	False	100	False	None	1738473622	data/d0t/dot_2	meta-llama/Llama-3.1-8B-Instruct	states	None	None	None	None	None	None	None	None	None	None	None
data/multiwoz24/dev_dials.json	5	StellarIG11_tebu/500	meta-llama/Llama-3.1-8B-Instruct	schema	10	False	False	100	False	None	1738473613	data/d0t/dot_2	meta-llama/Llama-3.1-8B-Instruct	states	None	None	None	None	None	None	None	None	None	None	None
data/multiwoz24/dev_dials.json	5	MesmerizingEndor_tebu/10300	meta-llama/Llama-3.2-1B-Instruct	schema	10	False	False	100	False	None	1738473536	data/d0t/dot_2	meta-llama/Llama-3.2-3B-Instruct	states	None	None	None	None	None	None	None	None	None	None	None
data/multiwoz24/dev_dials.json	5	UnforgettablePorg_tebu/10300	meta-llama/Llama-3.2-1B-Instruct	schema	10	False	False	100	False	None	1738473490	data/d0t/dot_2	meta-llama/Llama-3.2-3B-Instruct	states	None	None	None	None	None	None	None	None	None	None	None
data/multiwoz24/dev_dials.json	5	MesmerizingEndor_tebu/10000	meta-llama/Llama-3.2-1B-Instruct	schema	10	False	False	100	False	None	1738473300	data/d0t/dot_2	meta-llama/Llama-3.2-3B-Instruct	states	None	None	None	None	None	None	None	None	None	None	None
data/multiwoz24/dev_dials.json	5	AudaciousPlo_tebu/400	meta-llama/Llama-3.1-8B-Instruct	schema	10	False	False	100	False	None	1738473298	data/d0t/dot_2	meta-llama/Llama-3.1-8B-Instruct	states	None	None	None	None	None	None	None	None	None	None	None
data/multiwoz24/dev_dials.json	5	StellarIG11_tebu/400	meta-llama/Llama-3.1-8B-Instruct	schema	10	False	False	100	False	None	1738473293	data/d0t/dot_2	meta-llama/Llama-3.1-8B-Instruct	states	None	None	None	None	None	None	None	None	None	None	None
data/multiwoz24/dev_dials.json	5	UnconquerableKiAdi_tebu/900	meta-llama/Llama-3.1-8B-Instruct	schema	10	False	False	100	False	None	1738473285	data/d0t/dot_2	meta-llama/Llama-3.1-8B-Instruct	states	None	None	None	None	None	None	None	None	None	None	None
data/multiwoz24/dev_dials.json	5	UnforgettablePorg_tebu/10000	meta-llama/Llama-3.2-1B-Instruct	schema	10	False	False	100	False	None	1738473248	data/d0t/dot_2	meta-llama/Llama-3.2-3B-Instruct	states	None	None	None	None	None	None	None	None	None	None	None
data/multiwoz24/dev_dials.json	5	UnchartedOssus_tebu/1000	meta-llama/Llama-3.1-8B-Instruct	schema	10	False	False	100	False	None	1738473217	data/d0t/dot_2	meta-llama/Llama-3.1-8B-Instruct	states	None	None	None	None	None	None	None	None	None	None	None
data/multiwoz24/dev_dials.json	5	MesmerizingEndor_tebu/9700	meta-llama/Llama-3.2-1B-Instruct	schema	10	False	False	100	False	None	1738473051	data/d0t/dot_2	meta-llama/Llama-3.2-3B-Instruct	states	None	None	None	None	None	None	None	None	None	None	None
data/multiwoz24/dev_dials.json	5	UnforgettablePorg_tebu/9700	meta-llama/Llama-3.2-1B-Instruct	schema	10	False	False	100	False	None	1738473005	data/d0t/dot_2	meta-llama/Llama-3.2-3B-Instruct	states	None	None	None	None	None	None	None	None	None	None	None
data/multiwoz24/dev_dials.json	5	AudaciousPlo_tebu/300	meta-llama/Llama-3.1-8B-Instruct	schema	10	False	False	100	False	None	1738472985	data/d0t/dot_2	meta-llama/Llama-3.1-8B-Instruct	states	None	None	None	None	None	None	None	None	None	None	None
data/multiwoz24/dev_dials.json	5	StellarIG11_tebu/300	meta-llama/Llama-3.1-8B-Instruct	schema	10	False	False	100	False	None	1738472975	data/d0t/dot_2	meta-llama/Llama-3.1-8B-Instruct	states	None	None	None	None	None	None	None	None	None	None	None
data/multiwoz24/dev_dials.json	5	UnconquerableKiAdi_tebu/800	meta-llama/Llama-3.1-8B-Instruct	schema	10	False	False	100	False	None	1738472938	data/d0t/dot_2	meta-llama/Llama-3.1-8B-Instruct	states	None	None	None	None	None	None	None	None	None	None	None
data/multiwoz24/dev_dials.json	5	UnchartedOssus_tebu/900	meta-llama/Llama-3.1-8B-Instruct	schema	10	False	False	100	False	None	1738472885	data/d0t/dot_2	meta-llama/Llama-3.1-8B-Instruct	states	None	None	None	None	None	None	None	None	None	None	None
data/multiwoz24/dev_dials.json	5	MesmerizingEndor_tebu/9400	meta-llama/Llama-3.2-1B-Instruct	schema	10	False	False	100	False	None	1738472804	data/d0t/dot_2	meta-llama/Llama-3.2-3B-Instruct	states	None	None	None	None	None	None	None	None	None	None	None
data/multiwoz24/dev_dials.json	5	AudaciousPlo_tebu/250	meta-llama/Llama-3.1-8B-Instruct	schema	10	False	False	100	False	None	1738472791	data/d0t/dot_2	meta-llama/Llama-3.1-8B-Instruct	states	None	None	None	None	None	None	None	None	None	None	None
data/multiwoz24/dev_dials.json	5	StellarIG11_tebu/250	meta-llama/Llama-3.1-8B-Instruct	schema	10	False	False	100	False	None	1738472770	data/d0t/dot_2	meta-llama/Llama-3.1-8B-Instruct	states	None	None	None	None	None	None	None	None	None	None	None
data/multiwoz24/dev_dials.json	5	UnforgettablePorg_tebu/9400	meta-llama/Llama-3.2-1B-Instruct	schema	10	False	False	100	False	None	1738472759	data/d0t/dot_2	meta-llama/Llama-3.2-3B-Instruct	states	None	None	None	None	None	None	None	None	None	None	None
data/multiwoz24/dev_dials.json	5	UnconquerableKiAdi_tebu/700	meta-llama/Llama-3.1-8B-Instruct	schema	10	False	False	100	False	None	1738472607	data/d0t/dot_2	meta-llama/Llama-3.1-8B-Instruct	states	None	None	None	None	None	None	None	None	None	None	None
data/multiwoz24/dev_dials.json	5	AudaciousPlo_tebu/200	meta-llama/Llama-3.1-8B-Instruct	schema	10	False	False	100	False	None	1738472587	data/d0t/dot_2	meta-llama/Llama-3.1-8B-Instruct	states	None	None	None	None	None	None	None	None	None	None	None
data/multiwoz24/dev_dials.json	5	UnchartedOssus_tebu/800	meta-llama/Llama-3.1-8B-Instruct	schema	10	False	False	100	False	None	1738472568	data/d0t/dot_2	meta-llama/Llama-3.1-8B-Instruct	states	None	None	None	None	None	None	None	None	None	None	None
data/multiwoz24/dev_dials.json	5	StellarIG11_tebu/200	meta-llama/Llama-3.1-8B-Instruct	schema	10	False	False	100	False	None	1738472566	data/d0t/dot_2	meta-llama/Llama-3.1-8B-Instruct	states	None	None	None	None	None	None	None	None	None	None	None
data/multiwoz24/dev_dials.json	5	MesmerizingEndor_tebu/9100	meta-llama/Llama-3.2-1B-Instruct	schema	10	False	False	100	False	None	1738472555	data/d0t/dot_2	meta-llama/Llama-3.2-3B-Instruct	states	None	None	None	None	None	None	None	None	None	None	None
data/multiwoz24/dev_dials.json	5	UnforgettablePorg_tebu/9100	meta-llama/Llama-3.2-1B-Instruct	schema	10	False	False	100	False	None	1738472505	data/d0t/dot_2	meta-llama/Llama-3.2-3B-Instruct	states	None	None	None	None	None	None	None	None	None	None	None
data/multiwoz24/dev_dials.json	5	AudaciousPlo_tebu/150	meta-llama/Llama-3.1-8B-Instruct	schema	10	False	False	100	False	None	1738472388	data/d0t/dot_2	meta-llama/Llama-3.1-8B-Instruct	states	None	None	None	None	None	None	None	None	None	None	None
data/multiwoz24/dev_dials.json	5	StellarIG11_tebu/150	meta-llama/Llama-3.1-8B-Instruct	schema	10	False	False	100	False	None	1738472354	data/d0t/dot_2	meta-llama/Llama-3.1-8B-Instruct	states	None	None	None	None	None	None	None	None	None	None	None
data/multiwoz24/dev_dials.json	5	MesmerizingEndor_tebu/8800	meta-llama/Llama-3.2-1B-Instruct	schema	10	False	False	100	False	None	1738472306	data/d0t/dot_2	meta-llama/Llama-3.2-3B-Instruct	states	None	None	None	None	None	None	None	None	None	None	None
data/multiwoz24/dev_dials.json	5	UnconquerableKiAdi_tebu/600	meta-llama/Llama-3.1-8B-Instruct	schema	10	False	False	100	False	None	1738472258	data/d0t/dot_2	meta-llama/Llama-3.1-8B-Instruct	states	None	None	None	None	None	None	None	None	None	None	None
data/multiwoz24/dev_dials.json	5	UnchartedOssus_tebu/700	meta-llama/Llama-3.1-8B-Instruct	schema	10	False	False	100	False	None	1738472254	data/d0t/dot_2	meta-llama/Llama-3.1-8B-Instruct	states	None	None	None	None	None	None	None	None	None	None	None
data/multiwoz24/dev_dials.json	5	UnforgettablePorg_tebu/8800	meta-llama/Llama-3.2-1B-Instruct	schema	10	False	False	100	False	None	1738472253	data/d0t/dot_2	meta-llama/Llama-3.2-3B-Instruct	states	None	None	None	None	None	None	None	None	None	None	None
data/multiwoz24/dev_dials.json	5	AudaciousPlo_tebu/100	meta-llama/Llama-3.1-8B-Instruct	schema	10	False	False	100	False	None	1738472192	data/d0t/dot_2	meta-llama/Llama-3.1-8B-Instruct	states	None	None	None	None	None	None	None	None	None	None	None
data/multiwoz24/dev_dials.json	5	StellarIG11_tebu/100	meta-llama/Llama-3.1-8B-Instruct	schema	10	False	False	100	False	None	1738472154	data/d0t/dot_2	meta-llama/Llama-3.1-8B-Instruct	states	None	None	None	None	None	None	None	None	None	None	None
data/multiwoz24/dev_dials.json	5	AudaciousPlo_tebu/75	meta-llama/Llama-3.1-8B-Instruct	schema	10	False	False	100	False	None	1738472080	data/d0t/dot_2	meta-llama/Llama-3.1-8B-Instruct	states	None	None	None	None	None	None	None	None	None	None	None
data/multiwoz24/dev_dials.json	5	MesmerizingEndor_tebu/8500	meta-llama/Llama-3.2-1B-Instruct	schema	10	False	False	100	False	None	1738472070	data/d0t/dot_2	meta-llama/Llama-3.2-3B-Instruct	states	None	None	None	None	None	None	None	None	None	None	None
data/multiwoz24/dev_dials.json	5	StellarIG11_tebu/75	meta-llama/Llama-3.1-8B-Instruct	schema	10	False	False	100	False	None	1738472032	data/d0t/dot_2	meta-llama/Llama-3.1-8B-Instruct	states	None	None	None	None	None	None	None	None	None	None	None
data/multiwoz24/dev_dials.json	5	UnforgettablePorg_tebu/8500	meta-llama/Llama-3.2-1B-Instruct	schema	10	False	False	100	False	None	1738472006	data/d0t/dot_2	meta-llama/Llama-3.2-3B-Instruct	states	None	None	None	None	None	None	None	None	None	None	None
data/multiwoz24/dev_dials.json	5	AudaciousPlo_tebu/50	meta-llama/Llama-3.1-8B-Instruct	schema	10	False	False	100	False	None	1738471924	data/d0t/dot_2	meta-llama/Llama-3.1-8B-Instruct	states	None	None	None	None	None	None	None	None	None	None	None
data/multiwoz24/dev_dials.json	5	UnconquerableKiAdi_tebu/500	meta-llama/Llama-3.1-8B-Instruct	schema	10	False	False	100	False	None	1738471893	data/d0t/dot_2	meta-llama/Llama-3.1-8B-Instruct	states	None	None	None	None	None	None	None	None	None	None	None
data/multiwoz24/dev_dials.json	5	UnchartedOssus_tebu/600	meta-llama/Llama-3.1-8B-Instruct	schema	10	False	False	100	False	None	1738471893	data/d0t/dot_2	meta-llama/Llama-3.1-8B-Instruct	states	None	None	None	None	None	None	None	None	None	None	None
data/multiwoz24/dev_dials.json	5	StellarIG11_tebu/50	meta-llama/Llama-3.1-8B-Instruct	schema	10	False	False	100	False	None	1738471889	data/d0t/dot_2	meta-llama/Llama-3.1-8B-Instruct	states	None	None	None	None	None	None	None	None	None	None	None
data/multiwoz24/dev_dials.json	5	MesmerizingEndor_tebu/8200	meta-llama/Llama-3.2-1B-Instruct	schema	10	False	False	100	False	None	1738471832	data/d0t/dot_2	meta-llama/Llama-3.2-3B-Instruct	states	None	None	None	None	None	None	None	None	None	None	None
data/multiwoz24/dev_dials.json	5	AudaciousPlo_tebu/25	meta-llama/Llama-3.1-8B-Instruct	schema	10	False	False	100	False	None	1738471825	data/d0t/dot_2	meta-llama/Llama-3.1-8B-Instruct	states	None	None	None	None	None	None	None	None	None	None	None
data/multiwoz24/dev_dials.json	5	UnforgettablePorg_tebu/8200	meta-llama/Llama-3.2-1B-Instruct	schema	10	False	False	100	False	None	1738471762	data/d0t/dot_2	meta-llama/Llama-3.2-3B-Instruct	states	None	None	None	None	None	None	None	None	None	None	None
data/multiwoz24/dev_dials.json	5	StellarIG11_tebu/25	meta-llama/Llama-3.1-8B-Instruct	schema	10	False	False	100	False	None	1738471758	data/d0t/dot_2	meta-llama/Llama-3.1-8B-Instruct	states	None	None	None	None	None	None	None	None	None	None	None
data/multiwoz24/dev_dials.json	5	MesmerizingEndor_tebu/7900	meta-llama/Llama-3.2-1B-Instruct	schema	10	False	False	100	False	None	1738471591	data/d0t/dot_2	meta-llama/Llama-3.2-3B-Instruct	states	None	None	None	None	None	None	None	None	None	None	None
data/multiwoz24/dev_dials.json	5	UnconquerableKiAdi_tebu/400	meta-llama/Llama-3.1-8B-Instruct	schema	10	False	False	100	False	None	1738471552	data/d0t/dot_2	meta-llama/Llama-3.1-8B-Instruct	states	None	None	None	None	None	None	None	None	None	None	None
data/multiwoz24/dev_dials.json	5	UnchartedOssus_tebu/500	meta-llama/Llama-3.1-8B-Instruct	schema	10	False	False	100	False	None	1738471541	data/d0t/dot_2	meta-llama/Llama-3.1-8B-Instruct	states	None	None	None	None	None	None	None	None	None	None	None
data/multiwoz24/dev_dials.json	5	UnforgettablePorg_tebu/7900	meta-llama/Llama-3.2-1B-Instruct	schema	10	False	False	100	False	None	1738471521	data/d0t/dot_2	meta-llama/Llama-3.2-3B-Instruct	states	None	None	None	None	None	None	None	None	None	None	None
data/multiwoz24/dev_dials.json	5	MesmerizingEndor_tebu/7600	meta-llama/Llama-3.2-1B-Instruct	schema	10	False	False	100	False	None	1738471341	data/d0t/dot_2	meta-llama/Llama-3.2-3B-Instruct	states	None	None	None	None	None	None	None	None	None	None	None
data/multiwoz24/dev_dials.json	5	UnforgettablePorg_tebu/7600	meta-llama/Llama-3.2-1B-Instruct	schema	10	False	False	100	False	None	1738471275	data/d0t/dot_2	meta-llama/Llama-3.2-3B-Instruct	states	None	None	None	None	None	None	None	None	None	None	None
data/multiwoz24/dev_dials.json	5	UnchartedOssus_tebu/400	meta-llama/Llama-3.1-8B-Instruct	schema	10	False	False	100	False	None	1738471197	data/d0t/dot_2	meta-llama/Llama-3.1-8B-Instruct	states	None	None	None	None	None	None	None	None	None	None	None
data/multiwoz24/dev_dials.json	5	UnconquerableKiAdi_tebu/300	meta-llama/Llama-3.1-8B-Instruct	schema	10	False	False	100	False	None	1738471185	data/d0t/dot_2	meta-llama/Llama-3.1-8B-Instruct	states	None	None	None	None	None	None	None	None	None	None	None
data/multiwoz24/dev_dials.json	5	MesmerizingEndor_tebu/7300	meta-llama/Llama-3.2-1B-Instruct	schema	10	False	False	100	False	None	1738471090	data/d0t/dot_2	meta-llama/Llama-3.2-3B-Instruct	states	None	None	None	None	None	None	None	None	None	None	None
data/multiwoz24/dev_dials.json	5	UnforgettablePorg_tebu/7300	meta-llama/Llama-3.2-1B-Instruct	schema	10	False	False	100	False	None	1738471024	data/d0t/dot_2	meta-llama/Llama-3.2-3B-Instruct	states	None	None	None	None	None	None	None	None	None	None	None
data/multiwoz24/dev_dials.json	5	UnconquerableKiAdi_tebu/250	meta-llama/Llama-3.1-8B-Instruct	schema	10	False	False	100	False	None	1738470971	data/d0t/dot_2	meta-llama/Llama-3.1-8B-Instruct	states	None	None	None	None	None	None	None	None	None	None	None
data/multiwoz24/dev_dials.json	5	UnchartedOssus_tebu/300	meta-llama/Llama-3.1-8B-Instruct	schema	10	False	False	100	False	None	1738470887	data/d0t/dot_2	meta-llama/Llama-3.1-8B-Instruct	states	None	None	None	None	None	None	None	None	None	None	None
data/multiwoz24/dev_dials.json	5	MesmerizingEndor_tebu/7000	meta-llama/Llama-3.2-1B-Instruct	schema	10	False	False	100	False	None	1738470834	data/d0t/dot_2	meta-llama/Llama-3.2-3B-Instruct	states	None	None	None	None	None	None	None	None	None	None	None
data/multiwoz24/dev_dials.json	5	UnforgettablePorg_tebu/7000	meta-llama/Llama-3.2-1B-Instruct	schema	10	False	False	100	False	None	1738470780	data/d0t/dot_2	meta-llama/Llama-3.2-3B-Instruct	states	None	None	None	None	None	None	None	None	None	None	None
data/multiwoz24/dev_dials.json	5	UnconquerableKiAdi_tebu/200	meta-llama/Llama-3.1-8B-Instruct	schema	10	False	False	100	False	None	1738470739	data/d0t/dot_2	meta-llama/Llama-3.1-8B-Instruct	states	None	None	None	None	None	None	None	None	None	None	None
data/multiwoz24/dev_dials.json	5	UnchartedOssus_tebu/250	meta-llama/Llama-3.1-8B-Instruct	schema	10	False	False	100	False	None	1738470696	data/d0t/dot_2	meta-llama/Llama-3.1-8B-Instruct	states	None	None	None	None	None	None	None	None	None	None	None
data/multiwoz24/dev_dials.json	5	MesmerizingEndor_tebu/6700	meta-llama/Llama-3.2-1B-Instruct	schema	10	False	False	100	False	None	1738470593	data/d0t/dot_2	meta-llama/Llama-3.2-3B-Instruct	states	None	None	None	None	None	None	None	None	None	None	None
data/multiwoz24/dev_dials.json	5	UnforgettablePorg_tebu/6700	meta-llama/Llama-3.2-1B-Instruct	schema	10	False	False	100	False	None	1738470539	data/d0t/dot_2	meta-llama/Llama-3.2-3B-Instruct	states	None	None	None	None	None	None	None	None	None	None	None
data/multiwoz24/dev_dials.json	5	UnconquerableKiAdi_tebu/150	meta-llama/Llama-3.1-8B-Instruct	schema	10	False	False	100	False	None	1738470509	data/d0t/dot_2	meta-llama/Llama-3.1-8B-Instruct	states	None	None	None	None	None	None	None	None	None	None	None
data/multiwoz24/dev_dials.json	5	UnchartedOssus_tebu/200	meta-llama/Llama-3.1-8B-Instruct	schema	10	False	False	100	False	None	1738470491	data/d0t/dot_2	meta-llama/Llama-3.1-8B-Instruct	states	None	None	None	None	None	None	None	None	None	None	None
data/multiwoz24/dev_dials.json	5	MesmerizingEndor_tebu/6400	meta-llama/Llama-3.2-1B-Instruct	schema	10	False	False	100	False	None	1738470343	data/d0t/dot_2	meta-llama/Llama-3.2-3B-Instruct	states	None	None	None	None	None	None	None	None	None	None	None
data/multiwoz24/dev_dials.json	5	UnforgettablePorg_tebu/6400	meta-llama/Llama-3.2-1B-Instruct	schema	10	False	False	100	False	None	1738470294	data/d0t/dot_2	meta-llama/Llama-3.2-3B-Instruct	states	None	None	None	None	None	None	None	None	None	None	None
data/multiwoz24/dev_dials.json	5	UnconquerableKiAdi_tebu/100	meta-llama/Llama-3.1-8B-Instruct	schema	10	False	False	100	False	None	1738470288	data/d0t/dot_2	meta-llama/Llama-3.1-8B-Instruct	states	None	None	None	None	None	None	None	None	None	None	None
data/multiwoz24/dev_dials.json	5	UnchartedOssus_tebu/150	meta-llama/Llama-3.1-8B-Instruct	schema	10	False	False	100	False	None	1738470285	data/d0t/dot_2	meta-llama/Llama-3.1-8B-Instruct	states	None	None	None	None	None	None	None	None	None	None	None
data/multiwoz24/dev_dials.json	5	UnconquerableKiAdi_tebu/75	meta-llama/Llama-3.1-8B-Instruct	schema	10	False	False	100	False	None	1738470137	data/d0t/dot_2	meta-llama/Llama-3.1-8B-Instruct	states	None	None	None	None	None	None	None	None	None	None	None
data/multiwoz24/dev_dials.json	5	MesmerizingEndor_tebu/6100	meta-llama/Llama-3.2-1B-Instruct	schema	10	False	False	100	False	None	1738470091	data/d0t/dot_2	meta-llama/Llama-3.2-3B-Instruct	states	None	None	None	None	None	None	None	None	None	None	None
data/multiwoz24/dev_dials.json	5	UnchartedOssus_tebu/100	meta-llama/Llama-3.1-8B-Instruct	schema	10	False	False	100	False	None	1738470072	data/d0t/dot_2	meta-llama/Llama-3.1-8B-Instruct	states	None	None	None	None	None	None	None	None	None	None	None
data/multiwoz24/dev_dials.json	5	UnforgettablePorg_tebu/6100	meta-llama/Llama-3.2-1B-Instruct	schema	10	False	False	100	False	None	1738470046	data/d0t/dot_2	meta-llama/Llama-3.2-3B-Instruct	states	None	None	None	None	None	None	None	None	None	None	None
data/multiwoz24/dev_dials.json	5	UnconquerableKiAdi_tebu/50	meta-llama/Llama-3.1-8B-Instruct	schema	10	False	False	100	False	None	1738470004	data/d0t/dot_2	meta-llama/Llama-3.1-8B-Instruct	states	None	None	None	None	None	None	None	None	None	None	None
data/multiwoz24/dev_dials.json	5	UnchartedOssus_tebu/75	meta-llama/Llama-3.1-8B-Instruct	schema	10	False	False	100	False	None	1738469942	data/d0t/dot_2	meta-llama/Llama-3.1-8B-Instruct	states	None	None	None	None	None	None	None	None	None	None	None
data/multiwoz24/dev_dials.json	5	UnconquerableKiAdi_tebu/25	meta-llama/Llama-3.1-8B-Instruct	schema	10	False	False	100	False	None	1738469897	data/d0t/dot_2	meta-llama/Llama-3.1-8B-Instruct	states	None	None	None	None	None	None	None	None	None	None	None
data/multiwoz24/dev_dials.json	5	MesmerizingEndor_tebu/5800	meta-llama/Llama-3.2-1B-Instruct	schema	10	False	False	100	False	None	1738469846	data/d0t/dot_2	meta-llama/Llama-3.2-3B-Instruct	states	None	None	None	None	None	None	None	None	None	None	None
data/multiwoz24/dev_dials.json	5	UnchartedOssus_tebu/50	meta-llama/Llama-3.1-8B-Instruct	schema	10	False	False	100	False	None	1738469806	data/d0t/dot_2	meta-llama/Llama-3.1-8B-Instruct	states	None	None	None	None	None	None	None	None	None	None	None
data/multiwoz24/dev_dials.json	5	UnforgettablePorg_tebu/5800	meta-llama/Llama-3.2-1B-Instruct	schema	10	False	False	100	False	None	1738469796	data/d0t/dot_2	meta-llama/Llama-3.2-3B-Instruct	states	None	None	None	None	None	None	None	None	None	None	None
data/multiwoz24/dev_dials.json	5	UnchartedOssus_tebu/25	meta-llama/Llama-3.1-8B-Instruct	schema	10	False	False	100	False	None	1738469721	data/d0t/dot_2	meta-llama/Llama-3.1-8B-Instruct	states	None	None	None	None	None	None	None	None	None	None	None
data/multiwoz24/dev_dials.json	5	MesmerizingEndor_tebu/5500	meta-llama/Llama-3.2-1B-Instruct	schema	10	False	False	100	False	None	1738469593	data/d0t/dot_2	meta-llama/Llama-3.2-3B-Instruct	states	None	None	None	None	None	None	None	None	None	None	None
data/multiwoz24/dev_dials.json	5	UnforgettablePorg_tebu/5500	meta-llama/Llama-3.2-1B-Instruct	schema	10	False	False	100	False	None	1738469548	data/d0t/dot_2	meta-llama/Llama-3.2-3B-Instruct	states	None	None	None	None	None	None	None	None	None	None	None
data/multiwoz24/dev_dials.json	5	MesmerizingEndor_tebu/5200	meta-llama/Llama-3.2-1B-Instruct	schema	10	False	False	100	False	None	1738469360	data/d0t/dot_2	meta-llama/Llama-3.2-3B-Instruct	states	None	None	None	None	None	None	None	None	None	None	None
data/multiwoz24/dev_dials.json	5	UnforgettablePorg_tebu/5200	meta-llama/Llama-3.2-1B-Instruct	schema	10	False	False	100	False	None	1738469302	data/d0t/dot_2	meta-llama/Llama-3.2-3B-Instruct	states	None	None	None	None	None	None	None	None	None	None	None
data/multiwoz24/dev_dials.json	5	MesmerizingEndor_tebu/4900	meta-llama/Llama-3.2-1B-Instruct	schema	10	False	False	100	False	None	1738469110	data/d0t/dot_2	meta-llama/Llama-3.2-3B-Instruct	states	None	None	None	None	None	None	None	None	None	None	None
data/multiwoz24/dev_dials.json	5	UnforgettablePorg_tebu/4900	meta-llama/Llama-3.2-1B-Instruct	schema	10	False	False	100	False	None	1738469050	data/d0t/dot_2	meta-llama/Llama-3.2-3B-Instruct	states	None	None	None	None	None	None	None	None	None	None	None
data/multiwoz24/dev_dials.json	5	MesmerizingEndor_tebu/4600	meta-llama/Llama-3.2-1B-Instruct	schema	10	False	False	100	False	None	1738468858	data/d0t/dot_2	meta-llama/Llama-3.2-3B-Instruct	states	None	None	None	None	None	None	None	None	None	None	None
data/multiwoz24/dev_dials.json	5	UnforgettablePorg_tebu/4600	meta-llama/Llama-3.2-1B-Instruct	schema	10	False	False	100	False	None	1738468803	data/d0t/dot_2	meta-llama/Llama-3.2-3B-Instruct	states	None	None	None	None	None	None	None	None	None	None	None
data/multiwoz24/dev_dials.json	5	MesmerizingEndor_tebu/4300	meta-llama/Llama-3.2-1B-Instruct	schema	10	False	False	100	False	None	1738468605	data/d0t/dot_2	meta-llama/Llama-3.2-3B-Instruct	states	None	None	None	None	None	None	None	None	None	None	None
data/multiwoz24/dev_dials.json	5	UnforgettablePorg_tebu/4300	meta-llama/Llama-3.2-1B-Instruct	schema	10	False	False	100	False	None	1738468560	data/d0t/dot_2	meta-llama/Llama-3.2-3B-Instruct	states	None	None	None	None	None	None	None	None	None	None	None
data/multiwoz24/dev_dials.json	5	MesmerizingEndor_tebu/4000	meta-llama/Llama-3.2-1B-Instruct	schema	10	False	False	100	False	None	1738468360	data/d0t/dot_2	meta-llama/Llama-3.2-3B-Instruct	states	None	None	None	None	None	None	None	None	None	None	None
data/multiwoz24/dev_dials.json	5	UnforgettablePorg_tebu/4000	meta-llama/Llama-3.2-1B-Instruct	schema	10	False	False	100	False	None	1738468318	data/d0t/dot_2	meta-llama/Llama-3.2-3B-Instruct	states	None	None	None	None	None	None	None	None	None	None	None
data/multiwoz24/dev_dials.json	5	MesmerizingEndor_tebu/3700	meta-llama/Llama-3.2-1B-Instruct	schema	10	False	False	100	False	None	1738468110	data/d0t/dot_2	meta-llama/Llama-3.2-3B-Instruct	states	None	None	None	None	None	None	None	None	None	None	None
data/multiwoz24/dev_dials.json	5	UnforgettablePorg_tebu/3700	meta-llama/Llama-3.2-1B-Instruct	schema	10	False	False	100	False	None	1738468070	data/d0t/dot_2	meta-llama/Llama-3.2-3B-Instruct	states	None	None	None	None	None	None	None	None	None	None	None
data/multiwoz24/dev_dials.json	5	MesmerizingEndor_tebu/3400	meta-llama/Llama-3.2-1B-Instruct	schema	10	False	False	100	False	None	1738467858	data/d0t/dot_2	meta-llama/Llama-3.2-3B-Instruct	states	None	None	None	None	None	None	None	None	None	None	None
data/multiwoz24/dev_dials.json	5	UnforgettablePorg_tebu/3400	meta-llama/Llama-3.2-1B-Instruct	schema	10	False	False	100	False	None	1738467829	data/d0t/dot_2	meta-llama/Llama-3.2-3B-Instruct	states	None	None	None	None	None	None	None	None	None	None	None
data/multiwoz24/dev_dials.json	5	MesmerizingEndor_tebu/3100	meta-llama/Llama-3.2-1B-Instruct	schema	10	False	False	100	False	None	1738467608	data/d0t/dot_2	meta-llama/Llama-3.2-3B-Instruct	states	None	None	None	None	None	None	None	None	None	None	None
data/multiwoz24/dev_dials.json	5	UnforgettablePorg_tebu/3100	meta-llama/Llama-3.2-1B-Instruct	schema	10	False	False	100	False	None	1738467582	data/d0t/dot_2	meta-llama/Llama-3.2-3B-Instruct	states	None	None	None	None	None	None	None	None	None	None	None
data/multiwoz24/dev_dials.json	5	MesmerizingEndor_tebu/2800	meta-llama/Llama-3.2-1B-Instruct	schema	10	False	False	100	False	None	1738467363	data/d0t/dot_2	meta-llama/Llama-3.2-3B-Instruct	states	None	None	None	None	None	None	None	None	None	None	None
data/multiwoz24/dev_dials.json	5	UnforgettablePorg_tebu/2800	meta-llama/Llama-3.2-1B-Instruct	schema	10	False	False	100	False	None	1738467334	data/d0t/dot_2	meta-llama/Llama-3.2-3B-Instruct	states	None	None	None	None	None	None	None	None	None	None	None
data/multiwoz24/dev_dials.json	5	MesmerizingEndor_tebu/2500	meta-llama/Llama-3.2-1B-Instruct	schema	10	False	False	100	False	None	1738467115	data/d0t/dot_2	meta-llama/Llama-3.2-3B-Instruct	states	None	None	None	None	None	None	None	None	None	None	None
data/multiwoz24/dev_dials.json	5	UnforgettablePorg_tebu/2500	meta-llama/Llama-3.2-1B-Instruct	schema	10	False	False	100	False	None	1738467086	data/d0t/dot_2	meta-llama/Llama-3.2-3B-Instruct	states	None	None	None	None	None	None	None	None	None	None	None
data/multiwoz24/dev_dials.json	5	MesmerizingEndor_tebu/2200	meta-llama/Llama-3.2-1B-Instruct	schema	10	False	False	100	False	None	1738466870	data/d0t/dot_2	meta-llama/Llama-3.2-3B-Instruct	states	None	None	None	None	None	None	None	None	None	None	None
data/multiwoz24/dev_dials.json	5	UnforgettablePorg_tebu/2200	meta-llama/Llama-3.2-1B-Instruct	schema	10	False	False	100	False	None	1738466844	data/d0t/dot_2	meta-llama/Llama-3.2-3B-Instruct	states	None	None	None	None	None	None	None	None	None	None	None
data/multiwoz24/dev_dials.json	5	MesmerizingEndor_tebu/1900	meta-llama/Llama-3.2-1B-Instruct	schema	10	False	False	100	False	None	1738466628	data/d0t/dot_2	meta-llama/Llama-3.2-3B-Instruct	states	None	None	None	None	None	None	None	None	None	None	None
data/multiwoz24/dev_dials.json	5	UnforgettablePorg_tebu/1900	meta-llama/Llama-3.2-1B-Instruct	schema	10	False	False	100	False	None	1738466609	data/d0t/dot_2	meta-llama/Llama-3.2-3B-Instruct	states	None	None	None	None	None	None	None	None	None	None	None
data/multiwoz24/dev_dials.json	5	MesmerizingEndor_tebu/1600	meta-llama/Llama-3.2-1B-Instruct	schema	10	False	False	100	False	None	1738466389	data/d0t/dot_2	meta-llama/Llama-3.2-3B-Instruct	states	None	None	None	None	None	None	None	None	None	None	None
data/multiwoz24/dev_dials.json	5	UnforgettablePorg_tebu/1600	meta-llama/Llama-3.2-1B-Instruct	schema	10	False	False	100	False	None	1738466369	data/d0t/dot_2	meta-llama/Llama-3.2-3B-Instruct	states	None	None	None	None	None	None	None	None	None	None	None
data/multiwoz24/dev_dials.json	5	MesmerizingEndor_tebu/1300	meta-llama/Llama-3.2-1B-Instruct	schema	10	False	False	100	False	None	1738466150	data/d0t/dot_2	meta-llama/Llama-3.2-3B-Instruct	states	None	None	None	None	None	None	None	None	None	None	None
data/multiwoz24/dev_dials.json	5	UnforgettablePorg_tebu/1300	meta-llama/Llama-3.2-1B-Instruct	schema	10	False	False	100	False	None	1738466133	data/d0t/dot_2	meta-llama/Llama-3.2-3B-Instruct	states	None	None	None	None	None	None	None	None	None	None	None
data/multiwoz24/dev_dials.json	5	MesmerizingEndor_tebu/1000	meta-llama/Llama-3.2-1B-Instruct	schema	10	False	False	100	False	None	1738465901	data/d0t/dot_2	meta-llama/Llama-3.2-3B-Instruct	states	None	None	None	None	None	None	None	None	None	None	None
data/multiwoz24/dev_dials.json	5	UnforgettablePorg_tebu/1000	meta-llama/Llama-3.2-1B-Instruct	schema	10	False	False	100	False	None	1738465895	data/d0t/dot_2	meta-llama/Llama-3.2-3B-Instruct	states	None	None	None	None	None	None	None	None	None	None	None
data/multiwoz24/dev_dials.json	5	UnforgettablePorg_tebu/900	meta-llama/Llama-3.2-1B-Instruct	schema	10	False	False	100	False	None	1738465800	data/d0t/dot_2	meta-llama/Llama-3.2-3B-Instruct	states	None	None	None	None	None	None	None	None	None	None	None
data/multiwoz24/dev_dials.json	5	MesmerizingEndor_tebu/900	meta-llama/Llama-3.2-1B-Instruct	schema	10	False	False	100	False	None	1738465789	data/d0t/dot_2	meta-llama/Llama-3.2-3B-Instruct	states	None	None	None	None	None	None	None	None	None	None	None
data/multiwoz24/dev_dials.json	5	UnforgettablePorg_tebu/800	meta-llama/Llama-3.2-1B-Instruct	schema	10	False	False	100	False	None	1738465703	data/d0t/dot_2	meta-llama/Llama-3.2-3B-Instruct	states	None	None	None	None	None	None	None	None	None	None	None
data/multiwoz24/dev_dials.json	5	MesmerizingEndor_tebu/800	meta-llama/Llama-3.2-1B-Instruct	schema	10	False	False	100	False	None	1738465684	data/d0t/dot_2	meta-llama/Llama-3.2-3B-Instruct	states	None	None	None	None	None	None	None	None	None	None	None
data/multiwoz24/dev_dials.json	5	UnforgettablePorg_tebu/700	meta-llama/Llama-3.2-1B-Instruct	schema	10	False	False	100	False	None	1738465599	data/d0t/dot_2	meta-llama/Llama-3.2-3B-Instruct	states	None	None	None	None	None	None	None	None	None	None	None
data/multiwoz24/dev_dials.json	5	MesmerizingEndor_tebu/700	meta-llama/Llama-3.2-1B-Instruct	schema	10	False	False	100	False	None	1738465575	data/d0t/dot_2	meta-llama/Llama-3.2-3B-Instruct	states	None	None	None	None	None	None	None	None	None	None	None
data/multiwoz24/dev_dials.json	5	UnforgettablePorg_tebu/600	meta-llama/Llama-3.2-1B-Instruct	schema	10	False	False	100	False	None	1738465499	data/d0t/dot_2	meta-llama/Llama-3.2-3B-Instruct	states	None	None	None	None	None	None	None	None	None	None	None
data/multiwoz24/dev_dials.json	5	MesmerizingEndor_tebu/600	meta-llama/Llama-3.2-1B-Instruct	schema	10	False	False	100	False	None	1738465473	data/d0t/dot_2	meta-llama/Llama-3.2-3B-Instruct	states	None	None	None	None	None	None	None	None	None	None	None
data/multiwoz24/dev_dials.json	5	UnforgettablePorg_tebu/500	meta-llama/Llama-3.2-1B-Instruct	schema	10	False	False	100	False	None	1738465392	data/d0t/dot_2	meta-llama/Llama-3.2-3B-Instruct	states	None	None	None	None	None	None	None	None	None	None	None
data/multiwoz24/dev_dials.json	5	MesmerizingEndor_tebu/500	meta-llama/Llama-3.2-1B-Instruct	schema	10	False	False	100	False	None	1738465365	data/d0t/dot_2	meta-llama/Llama-3.2-3B-Instruct	states	None	None	None	None	None	None	None	None	None	None	None
data/multiwoz24/dev_dials.json	5	UnforgettablePorg_tebu/400	meta-llama/Llama-3.2-1B-Instruct	schema	10	False	False	100	False	None	1738465281	data/d0t/dot_2	meta-llama/Llama-3.2-3B-Instruct	states	None	None	None	None	None	None	None	None	None	None	None
data/multiwoz24/dev_dials.json	5	MesmerizingEndor_tebu/400	meta-llama/Llama-3.2-1B-Instruct	schema	10	False	False	100	False	None	1738465257	data/d0t/dot_2	meta-llama/Llama-3.2-3B-Instruct	states	None	None	None	None	None	None	None	None	None	None	None
data/multiwoz24/dev_dials.json	5	UnforgettablePorg_tebu/300	meta-llama/Llama-3.2-1B-Instruct	schema	10	False	False	100	False	None	1738465178	data/d0t/dot_2	meta-llama/Llama-3.2-3B-Instruct	states	None	None	None	None	None	None	None	None	None	None	None
data/multiwoz24/dev_dials.json	5	MesmerizingEndor_tebu/300	meta-llama/Llama-3.2-1B-Instruct	schema	10	False	False	100	False	None	1738465148	data/d0t/dot_2	meta-llama/Llama-3.2-3B-Instruct	states	None	None	None	None	None	None	None	None	None	None	None
data/multiwoz24/dev_dials.json	5	UnforgettablePorg_tebu/250	meta-llama/Llama-3.2-1B-Instruct	schema	10	False	False	100	False	None	1738465101	data/d0t/dot_2	meta-llama/Llama-3.2-3B-Instruct	states	None	None	None	None	None	None	None	None	None	None	None
data/multiwoz24/dev_dials.json	5	MesmerizingEndor_tebu/250	meta-llama/Llama-3.2-1B-Instruct	schema	10	False	False	100	False	None	1738465073	data/d0t/dot_2	meta-llama/Llama-3.2-3B-Instruct	states	None	None	None	None	None	None	None	None	None	None	None
data/multiwoz24/dev_dials.json	5	UnforgettablePorg_tebu/200	meta-llama/Llama-3.2-1B-Instruct	schema	10	False	False	100	False	None	1738465028	data/d0t/dot_2	meta-llama/Llama-3.2-3B-Instruct	states	None	None	None	None	None	None	None	None	None	None	None
data/multiwoz24/dev_dials.json	5	MesmerizingEndor_tebu/200	meta-llama/Llama-3.2-1B-Instruct	schema	10	False	False	100	False	None	1738464997	data/d0t/dot_2	meta-llama/Llama-3.2-3B-Instruct	states	None	None	None	None	None	None	None	None	None	None	None
data/multiwoz24/dev_dials.json	5	UnforgettablePorg_tebu/150	meta-llama/Llama-3.2-1B-Instruct	schema	10	False	False	100	False	None	1738464950	data/d0t/dot_2	meta-llama/Llama-3.2-3B-Instruct	states	None	None	None	None	None	None	None	None	None	None	None
data/multiwoz24/dev_dials.json	5	MesmerizingEndor_tebu/150	meta-llama/Llama-3.2-1B-Instruct	schema	10	False	False	100	False	None	1738464923	data/d0t/dot_2	meta-llama/Llama-3.2-3B-Instruct	states	None	None	None	None	None	None	None	None	None	None	None
data/multiwoz24/dev_dials.json	5	UnforgettablePorg_tebu/100	meta-llama/Llama-3.2-1B-Instruct	schema	10	False	False	100	False	None	1738464878	data/d0t/dot_2	meta-llama/Llama-3.2-3B-Instruct	states	None	None	None	None	None	None	None	None	None	None	None
data/multiwoz24/dev_dials.json	5	MesmerizingEndor_tebu/100	meta-llama/Llama-3.2-1B-Instruct	schema	10	False	False	100	False	None	1738464847	data/d0t/dot_2	meta-llama/Llama-3.2-3B-Instruct	states	None	None	None	None	None	None	None	None	None	None	None
data/multiwoz24/dev_dials.json	5	UnforgettablePorg_tebu/75	meta-llama/Llama-3.2-1B-Instruct	schema	10	False	False	100	False	None	1738464817	data/d0t/dot_2	meta-llama/Llama-3.2-3B-Instruct	states	None	None	None	None	None	None	None	None	None	None	None
data/multiwoz24/dev_dials.json	5	MesmerizingEndor_tebu/75	meta-llama/Llama-3.2-1B-Instruct	schema	10	False	False	100	False	None	1738464788	data/d0t/dot_2	meta-llama/Llama-3.2-3B-Instruct	states	None	None	None	None	None	None	None	None	None	None	None
data/multiwoz24/dev_dials.json	5	UnforgettablePorg_tebu/50	meta-llama/Llama-3.2-1B-Instruct	schema	10	False	False	100	False	None	1738464756	data/d0t/dot_2	meta-llama/Llama-3.2-3B-Instruct	states	None	None	None	None	None	None	None	None	None	None	None
data/multiwoz24/dev_dials.json	5	MesmerizingEndor_tebu/50	meta-llama/Llama-3.2-1B-Instruct	schema	10	False	False	100	False	None	1738464726	data/d0t/dot_2	meta-llama/Llama-3.2-3B-Instruct	states	None	None	None	None	None	None	None	None	None	None	None
data/multiwoz24/dev_dials.json	5	UnforgettablePorg_tebu/25	meta-llama/Llama-3.2-1B-Instruct	schema	10	False	False	100	False	None	1738464710	data/d0t/dot_2	meta-llama/Llama-3.2-3B-Instruct	states	None	None	None	None	None	None	None	None	None	None	None
data/multiwoz24/dev_dials.json	5	MesmerizingEndor_tebu/25	meta-llama/Llama-3.2-1B-Instruct	schema	10	False	False	100	False	None	1738464687	data/d0t/dot_2	meta-llama/Llama-3.2-3B-Instruct	states	None	None	None	None	None	None	None	None	None	None	None
data/multiwoz24/dev_dials.json	5	FormidableCatoNeimoidia_tebu/11800	meta-llama/Llama-3.2-1B-Instruct	schema	10	False	False	100	False	None	1738460372	data/d0t/dot_2	meta-llama/Llama-3.2-3B-Instruct	states	None	None	None	None	None	None	None	None	None	None	None
data/multiwoz24/dev_dials.json	5	FormidableCatoNeimoidia_tebu/11500	meta-llama/Llama-3.2-1B-Instruct	schema	10	False	False	100	False	None	1738460101	data/d0t/dot_2	meta-llama/Llama-3.2-3B-Instruct	states	None	None	None	None	None	None	None	None	None	None	None
data/multiwoz24/dev_dials.json	5	FormidableCatoNeimoidia_tebu/11200	meta-llama/Llama-3.2-1B-Instruct	schema	10	False	False	100	False	None	1738459862	data/d0t/dot_2	meta-llama/Llama-3.2-3B-Instruct	states	None	None	None	None	None	None	None	None	None	None	None
data/multiwoz24/dev_dials.json	5	FormidableCatoNeimoidia_tebu/10900	meta-llama/Llama-3.2-1B-Instruct	schema	10	False	False	100	False	None	1738459628	data/d0t/dot_2	meta-llama/Llama-3.2-3B-Instruct	states	None	None	None	None	None	None	None	None	None	None	None
data/multiwoz24/dev_dials.json	5	FormidableCatoNeimoidia_tebu/10600	meta-llama/Llama-3.2-1B-Instruct	schema	10	False	False	100	False	None	1738459381	data/d0t/dot_2	meta-llama/Llama-3.2-3B-Instruct	states	None	None	None	None	None	None	None	None	None	None	None
data/multiwoz24/dev_dials.json	5	FormidableCatoNeimoidia_tebu/10300	meta-llama/Llama-3.2-1B-Instruct	schema	10	False	False	100	False	None	1738459147	data/d0t/dot_2	meta-llama/Llama-3.2-3B-Instruct	states	None	None	None	None	None	None	None	None	None	None	None
data/multiwoz24/dev_dials.json	5	FormidableCatoNeimoidia_tebu/10000	meta-llama/Llama-3.2-1B-Instruct	schema	10	False	False	100	False	None	1738458913	data/d0t/dot_2	meta-llama/Llama-3.2-3B-Instruct	states	None	None	None	None	None	None	None	None	None	None	None
data/multiwoz24/dev_dials.json	5	FormidableCatoNeimoidia_tebu/9700	meta-llama/Llama-3.2-1B-Instruct	schema	10	False	False	100	False	None	1738458671	data/d0t/dot_2	meta-llama/Llama-3.2-3B-Instruct	states	None	None	None	None	None	None	None	None	None	None	None
data/multiwoz24/dev_dials.json	5	FormidableCatoNeimoidia_tebu/9400	meta-llama/Llama-3.2-1B-Instruct	schema	10	False	False	100	False	None	1738458434	data/d0t/dot_2	meta-llama/Llama-3.2-3B-Instruct	states	None	None	None	None	None	None	None	None	None	None	None
data/multiwoz24/dev_dials.json	5	FormidableCatoNeimoidia_tebu/9100	meta-llama/Llama-3.2-1B-Instruct	schema	10	False	False	100	False	None	1738458200	data/d0t/dot_2	meta-llama/Llama-3.2-3B-Instruct	states	None	None	None	None	None	None	None	None	None	None	None
data/multiwoz24/dev_dials.json	5	FormidableCatoNeimoidia_tebu/8800	meta-llama/Llama-3.2-1B-Instruct	schema	10	False	False	100	False	None	1738457959	data/d0t/dot_2	meta-llama/Llama-3.2-3B-Instruct	states	None	None	None	None	None	None	None	None	None	None	None
data/multiwoz24/dev_dials.json	5	FormidableCatoNeimoidia_tebu/8500	meta-llama/Llama-3.2-1B-Instruct	schema	10	False	False	100	False	None	1738457730	data/d0t/dot_2	meta-llama/Llama-3.2-3B-Instruct	states	None	None	None	None	None	None	None	None	None	None	None
data/multiwoz24/dev_dials.json	5	FormidableCatoNeimoidia_tebu/8200	meta-llama/Llama-3.2-1B-Instruct	schema	10	False	False	100	False	None	1738457496	data/d0t/dot_2	meta-llama/Llama-3.2-3B-Instruct	states	None	None	None	None	None	None	None	None	None	None	None
data/multiwoz24/dev_dials.json	5	FormidableCatoNeimoidia_tebu/7900	meta-llama/Llama-3.2-1B-Instruct	schema	10	False	False	100	False	None	1738457258	data/d0t/dot_2	meta-llama/Llama-3.2-3B-Instruct	states	None	None	None	None	None	None	None	None	None	None	None
data/multiwoz24/dev_dials.json	5	FormidableCatoNeimoidia_tebu/7600	meta-llama/Llama-3.2-1B-Instruct	schema	10	False	False	100	False	None	1738457015	data/d0t/dot_2	meta-llama/Llama-3.2-3B-Instruct	states	None	None	None	None	None	None	None	None	None	None	None
data/multiwoz24/dev_dials.json	5	FormidableCatoNeimoidia_tebu/7300	meta-llama/Llama-3.2-1B-Instruct	schema	10	False	False	100	False	None	1738456771	data/d0t/dot_2	meta-llama/Llama-3.2-3B-Instruct	states	None	None	None	None	None	None	None	None	None	None	None
data/multiwoz24/dev_dials.json	5	FormidableCatoNeimoidia_tebu/7000	meta-llama/Llama-3.2-1B-Instruct	schema	10	False	False	100	False	None	1738456526	data/d0t/dot_2	meta-llama/Llama-3.2-3B-Instruct	states	None	None	None	None	None	None	None	None	None	None	None
data/multiwoz24/dev_dials.json	5	FormidableCatoNeimoidia_tebu/6700	meta-llama/Llama-3.2-1B-Instruct	schema	10	False	False	100	False	None	1738456285	data/d0t/dot_2	meta-llama/Llama-3.2-3B-Instruct	states	None	None	None	None	None	None	None	None	None	None	None
data/multiwoz24/dev_dials.json	5	FormidableCatoNeimoidia_tebu/6400	meta-llama/Llama-3.2-1B-Instruct	schema	10	False	False	100	False	None	1738456048	data/d0t/dot_2	meta-llama/Llama-3.2-3B-Instruct	states	None	None	None	None	None	None	None	None	None	None	None
data/multiwoz24/dev_dials.json	5	UntamedYlesia_tebu/11800	meta-llama/Llama-3.2-1B-Instruct	schema	10	False	False	100	False	None	1738456046	data/d0t/dot_2	meta-llama/Llama-3.2-3B-Instruct	states	None	None	None	None	None	None	None	None	None	None	None
data/multiwoz24/dev_dials.json	5	DauntlessNexu_tebu/11800	meta-llama/Llama-3.2-1B-Instruct	schema	10	False	False	100	False	None	1738455938	data/d0t/dot_2	meta-llama/Llama-3.2-3B-Instruct	states	None	None	None	None	None	None	None	None	None	None	None
data/multiwoz24/dev_dials.json	5	FormidableCatoNeimoidia_tebu/6100	meta-llama/Llama-3.2-1B-Instruct	schema	10	False	False	100	False	None	1738455808	data/d0t/dot_2	meta-llama/Llama-3.2-3B-Instruct	states	None	None	None	None	None	None	None	None	None	None	None
data/multiwoz24/dev_dials.json	5	UntamedYlesia_tebu/11500	meta-llama/Llama-3.2-1B-Instruct	schema	10	False	False	100	False	None	1738455748	data/d0t/dot_2	meta-llama/Llama-3.2-3B-Instruct	states	None	None	None	None	None	None	None	None	None	None	None
data/multiwoz24/dev_dials.json	5	DauntlessNexu_tebu/11500	meta-llama/Llama-3.2-1B-Instruct	schema	10	False	False	100	False	None	1738455652	data/d0t/dot_2	meta-llama/Llama-3.2-3B-Instruct	states	None	None	None	None	None	None	None	None	None	None	None
data/multiwoz24/dev_dials.json	5	FormidableCatoNeimoidia_tebu/5800	meta-llama/Llama-3.2-1B-Instruct	schema	10	False	False	100	False	None	1738455582	data/d0t/dot_2	meta-llama/Llama-3.2-3B-Instruct	states	None	None	None	None	None	None	None	None	None	None	None
data/multiwoz24/dev_dials.json	5	UntamedYlesia_tebu/11200	meta-llama/Llama-3.2-1B-Instruct	schema	10	False	False	100	False	None	1738455498	data/d0t/dot_2	meta-llama/Llama-3.2-3B-Instruct	states	None	None	None	None	None	None	None	None	None	None	None
data/multiwoz24/dev_dials.json	5	DauntlessNexu_tebu/11200	meta-llama/Llama-3.2-1B-Instruct	schema	10	False	False	100	False	None	1738455410	data/d0t/dot_2	meta-llama/Llama-3.2-3B-Instruct	states	None	None	None	None	None	None	None	None	None	None	None
data/multiwoz24/dev_dials.json	5	FormidableCatoNeimoidia_tebu/5500	meta-llama/Llama-3.2-1B-Instruct	schema	10	False	False	100	False	None	1738455348	data/d0t/dot_2	meta-llama/Llama-3.2-3B-Instruct	states	None	None	None	None	None	None	None	None	None	None	None
data/multiwoz24/dev_dials.json	5	UntamedYlesia_tebu/10900	meta-llama/Llama-3.2-1B-Instruct	schema	10	False	False	100	False	None	1738455250	data/d0t/dot_2	meta-llama/Llama-3.2-3B-Instruct	states	None	None	None	None	None	None	None	None	None	None	None
data/multiwoz24/dev_dials.json	5	DauntlessNexu_tebu/10900	meta-llama/Llama-3.2-1B-Instruct	schema	10	False	False	100	False	None	1738455160	data/d0t/dot_2	meta-llama/Llama-3.2-3B-Instruct	states	None	None	None	None	None	None	None	None	None	None	None
data/multiwoz24/dev_dials.json	5	FormidableCatoNeimoidia_tebu/5200	meta-llama/Llama-3.2-1B-Instruct	schema	10	False	False	100	False	None	1738455120	data/d0t/dot_2	meta-llama/Llama-3.2-3B-Instruct	states	None	None	None	None	None	None	None	None	None	None	None
data/multiwoz24/dev_dials.json	5	UntamedYlesia_tebu/10600	meta-llama/Llama-3.2-1B-Instruct	schema	10	False	False	100	False	None	1738454999	data/d0t/dot_2	meta-llama/Llama-3.2-3B-Instruct	states	None	None	None	None	None	None	None	None	None	None	None
data/multiwoz24/dev_dials.json	5	DauntlessNexu_tebu/10600	meta-llama/Llama-3.2-1B-Instruct	schema	10	False	False	100	False	None	1738454923	data/d0t/dot_2	meta-llama/Llama-3.2-3B-Instruct	states	None	None	None	None	None	None	None	None	None	None	None
data/multiwoz24/dev_dials.json	5	FormidableCatoNeimoidia_tebu/4900	meta-llama/Llama-3.2-1B-Instruct	schema	10	False	False	100	False	None	1738454885	data/d0t/dot_2	meta-llama/Llama-3.2-3B-Instruct	states	None	None	None	None	None	None	None	None	None	None	None
data/multiwoz24/dev_dials.json	5	UntamedYlesia_tebu/10300	meta-llama/Llama-3.2-1B-Instruct	schema	10	False	False	100	False	None	1738454745	data/d0t/dot_2	meta-llama/Llama-3.2-3B-Instruct	states	None	None	None	None	None	None	None	None	None	None	None
data/multiwoz24/dev_dials.json	5	DauntlessNexu_tebu/10300	meta-llama/Llama-3.2-1B-Instruct	schema	10	False	False	100	False	None	1738454672	data/d0t/dot_2	meta-llama/Llama-3.2-3B-Instruct	states	None	None	None	None	None	None	None	None	None	None	None
data/multiwoz24/dev_dials.json	5	FormidableCatoNeimoidia_tebu/4600	meta-llama/Llama-3.2-1B-Instruct	schema	10	False	False	100	False	None	1738454646	data/d0t/dot_2	meta-llama/Llama-3.2-3B-Instruct	states	None	None	None	None	None	None	None	None	None	None	None
data/multiwoz24/dev_dials.json	5	UntamedYlesia_tebu/10000	meta-llama/Llama-3.2-1B-Instruct	schema	10	False	False	100	False	None	1738454492	data/d0t/dot_2	meta-llama/Llama-3.2-3B-Instruct	states	None	None	None	None	None	None	None	None	None	None	None
data/multiwoz24/dev_dials.json	5	DauntlessNexu_tebu/10000	meta-llama/Llama-3.2-1B-Instruct	schema	10	False	False	100	False	None	1738454427	data/d0t/dot_2	meta-llama/Llama-3.2-3B-Instruct	states	None	None	None	None	None	None	None	None	None	None	None
data/multiwoz24/dev_dials.json	5	FormidableCatoNeimoidia_tebu/4300	meta-llama/Llama-3.2-1B-Instruct	schema	10	False	False	100	False	None	1738454403	data/d0t/dot_2	meta-llama/Llama-3.2-3B-Instruct	states	None	None	None	None	None	None	None	None	None	None	None
data/multiwoz24/dev_dials.json	5	UntamedYlesia_tebu/9700	meta-llama/Llama-3.2-1B-Instruct	schema	10	False	False	100	False	None	1738454245	data/d0t/dot_2	meta-llama/Llama-3.2-3B-Instruct	states	None	None	None	None	None	None	None	None	None	None	None
data/multiwoz24/dev_dials.json	5	DauntlessNexu_tebu/9700	meta-llama/Llama-3.2-1B-Instruct	schema	10	False	False	100	False	None	1738454181	data/d0t/dot_2	meta-llama/Llama-3.2-3B-Instruct	states	None	None	None	None	None	None	None	None	None	None	None
data/multiwoz24/dev_dials.json	5	FormidableCatoNeimoidia_tebu/4000	meta-llama/Llama-3.2-1B-Instruct	schema	10	False	False	100	False	None	1738454154	data/d0t/dot_2	meta-llama/Llama-3.2-3B-Instruct	states	None	None	None	None	None	None	None	None	None	None	None
data/multiwoz24/dev_dials.json	5	UntamedYlesia_tebu/9400	meta-llama/Llama-3.2-1B-Instruct	schema	10	False	False	100	False	None	1738453992	data/d0t/dot_2	meta-llama/Llama-3.2-3B-Instruct	states	None	None	None	None	None	None	None	None	None	None	None
data/multiwoz24/dev_dials.json	5	DauntlessNexu_tebu/9400	meta-llama/Llama-3.2-1B-Instruct	schema	10	False	False	100	False	None	1738453937	data/d0t/dot_2	meta-llama/Llama-3.2-3B-Instruct	states	None	None	None	None	None	None	None	None	None	None	None
data/multiwoz24/dev_dials.json	5	FormidableCatoNeimoidia_tebu/3700	meta-llama/Llama-3.2-1B-Instruct	schema	10	False	False	100	False	None	1738453913	data/d0t/dot_2	meta-llama/Llama-3.2-3B-Instruct	states	None	None	None	None	None	None	None	None	None	None	None
data/multiwoz24/dev_dials.json	5	UntamedYlesia_tebu/9100	meta-llama/Llama-3.2-1B-Instruct	schema	10	False	False	100	False	None	1738453739	data/d0t/dot_2	meta-llama/Llama-3.2-3B-Instruct	states	None	None	None	None	None	None	None	None	None	None	None
data/multiwoz24/dev_dials.json	5	DauntlessNexu_tebu/9100	meta-llama/Llama-3.2-1B-Instruct	schema	10	False	False	100	False	None	1738453694	data/d0t/dot_2	meta-llama/Llama-3.2-3B-Instruct	states	None	None	None	None	None	None	None	None	None	None	None
data/multiwoz24/dev_dials.json	5	FormidableCatoNeimoidia_tebu/3400	meta-llama/Llama-3.2-1B-Instruct	schema	10	False	False	100	False	None	1738453674	data/d0t/dot_2	meta-llama/Llama-3.2-3B-Instruct	states	None	None	None	None	None	None	None	None	None	None	None
data/multiwoz24/dev_dials.json	5	UntamedYlesia_tebu/8800	meta-llama/Llama-3.2-1B-Instruct	schema	10	False	False	100	False	None	1738453484	data/d0t/dot_2	meta-llama/Llama-3.2-3B-Instruct	states	None	None	None	None	None	None	None	None	None	None	None
data/multiwoz24/dev_dials.json	5	DauntlessNexu_tebu/8800	meta-llama/Llama-3.2-1B-Instruct	schema	10	False	False	100	False	None	1738453449	data/d0t/dot_2	meta-llama/Llama-3.2-3B-Instruct	states	None	None	None	None	None	None	None	None	None	None	None
data/multiwoz24/dev_dials.json	5	FormidableCatoNeimoidia_tebu/3100	meta-llama/Llama-3.2-1B-Instruct	schema	10	False	False	100	False	None	1738453435	data/d0t/dot_2	meta-llama/Llama-3.2-3B-Instruct	states	None	None	None	None	None	None	None	None	None	None	None
data/multiwoz24/dev_dials.json	5	UntamedYlesia_tebu/8500	meta-llama/Llama-3.2-1B-Instruct	schema	10	False	False	100	False	None	1738453233	data/d0t/dot_2	meta-llama/Llama-3.2-3B-Instruct	states	None	None	None	None	None	None	None	None	None	None	None
data/multiwoz24/dev_dials.json	5	DauntlessNexu_tebu/8500	meta-llama/Llama-3.2-1B-Instruct	schema	10	False	False	100	False	None	1738453204	data/d0t/dot_2	meta-llama/Llama-3.2-3B-Instruct	states	None	None	None	None	None	None	None	None	None	None	None
data/multiwoz24/dev_dials.json	5	FormidableCatoNeimoidia_tebu/2800	meta-llama/Llama-3.2-1B-Instruct	schema	10	False	False	100	False	None	1738453191	data/d0t/dot_2	meta-llama/Llama-3.2-3B-Instruct	states	None	None	None	None	None	None	None	None	None	None	None
data/multiwoz24/dev_dials.json	5	UntamedYlesia_tebu/8200	meta-llama/Llama-3.2-1B-Instruct	schema	10	False	False	100	False	None	1738452985	data/d0t/dot_2	meta-llama/Llama-3.2-3B-Instruct	states	None	None	None	None	None	None	None	None	None	None	None
data/multiwoz24/dev_dials.json	5	DauntlessNexu_tebu/8200	meta-llama/Llama-3.2-1B-Instruct	schema	10	False	False	100	False	None	1738452954	data/d0t/dot_2	meta-llama/Llama-3.2-3B-Instruct	states	None	None	None	None	None	None	None	None	None	None	None
data/multiwoz24/dev_dials.json	5	FormidableCatoNeimoidia_tebu/2500	meta-llama/Llama-3.2-1B-Instruct	schema	10	False	False	100	False	None	1738452944	data/d0t/dot_2	meta-llama/Llama-3.2-3B-Instruct	states	None	None	None	None	None	None	None	None	None	None	None
data/multiwoz24/dev_dials.json	5	UntamedYlesia_tebu/7900	meta-llama/Llama-3.2-1B-Instruct	schema	10	False	False	100	False	None	1738452742	data/d0t/dot_2	meta-llama/Llama-3.2-3B-Instruct	states	None	None	None	None	None	None	None	None	None	None	None
data/multiwoz24/dev_dials.json	5	FormidableCatoNeimoidia_tebu/2200	meta-llama/Llama-3.2-1B-Instruct	schema	10	False	False	100	False	None	1738452717	data/d0t/dot_2	meta-llama/Llama-3.2-3B-Instruct	states	None	None	None	None	None	None	None	None	None	None	None
data/multiwoz24/dev_dials.json	5	DauntlessNexu_tebu/7900	meta-llama/Llama-3.2-1B-Instruct	schema	10	False	False	100	False	None	1738452703	data/d0t/dot_2	meta-llama/Llama-3.2-3B-Instruct	states	None	None	None	None	None	None	None	None	None	None	None
data/multiwoz24/dev_dials.json	5	UntamedYlesia_tebu/7600	meta-llama/Llama-3.2-1B-Instruct	schema	10	False	False	100	False	None	1738452496	data/d0t/dot_2	meta-llama/Llama-3.2-3B-Instruct	states	None	None	None	None	None	None	None	None	None	None	None
data/multiwoz24/dev_dials.json	5	FormidableCatoNeimoidia_tebu/1900	meta-llama/Llama-3.2-1B-Instruct	schema	10	False	False	100	False	None	1738452471	data/d0t/dot_2	meta-llama/Llama-3.2-3B-Instruct	states	None	None	None	None	None	None	None	None	None	None	None
data/multiwoz24/dev_dials.json	5	DauntlessNexu_tebu/7600	meta-llama/Llama-3.2-1B-Instruct	schema	10	False	False	100	False	None	1738452454	data/d0t/dot_2	meta-llama/Llama-3.2-3B-Instruct	states	None	None	None	None	None	None	None	None	None	None	None
data/multiwoz24/dev_dials.json	5	UntamedYlesia_tebu/7300	meta-llama/Llama-3.2-1B-Instruct	schema	10	False	False	100	False	None	1738452245	data/d0t/dot_2	meta-llama/Llama-3.2-3B-Instruct	states	None	None	None	None	None	None	None	None	None	None	None
data/multiwoz24/dev_dials.json	5	FormidableCatoNeimoidia_tebu/1600	meta-llama/Llama-3.2-1B-Instruct	schema	10	False	False	100	False	None	1738452231	data/d0t/dot_2	meta-llama/Llama-3.2-3B-Instruct	states	None	None	None	None	None	None	None	None	None	None	None
data/multiwoz24/dev_dials.json	5	DauntlessNexu_tebu/7300	meta-llama/Llama-3.2-1B-Instruct	schema	10	False	False	100	False	None	1738452203	data/d0t/dot_2	meta-llama/Llama-3.2-3B-Instruct	states	None	None	None	None	None	None	None	None	None	None	None
data/multiwoz24/dev_dials.json	5	UntamedYlesia_tebu/7000	meta-llama/Llama-3.2-1B-Instruct	schema	10	False	False	100	False	None	1738451996	data/d0t/dot_2	meta-llama/Llama-3.2-3B-Instruct	states	None	None	None	None	None	None	None	None	None	None	None
data/multiwoz24/dev_dials.json	5	FormidableCatoNeimoidia_tebu/1300	meta-llama/Llama-3.2-1B-Instruct	schema	10	False	False	100	False	None	1738451990	data/d0t/dot_2	meta-llama/Llama-3.2-3B-Instruct	states	None	None	None	None	None	None	None	None	None	None	None
data/multiwoz24/dev_dials.json	5	DauntlessNexu_tebu/7000	meta-llama/Llama-3.2-1B-Instruct	schema	10	False	False	100	False	None	1738451961	data/d0t/dot_2	meta-llama/Llama-3.2-3B-Instruct	states	None	None	None	None	None	None	None	None	None	None	None
data/multiwoz24/dev_dials.json	5	FormidableCatoNeimoidia_tebu/1000	meta-llama/Llama-3.2-1B-Instruct	schema	10	False	False	100	False	None	1738451752	data/d0t/dot_2	meta-llama/Llama-3.2-3B-Instruct	states	None	None	None	None	None	None	None	None	None	None	None
data/multiwoz24/dev_dials.json	5	UntamedYlesia_tebu/6700	meta-llama/Llama-3.2-1B-Instruct	schema	10	False	False	100	False	None	1738451743	data/d0t/dot_2	meta-llama/Llama-3.2-3B-Instruct	states	None	None	None	None	None	None	None	None	None	None	None
data/multiwoz24/dev_dials.json	5	DauntlessNexu_tebu/6700	meta-llama/Llama-3.2-1B-Instruct	schema	10	False	False	100	False	None	1738451713	data/d0t/dot_2	meta-llama/Llama-3.2-3B-Instruct	states	None	None	None	None	None	None	None	None	None	None	None
data/multiwoz24/dev_dials.json	5	FormidableCatoNeimoidia_tebu/900	meta-llama/Llama-3.2-1B-Instruct	schema	10	False	False	100	False	None	1738451650	data/d0t/dot_2	meta-llama/Llama-3.2-3B-Instruct	states	None	None	None	None	None	None	None	None	None	None	None
data/multiwoz24/dev_dials.json	5	FormidableCatoNeimoidia_tebu/800	meta-llama/Llama-3.2-1B-Instruct	schema	10	False	False	100	False	None	1738451553	data/d0t/dot_2	meta-llama/Llama-3.2-3B-Instruct	states	None	None	None	None	None	None	None	None	None	None	None
data/multiwoz24/dev_dials.json	5	UntamedYlesia_tebu/6400	meta-llama/Llama-3.2-1B-Instruct	schema	10	False	False	100	False	None	1738451493	data/d0t/dot_2	meta-llama/Llama-3.2-3B-Instruct	states	None	None	None	None	None	None	None	None	None	None	None
data/multiwoz24/dev_dials.json	5	DauntlessNexu_tebu/6400	meta-llama/Llama-3.2-1B-Instruct	schema	10	False	False	100	False	None	1738451472	data/d0t/dot_2	meta-llama/Llama-3.2-3B-Instruct	states	None	None	None	None	None	None	None	None	None	None	None
data/multiwoz24/dev_dials.json	5	FormidableCatoNeimoidia_tebu/700	meta-llama/Llama-3.2-1B-Instruct	schema	10	False	False	100	False	None	1738451441	data/d0t/dot_2	meta-llama/Llama-3.2-3B-Instruct	states	None	None	None	None	None	None	None	None	None	None	None
data/multiwoz24/dev_dials.json	5	FormidableCatoNeimoidia_tebu/600	meta-llama/Llama-3.2-1B-Instruct	schema	10	False	False	100	False	None	1738451332	data/d0t/dot_2	meta-llama/Llama-3.2-3B-Instruct	states	None	None	None	None	None	None	None	None	None	None	None
data/multiwoz24/dev_dials.json	5	UntamedYlesia_tebu/6100	meta-llama/Llama-3.2-1B-Instruct	schema	10	False	False	100	False	None	1738451243	data/d0t/dot_2	meta-llama/Llama-3.2-3B-Instruct	states	None	None	None	None	None	None	None	None	None	None	None
data/multiwoz24/dev_dials.json	5	FormidableCatoNeimoidia_tebu/500	meta-llama/Llama-3.2-1B-Instruct	schema	10	False	False	100	False	None	1738451235	data/d0t/dot_2	meta-llama/Llama-3.2-3B-Instruct	states	None	None	None	None	None	None	None	None	None	None	None
data/multiwoz24/dev_dials.json	5	DauntlessNexu_tebu/6100	meta-llama/Llama-3.2-1B-Instruct	schema	10	False	False	100	False	None	1738451228	data/d0t/dot_2	meta-llama/Llama-3.2-3B-Instruct	states	None	None	None	None	None	None	None	None	None	None	None
data/multiwoz24/dev_dials.json	5	FormidableCatoNeimoidia_tebu/400	meta-llama/Llama-3.2-1B-Instruct	schema	10	False	False	100	False	None	1738451145	data/d0t/dot_2	meta-llama/Llama-3.2-3B-Instruct	states	None	None	None	None	None	None	None	None	None	None	None
data/multiwoz24/dev_dials.json	5	FormidableCatoNeimoidia_tebu/300	meta-llama/Llama-3.2-1B-Instruct	schema	10	False	False	100	False	None	1738451042	data/d0t/dot_2	meta-llama/Llama-3.2-3B-Instruct	states	None	None	None	None	None	None	None	None	None	None	None
data/multiwoz24/dev_dials.json	5	UntamedYlesia_tebu/5800	meta-llama/Llama-3.2-1B-Instruct	schema	10	False	False	100	False	None	1738450987	data/d0t/dot_2	meta-llama/Llama-3.2-3B-Instruct	states	None	None	None	None	None	None	None	None	None	None	None
data/multiwoz24/dev_dials.json	5	DauntlessNexu_tebu/5800	meta-llama/Llama-3.2-1B-Instruct	schema	10	False	False	100	False	None	1738450985	data/d0t/dot_2	meta-llama/Llama-3.2-3B-Instruct	states	None	None	None	None	None	None	None	None	None	None	None
data/multiwoz24/dev_dials.json	5	FormidableCatoNeimoidia_tebu/250	meta-llama/Llama-3.2-1B-Instruct	schema	10	False	False	100	False	None	1738450969	data/d0t/dot_2	meta-llama/Llama-3.2-3B-Instruct	states	None	None	None	None	None	None	None	None	None	None	None
data/multiwoz24/dev_dials.json	5	FormidableCatoNeimoidia_tebu/200	meta-llama/Llama-3.2-1B-Instruct	schema	10	False	False	100	False	None	1738450901	data/d0t/dot_2	meta-llama/Llama-3.2-3B-Instruct	states	None	None	None	None	None	None	None	None	None	None	None
data/multiwoz24/dev_dials.json	5	FormidableCatoNeimoidia_tebu/150	meta-llama/Llama-3.2-1B-Instruct	schema	10	False	False	100	False	None	1738450821	data/d0t/dot_2	meta-llama/Llama-3.2-3B-Instruct	states	None	None	None	None	None	None	None	None	None	None	None
data/multiwoz24/dev_dials.json	5	FormidableCatoNeimoidia_tebu/100	meta-llama/Llama-3.2-1B-Instruct	schema	10	False	False	100	False	None	1738450752	data/d0t/dot_2	meta-llama/Llama-3.2-3B-Instruct	states	None	None	None	None	None	None	None	None	None	None	None
data/multiwoz24/dev_dials.json	5	UntamedYlesia_tebu/5500	meta-llama/Llama-3.2-1B-Instruct	schema	10	False	False	100	False	None	1738450741	data/d0t/dot_2	meta-llama/Llama-3.2-3B-Instruct	states	None	None	None	None	None	None	None	None	None	None	None
data/multiwoz24/dev_dials.json	5	DauntlessNexu_tebu/5500	meta-llama/Llama-3.2-1B-Instruct	schema	10	False	False	100	False	None	1738450738	data/d0t/dot_2	meta-llama/Llama-3.2-3B-Instruct	states	None	None	None	None	None	None	None	None	None	None	None
data/multiwoz24/dev_dials.json	5	FormidableCatoNeimoidia_tebu/75	meta-llama/Llama-3.2-1B-Instruct	schema	10	False	False	100	False	None	1738450691	data/d0t/dot_2	meta-llama/Llama-3.2-3B-Instruct	states	None	None	None	None	None	None	None	None	None	None	None
data/multiwoz24/dev_dials.json	5	FormidableCatoNeimoidia_tebu/50	meta-llama/Llama-3.2-1B-Instruct	schema	10	False	False	100	False	None	1738450633	data/d0t/dot_2	meta-llama/Llama-3.2-3B-Instruct	states	None	None	None	None	None	None	None	None	None	None	None
data/multiwoz24/dev_dials.json	5	FormidableCatoNeimoidia_tebu/25	meta-llama/Llama-3.2-1B-Instruct	schema	10	False	False	100	False	None	1738450572	data/d0t/dot_2	meta-llama/Llama-3.2-3B-Instruct	states	None	None	None	None	None	None	None	None	None	None	None
data/multiwoz24/dev_dials.json	5	UntamedYlesia_tebu/5200	meta-llama/Llama-3.2-1B-Instruct	schema	10	False	False	100	False	None	1738450503	data/d0t/dot_2	meta-llama/Llama-3.2-3B-Instruct	states	None	None	None	None	None	None	None	None	None	None	None
data/multiwoz24/dev_dials.json	5	DauntlessNexu_tebu/5200	meta-llama/Llama-3.2-1B-Instruct	schema	10	False	False	100	False	None	1738450490	data/d0t/dot_2	meta-llama/Llama-3.2-3B-Instruct	states	None	None	None	None	None	None	None	None	None	None	None
data/multiwoz24/dev_dials.json	5	DauntlessNexu_tebu/4900	meta-llama/Llama-3.2-1B-Instruct	schema	10	False	False	100	False	None	1738450258	data/d0t/dot_2	meta-llama/Llama-3.2-3B-Instruct	states	None	None	None	None	None	None	None	None	None	None	None
data/multiwoz24/dev_dials.json	5	UntamedYlesia_tebu/4900	meta-llama/Llama-3.2-1B-Instruct	schema	10	False	False	100	False	None	1738450255	data/d0t/dot_2	meta-llama/Llama-3.2-3B-Instruct	states	None	None	None	None	None	None	None	None	None	None	None
data/multiwoz24/dev_dials.json	5	DauntlessNexu_tebu/4600	meta-llama/Llama-3.2-1B-Instruct	schema	10	False	False	100	False	None	1738450022	data/d0t/dot_2	meta-llama/Llama-3.2-3B-Instruct	states	None	None	None	None	None	None	None	None	None	None	None
data/multiwoz24/dev_dials.json	5	UntamedYlesia_tebu/4600	meta-llama/Llama-3.2-1B-Instruct	schema	10	False	False	100	False	None	1738450005	data/d0t/dot_2	meta-llama/Llama-3.2-3B-Instruct	states	None	None	None	None	None	None	None	None	None	None	None
data/multiwoz24/dev_dials.json	5	DauntlessNexu_tebu/4300	meta-llama/Llama-3.2-1B-Instruct	schema	10	False	False	100	False	None	1738449777	data/d0t/dot_2	meta-llama/Llama-3.2-3B-Instruct	states	None	None	None	None	None	None	None	None	None	None	None
data/multiwoz24/dev_dials.json	5	UntamedYlesia_tebu/4300	meta-llama/Llama-3.2-1B-Instruct	schema	10	False	False	100	False	None	1738449755	data/d0t/dot_2	meta-llama/Llama-3.2-3B-Instruct	states	None	None	None	None	None	None	None	None	None	None	None
data/multiwoz24/dev_dials.json	5	DauntlessNexu_tebu/4000	meta-llama/Llama-3.2-1B-Instruct	schema	10	False	False	100	False	None	1738449537	data/d0t/dot_2	meta-llama/Llama-3.2-3B-Instruct	states	None	None	None	None	None	None	None	None	None	None	None
data/multiwoz24/dev_dials.json	5	UntamedYlesia_tebu/4000	meta-llama/Llama-3.2-1B-Instruct	schema	10	False	False	100	False	None	1738449505	data/d0t/dot_2	meta-llama/Llama-3.2-3B-Instruct	states	None	None	None	None	None	None	None	None	None	None	None
data/multiwoz24/dev_dials.json	5	DauntlessNexu_tebu/3700	meta-llama/Llama-3.2-1B-Instruct	schema	10	False	False	100	False	None	1738449293	data/d0t/dot_2	meta-llama/Llama-3.2-3B-Instruct	states	None	None	None	None	None	None	None	None	None	None	None
data/multiwoz24/dev_dials.json	5	UntamedYlesia_tebu/3700	meta-llama/Llama-3.2-1B-Instruct	schema	10	False	False	100	False	None	1738449252	data/d0t/dot_2	meta-llama/Llama-3.2-3B-Instruct	states	None	None	None	None	None	None	None	None	None	None	None
data/multiwoz24/dev_dials.json	5	DauntlessNexu_tebu/3400	meta-llama/Llama-3.2-1B-Instruct	schema	10	False	False	100	False	None	1738449052	data/d0t/dot_2	meta-llama/Llama-3.2-3B-Instruct	states	None	None	None	None	None	None	None	None	None	None	None
data/multiwoz24/dev_dials.json	5	UntamedYlesia_tebu/3400	meta-llama/Llama-3.2-1B-Instruct	schema	10	False	False	100	False	None	1738449001	data/d0t/dot_2	meta-llama/Llama-3.2-3B-Instruct	states	None	None	None	None	None	None	None	None	None	None	None
data/multiwoz24/dev_dials.json	5	DauntlessNexu_tebu/3100	meta-llama/Llama-3.2-1B-Instruct	schema	10	False	False	100	False	None	1738448817	data/d0t/dot_2	meta-llama/Llama-3.2-3B-Instruct	states	None	None	None	None	None	None	None	None	None	None	None
data/multiwoz24/dev_dials.json	5	UntamedYlesia_tebu/3100	meta-llama/Llama-3.2-1B-Instruct	schema	10	False	False	100	False	None	1738448751	data/d0t/dot_2	meta-llama/Llama-3.2-3B-Instruct	states	None	None	None	None	None	None	None	None	None	None	None
data/multiwoz24/dev_dials.json	5	DauntlessNexu_tebu/2800	meta-llama/Llama-3.2-1B-Instruct	schema	10	False	False	100	False	None	1738448577	data/d0t/dot_2	meta-llama/Llama-3.2-3B-Instruct	states	None	None	None	None	None	None	None	None	None	None	None
data/multiwoz24/dev_dials.json	5	UntamedYlesia_tebu/2800	meta-llama/Llama-3.2-1B-Instruct	schema	10	False	False	100	False	None	1738448500	data/d0t/dot_2	meta-llama/Llama-3.2-3B-Instruct	states	None	None	None	None	None	None	None	None	None	None	None
data/multiwoz24/dev_dials.json	5	DauntlessNexu_tebu/2500	meta-llama/Llama-3.2-1B-Instruct	schema	10	False	False	100	False	None	1738448332	data/d0t/dot_2	meta-llama/Llama-3.2-3B-Instruct	states	None	None	None	None	None	None	None	None	None	None	None
data/multiwoz24/dev_dials.json	5	UntamedYlesia_tebu/2500	meta-llama/Llama-3.2-1B-Instruct	schema	10	False	False	100	False	None	1738448253	data/d0t/dot_2	meta-llama/Llama-3.2-3B-Instruct	states	None	None	None	None	None	None	None	None	None	None	None
data/multiwoz24/dev_dials.json	5	DauntlessNexu_tebu/2200	meta-llama/Llama-3.2-1B-Instruct	schema	10	False	False	100	False	None	1738448085	data/d0t/dot_2	meta-llama/Llama-3.2-3B-Instruct	states	None	None	None	None	None	None	None	None	None	None	None
data/multiwoz24/dev_dials.json	5	UntamedYlesia_tebu/2200	meta-llama/Llama-3.2-1B-Instruct	schema	10	False	False	100	False	None	1738448002	data/d0t/dot_2	meta-llama/Llama-3.2-3B-Instruct	states	None	None	None	None	None	None	None	None	None	None	None
data/multiwoz24/dev_dials.json	5	DauntlessNexu_tebu/1900	meta-llama/Llama-3.2-1B-Instruct	schema	10	False	False	100	False	None	1738447839	data/d0t/dot_2	meta-llama/Llama-3.2-3B-Instruct	states	None	None	None	None	None	None	None	None	None	None	None
data/multiwoz24/dev_dials.json	5	UntamedYlesia_tebu/1900	meta-llama/Llama-3.2-1B-Instruct	schema	10	False	False	100	False	None	1738447755	data/d0t/dot_2	meta-llama/Llama-3.2-3B-Instruct	states	None	None	None	None	None	None	None	None	None	None	None
data/multiwoz24/dev_dials.json	5	DauntlessNexu_tebu/1600	meta-llama/Llama-3.2-1B-Instruct	schema	10	False	False	100	False	None	1738447596	data/d0t/dot_2	meta-llama/Llama-3.2-3B-Instruct	states	None	None	None	None	None	None	None	None	None	None	None
data/multiwoz24/dev_dials.json	5	UntamedYlesia_tebu/1600	meta-llama/Llama-3.2-1B-Instruct	schema	10	False	False	100	False	None	1738447508	data/d0t/dot_2	meta-llama/Llama-3.2-3B-Instruct	states	None	None	None	None	None	None	None	None	None	None	None
data/multiwoz24/dev_dials.json	5	DauntlessNexu_tebu/1300	meta-llama/Llama-3.2-1B-Instruct	schema	10	False	False	100	False	None	1738447349	data/d0t/dot_2	meta-llama/Llama-3.2-3B-Instruct	states	None	None	None	None	None	None	None	None	None	None	None
data/multiwoz24/dev_dials.json	5	UntamedYlesia_tebu/1300	meta-llama/Llama-3.2-1B-Instruct	schema	10	False	False	100	False	None	1738447256	data/d0t/dot_2	meta-llama/Llama-3.2-3B-Instruct	states	None	None	None	None	None	None	None	None	None	None	None
data/multiwoz24/dev_dials.json	5	DauntlessNexu_tebu/1000	meta-llama/Llama-3.2-1B-Instruct	schema	10	False	False	100	False	None	1738447105	data/d0t/dot_2	meta-llama/Llama-3.2-3B-Instruct	states	None	None	None	None	None	None	None	None	None	None	None
data/multiwoz24/dev_dials.json	5	UntamedYlesia_tebu/1000	meta-llama/Llama-3.2-1B-Instruct	schema	10	False	False	100	False	None	1738447005	data/d0t/dot_2	meta-llama/Llama-3.2-3B-Instruct	states	None	None	None	None	None	None	None	None	None	None	None
data/multiwoz24/dev_dials.json	5	DauntlessNexu_tebu/900	meta-llama/Llama-3.2-1B-Instruct	schema	10	False	False	100	False	None	1738446992	data/d0t/dot_2	meta-llama/Llama-3.2-3B-Instruct	states	None	None	None	None	None	None	None	None	None	None	None
data/multiwoz24/dev_dials.json	5	UntamedYlesia_tebu/900	meta-llama/Llama-3.2-1B-Instruct	schema	10	False	False	100	False	None	1738446891	data/d0t/dot_2	meta-llama/Llama-3.2-3B-Instruct	states	None	None	None	None	None	None	None	None	None	None	None
data/multiwoz24/dev_dials.json	5	DauntlessNexu_tebu/800	meta-llama/Llama-3.2-1B-Instruct	schema	10	False	False	100	False	None	1738446880	data/d0t/dot_2	meta-llama/Llama-3.2-3B-Instruct	states	None	None	None	None	None	None	None	None	None	None	None
data/multiwoz24/dev_dials.json	5	UntamedYlesia_tebu/800	meta-llama/Llama-3.2-1B-Instruct	schema	10	False	False	100	False	None	1738446782	data/d0t/dot_2	meta-llama/Llama-3.2-3B-Instruct	states	None	None	None	None	None	None	None	None	None	None	None
data/multiwoz24/dev_dials.json	5	DauntlessNexu_tebu/700	meta-llama/Llama-3.2-1B-Instruct	schema	10	False	False	100	False	None	1738446769	data/d0t/dot_2	meta-llama/Llama-3.2-3B-Instruct	states	None	None	None	None	None	None	None	None	None	None	None
data/multiwoz24/dev_dials.json	5	UntamedYlesia_tebu/700	meta-llama/Llama-3.2-1B-Instruct	schema	10	False	False	100	False	None	1738446668	data/d0t/dot_2	meta-llama/Llama-3.2-3B-Instruct	states	None	None	None	None	None	None	None	None	None	None	None
data/multiwoz24/dev_dials.json	5	DauntlessNexu_tebu/600	meta-llama/Llama-3.2-1B-Instruct	schema	10	False	False	100	False	None	1738446659	data/d0t/dot_2	meta-llama/Llama-3.2-3B-Instruct	states	None	None	None	None	None	None	None	None	None	None	None
data/multiwoz24/dev_dials.json	5	UntamedYlesia_tebu/600	meta-llama/Llama-3.2-1B-Instruct	schema	10	False	False	100	False	None	1738446555	data/d0t/dot_2	meta-llama/Llama-3.2-3B-Instruct	states	None	None	None	None	None	None	None	None	None	None	None
data/multiwoz24/dev_dials.json	5	DauntlessNexu_tebu/500	meta-llama/Llama-3.2-1B-Instruct	schema	10	False	False	100	False	None	1738446546	data/d0t/dot_2	meta-llama/Llama-3.2-3B-Instruct	states	None	None	None	None	None	None	None	None	None	None	None
data/multiwoz24/dev_dials.json	5	UntamedYlesia_tebu/500	meta-llama/Llama-3.2-1B-Instruct	schema	10	False	False	100	False	None	1738446440	data/d0t/dot_2	meta-llama/Llama-3.2-3B-Instruct	states	None	None	None	None	None	None	None	None	None	None	None
data/multiwoz24/dev_dials.json	5	DauntlessNexu_tebu/400	meta-llama/Llama-3.2-1B-Instruct	schema	10	False	False	100	False	None	1738446434	data/d0t/dot_2	meta-llama/Llama-3.2-3B-Instruct	states	None	None	None	None	None	None	None	None	None	None	None
data/multiwoz24/dev_dials.json	5	UntamedYlesia_tebu/400	meta-llama/Llama-3.2-1B-Instruct	schema	10	False	False	100	False	None	1738446333	data/d0t/dot_2	meta-llama/Llama-3.2-3B-Instruct	states	None	None	None	None	None	None	None	None	None	None	None
data/multiwoz24/dev_dials.json	5	DauntlessNexu_tebu/300	meta-llama/Llama-3.2-1B-Instruct	schema	10	False	False	100	False	None	1738446323	data/d0t/dot_2	meta-llama/Llama-3.2-3B-Instruct	states	None	None	None	None	None	None	None	None	None	None	None
data/multiwoz24/dev_dials.json	5	DauntlessNexu_tebu/250	meta-llama/Llama-3.2-1B-Instruct	schema	10	False	False	100	False	None	1738446245	data/d0t/dot_2	meta-llama/Llama-3.2-3B-Instruct	states	None	None	None	None	None	None	None	None	None	None	None
data/multiwoz24/dev_dials.json	5	UntamedYlesia_tebu/300	meta-llama/Llama-3.2-1B-Instruct	schema	10	False	False	100	False	None	1738446220	data/d0t/dot_2	meta-llama/Llama-3.2-3B-Instruct	states	None	None	None	None	None	None	None	None	None	None	None
data/multiwoz24/dev_dials.json	5	DauntlessNexu_tebu/200	meta-llama/Llama-3.2-1B-Instruct	schema	10	False	False	100	False	None	1738446167	data/d0t/dot_2	meta-llama/Llama-3.2-3B-Instruct	states	None	None	None	None	None	None	None	None	None	None	None
data/multiwoz24/dev_dials.json	5	UntamedYlesia_tebu/250	meta-llama/Llama-3.2-1B-Instruct	schema	10	False	False	100	False	None	1738446148	data/d0t/dot_2	meta-llama/Llama-3.2-3B-Instruct	states	None	None	None	None	None	None	None	None	None	None	None
data/multiwoz24/dev_dials.json	5	DauntlessNexu_tebu/150	meta-llama/Llama-3.2-1B-Instruct	schema	10	False	False	100	False	None	1738446088	data/d0t/dot_2	meta-llama/Llama-3.2-3B-Instruct	states	None	None	None	None	None	None	None	None	None	None	None
data/multiwoz24/dev_dials.json	5	UntamedYlesia_tebu/200	meta-llama/Llama-3.2-1B-Instruct	schema	10	False	False	100	False	None	1738446083	data/d0t/dot_2	meta-llama/Llama-3.2-3B-Instruct	states	None	None	None	None	None	None	None	None	None	None	None
data/multiwoz24/dev_dials.json	5	UntamedYlesia_tebu/150	meta-llama/Llama-3.2-1B-Instruct	schema	10	False	False	100	False	None	1738446026	data/d0t/dot_2	meta-llama/Llama-3.2-3B-Instruct	states	None	None	None	None	None	None	None	None	None	None	None
data/multiwoz24/dev_dials.json	5	DauntlessNexu_tebu/100	meta-llama/Llama-3.2-1B-Instruct	schema	10	False	False	100	False	None	1738446010	data/d0t/dot_2	meta-llama/Llama-3.2-3B-Instruct	states	None	None	None	None	None	None	None	None	None	None	None
data/multiwoz24/dev_dials.json	5	UntamedYlesia_tebu/100	meta-llama/Llama-3.2-1B-Instruct	schema	10	False	False	100	False	None	1738445976	data/d0t/dot_2	meta-llama/Llama-3.2-3B-Instruct	states	None	None	None	None	None	None	None	None	None	None	None
data/multiwoz24/dev_dials.json	5	DauntlessNexu_tebu/75	meta-llama/Llama-3.2-1B-Instruct	schema	10	False	False	100	False	None	1738445958	data/d0t/dot_2	meta-llama/Llama-3.2-3B-Instruct	states	None	None	None	None	None	None	None	None	None	None	None
data/multiwoz24/dev_dials.json	5	UntamedYlesia_tebu/75	meta-llama/Llama-3.2-1B-Instruct	schema	10	False	False	100	False	None	1738445941	data/d0t/dot_2	meta-llama/Llama-3.2-3B-Instruct	states	None	None	None	None	None	None	None	None	None	None	None
data/multiwoz24/dev_dials.json	5	DauntlessNexu_tebu/50	meta-llama/Llama-3.2-1B-Instruct	schema	10	False	False	100	False	None	1738445916	data/d0t/dot_2	meta-llama/Llama-3.2-3B-Instruct	states	None	None	None	None	None	None	None	None	None	None	None
data/multiwoz24/dev_dials.json	5	UntamedYlesia_tebu/50	meta-llama/Llama-3.2-1B-Instruct	schema	10	False	False	100	False	None	1738445907	data/d0t/dot_2	meta-llama/Llama-3.2-3B-Instruct	states	None	None	None	None	None	None	None	None	None	None	None
data/multiwoz24/dev_dials.json	5	DauntlessNexu_tebu/25	meta-llama/Llama-3.2-1B-Instruct	schema	10	False	False	100	False	None	1738445887	data/d0t/dot_2	meta-llama/Llama-3.2-3B-Instruct	states	None	None	None	None	None	None	None	None	None	None	None
data/multiwoz24/dev_dials.json	5	UntamedYlesia_tebu/25	meta-llama/Llama-3.2-1B-Instruct	schema	10	False	False	100	False	None	1738445880	data/d0t/dot_2	meta-llama/Llama-3.2-3B-Instruct	states	None	None	None	None	None	None	None	None	None	None	None